Year,Semester,World region,Country,Administrative Division,Disease,Serotype/Subtype/Genotype,Animal Category,Event_id,Species,Outbreak_id,New outbreaks,Susceptible,Measuring units,Cases,Killed and disposed of,Slaughtered,Deaths,Vaccinated,dis,Cases__str,Deaths__str,Killed and disposed of__str,New outbreaks__str,Slaughtered__str,Susceptible__str,Vaccinated__str,Outbreaks,Killed_disposed,rowtype,Semester_half,AdminDiv_raw,State_Clean,Geo_cleaning_action,AdminDiv
2006,Jan-Jun 2006,Africa,Nigeria,Anambra,High pathogenicity avian influenza viruses (Inf. with) (poultry),H5N1,Both animal categories,-,,-,1,,-,,-,,,,HPAI,-,-,-,1,-,-,-,1.0,,outbreak_row_BOTH,Jan-Jun,Anambra,Anambra,Unchanged (already a state-level value),Anambra
2006,Jan-Jun 2006,Africa,Nigeria,Anambra,High pathogenicity avian influenza viruses (Inf. with) (poultry),H5N1,Domestic,-,Birds,-,-,500.0,Animal,,-,,353.0,,HPAI,-,353,-,-,-,500,-,,,animal_record,Jan-Jun,Anambra,Anambra,Unchanged (already a state-level value),Anambra
2006,Jan-Jun 2006,Africa,Nigeria,Bauchi,High pathogenicity avian influenza viruses (Inf. with) (poultry),H5N1,Both animal categories,-,,-,11,,-,,-,,,,HPAI,-,-,-,11,-,-,-,11.0,,outbreak_row_BOTH,Jan-Jun,Bauchi,Bauchi,Unchanged (already a state-level value),Bauchi
2006,Jan-Jun 2006,Africa,Nigeria,Bauchi,High pathogenicity avian influenza viruses (Inf. with) (poultry),H5N1,Domestic,-,Birds,-,-,19475.0,Animal,193.0,98941,0.0,62941.0,0.0,HPAI,193,62941,98941,-,0,19475,0,,98941.0,animal_record,Jan-Jun,Bauchi,Bauchi,Unchanged (already a state-level value),Bauchi
2006,Jan-Jun 2006,Africa,Nigeria,Benue,High pathogenicity avian influenza viruses (Inf. with) (poultry),H5N1,Both animal categories,-,,-,1,,-,,-,,,,HPAI,-,-,-,1,-,-,-,1.0,,outbreak_row_BOTH,Jan-Jun,Benue,Benue,Unchanged (already a state-level value),Benue
2006,Jan-Jun 2006,Africa,Nigeria,Benue,High pathogenicity avian influenza viruses (Inf. with) (poultry),H5N1,Domestic,-,Birds,-,-,600.0,Animal,,-,,594.0,,HPAI,-,594,-,-,-,600,-,,,animal_record,Jan-Jun,Benue,Benue,Unchanged (already a state-level value),Benue
2006,Jan-Jun 2006,Africa,Nigeria,Borno,High pathogenicity avian influenza viruses (Inf. with) (poultry),H5N1,Both animal categories,-,,-,1,,-,,-,,,,HPAI,-,-,-,1,-,-,-,1.0,,outbreak_row_BOTH,Jan-Jun,Borno,Borno,Unchanged (already a state-level value),Borno
2006,Jan-Jun 2006,Africa,Nigeria,Borno,High pathogenicity avian influenza viruses (Inf. with) (poultry),H5N1,Domestic,-,Birds,-,-,36.0,Animal,36.0,16,0.0,20.0,0.0,HPAI,36,20,16,-,0,36,0,,16.0,animal_record,Jan-Jun,Borno,Borno,Unchanged (already a state-level value),Borno
2006,Jan-Jun 2006,Africa,Nigeria,Federal Capital Territory,High pathogenicity avian influenza viruses (Inf. with) (poultry),H5N1,Both animal categories,-,,-,4,,-,,-,,,,HPAI,-,-,-,4,-,-,-,4.0,,outbreak_row_BOTH,Jan-Jun,Federal Capital Territory,Federal Capital Territory,Unchanged (already a state-level value),Federal Capital Territory
2006,Jan-Jun 2006,Africa,Nigeria,Federal Capital Territory,High pathogenicity avian influenza viruses (Inf. with) (poultry),H5N1,Domestic,-,Birds,-,-,629.0,Animal,,-,,202.0,,HPAI,-,202,-,-,-,629,-,,,animal_record,Jan-Jun,Federal Capital Territory,Federal Capital Territory,Unchanged (already a state-level value),Federal Capital Territory
2006,Jan-Jun 2006,Africa,Nigeria,Jigawa,High pathogenicity avian influenza viruses (Inf. with) (poultry),H5N1,Both animal categories,-,,-,2,,-,,-,,,,HPAI,-,-,-,2,-,-,-,2.0,,outbreak_row_BOTH,Jan-Jun,Jigawa,Jigawa,Unchanged (already a state-level value),Jigawa
2006,Jan-Jun 2006,Africa,Nigeria,Jigawa,High pathogenicity avian influenza viruses (Inf. with) (poultry),H5N1,Domestic,-,Birds,-,-,,Animal,,-,0.0,9026.0,0.0,HPAI,-,9026,-,-,0,-,0,,,animal_record,Jan-Jun,Jigawa,Jigawa,Unchanged (already a state-level value),Jigawa
2006,Jan-Jun 2006,Africa,Nigeria,Kaduna,High pathogenicity avian influenza viruses (Inf. with) (poultry),H5N1,Both animal categories,-,,-,18,,-,,-,,,,HPAI,-,-,-,18,-,-,-,18.0,,outbreak_row_BOTH,Jan-Jun,Kaduna,Kaduna,Unchanged (already a state-level value),Kaduna
2006,Jan-Jun 2006,Africa,Nigeria,Kaduna,High pathogenicity avian influenza viruses (Inf. with) (poultry),H5N1,Domestic,-,Birds,-,-,123073.0,Animal,42528.0,15740,0.0,86223.0,0.0,HPAI,42528,86223,15740,-,0,123073,0,,15740.0,animal_record,Jan-Jun,Kaduna,Kaduna,Unchanged (already a state-level value),Kaduna
2006,Jan-Jun 2006,Africa,Nigeria,Kano,High pathogenicity avian influenza viruses (Inf. with) (poultry),H5N1,Both animal categories,-,,-,8,,-,,-,,,,HPAI,-,-,-,8,-,-,-,8.0,,outbreak_row_BOTH,Jan-Jun,Kano,Kano,Unchanged (already a state-level value),Kano
2006,Jan-Jun 2006,Africa,Nigeria,Kano,High pathogenicity avian influenza viruses (Inf. with) (poultry),H5N1,Domestic,-,Birds,-,-,78741.0,Animal,3916.0,46554,0.0,3911.0,0.0,HPAI,3916,3911,46554,-,0,78741,0,,46554.0,animal_record,Jan-Jun,Kano,Kano,Unchanged (already a state-level value),Kano
2006,Jan-Jun 2006,Africa,Nigeria,Katsina,High pathogenicity avian influenza viruses (Inf. with) (poultry),H5N1,Both animal categories,-,,-,9,,-,,-,,,,HPAI,-,-,-,9,-,-,-,9.0,,outbreak_row_BOTH,Jan-Jun,Katsina,Katsina,Unchanged (already a state-level value),Katsina
2006,Jan-Jun 2006,Africa,Nigeria,Katsina,High pathogenicity avian influenza viruses (Inf. with) (poultry),H5N1,Domestic,-,Birds,-,-,15074.0,Animal,,-,0.0,,0.0,HPAI,-,-,-,-,0,15074,0,,,animal_record,Jan-Jun,Katsina,Katsina,Unchanged (already a state-level value),Katsina
2006,Jan-Jun 2006,Africa,Nigeria,Lagos,High pathogenicity avian influenza viruses (Inf. with) (poultry),H5N1,Both animal categories,-,,-,5,,-,,-,,,,HPAI,-,-,-,5,-,-,-,5.0,,outbreak_row_BOTH,Jan-Jun,Lagos,Lagos,Unchanged (already a state-level value),Lagos
2006,Jan-Jun 2006,Africa,Nigeria,Lagos,High pathogenicity avian influenza viruses (Inf. with) (poultry),H5N1,Domestic,-,Birds,-,-,54600.0,Animal,,-,0.0,2981.0,0.0,HPAI,-,2981,-,-,0,54600,0,,,animal_record,Jan-Jun,Lagos,Lagos,Unchanged (already a state-level value),Lagos
2006,Jan-Jun 2006,Africa,Nigeria,Nasarawa,High pathogenicity avian influenza viruses (Inf. with) (poultry),H5N1,Both animal categories,-,,-,4,,-,,-,,,,HPAI,-,-,-,4,-,-,-,4.0,,outbreak_row_BOTH,Jan-Jun,Nasarawa,Nasarawa,Unchanged (already a state-level value),Nasarawa
2006,Jan-Jun 2006,Africa,Nigeria,Nasarawa,High pathogenicity avian influenza viruses (Inf. with) (poultry),H5N1,Domestic,-,Birds,-,-,25414.0,Animal,,21957,0.0,3457.0,0.0,HPAI,-,3457,21957,-,0,25414,0,,21957.0,animal_record,Jan-Jun,Nasarawa,Nasarawa,Unchanged (already a state-level value),Nasarawa
2006,Jan-Jun 2006,Africa,Nigeria,Ogun,High pathogenicity avian influenza viruses (Inf. with) (poultry),H5N1,Both animal categories,-,,-,2,,-,,-,,,,HPAI,-,-,-,2,-,-,-,2.0,,outbreak_row_BOTH,Jan-Jun,Ogun,Ogun,Unchanged (already a state-level value),Ogun
2006,Jan-Jun 2006,Africa,Nigeria,Ogun,High pathogenicity avian influenza viruses (Inf. with) (poultry),H5N1,Domestic,-,Birds,-,-,270000.0,Animal,,-,0.0,188000.0,0.0,HPAI,-,188000,-,-,0,270000,0,,,animal_record,Jan-Jun,Ogun,Ogun,Unchanged (already a state-level value),Ogun
2006,Jan-Jun 2006,Africa,Nigeria,Osun,Rabies virus (Inf. with),,Both animal categories,-,,-,1,,-,,-,,,,Rabies,-,-,-,1,-,-,-,1.0,,outbreak_row_BOTH,Jan-Jun,Osun,Osun,Unchanged (already a state-level value),Osun
2006,Jan-Jun 2006,Africa,Nigeria,Osun,Rabies virus (Inf. with),,Domestic,-,Dogs,-,-,,Animal,,-,,,,Rabies,-,-,-,-,-,-,-,,,animal_record,Jan-Jun,Osun,Osun,Unchanged (already a state-level value),Osun
2006,Jan-Jun 2006,Africa,Nigeria,Oyo,High pathogenicity avian influenza viruses (Inf. with) (poultry),H5N1,Both animal categories,-,,-,2,,-,,-,,,,HPAI,-,-,-,2,-,-,-,2.0,,outbreak_row_BOTH,Jan-Jun,Oyo,Oyo,Unchanged (already a state-level value),Oyo
2006,Jan-Jun 2006,Africa,Nigeria,Oyo,High pathogenicity avian influenza viruses (Inf. with) (poultry),H5N1,Domestic,-,Birds,-,-,300.0,Animal,,280,0.0,20.0,0.0,HPAI,-,20,280,-,0,300,0,,280.0,animal_record,Jan-Jun,Oyo,Oyo,Unchanged (already a state-level value),Oyo
2006,Jan-Jun 2006,Africa,Nigeria,Plateau,High pathogenicity avian influenza viruses (Inf. with) (poultry),H5N1,Both animal categories,-,,-,32,,-,,-,,,,HPAI,-,-,-,32,-,-,-,32.0,,outbreak_row_BOTH,Jan-Jun,Plateau,Plateau,Unchanged (already a state-level value),Plateau
2006,Jan-Jun 2006,Africa,Nigeria,Plateau,High pathogenicity avian influenza viruses (Inf. with) (poultry),H5N1,Domestic,-,Birds,-,-,44516.0,Animal,12475.0,31903,0.0,11212.0,0.0,HPAI,12475,11212,31903,-,0,44516,0,,31903.0,animal_record,Jan-Jun,Plateau,Plateau,Unchanged (already a state-level value),Plateau
2006,Jan-Jun 2006,Africa,Nigeria,Plateau,High pathogenicity avian influenza viruses (Inf. with) (poultry),H5N1,Wild,-,Wildlife (species unspecified),-,-,1.0,Animal,1.0,0,0.0,1.0,0.0,HPAI,1,1,0,-,0,1,0,,0.0,animal_record,Jan-Jun,Plateau,Plateau,Unchanged (already a state-level value),Plateau
2006,Jan-Jun 2006,Africa,Nigeria,Rivers,High pathogenicity avian influenza viruses (Inf. with) (poultry),H5N1,Both animal categories,-,,-,1,,-,,-,,,,HPAI,-,-,-,1,-,-,-,1.0,,outbreak_row_BOTH,Jan-Jun,Rivers,Rivers,Unchanged (already a state-level value),Rivers
2006,Jan-Jun 2006,Africa,Nigeria,Rivers,High pathogenicity avian influenza viruses (Inf. with) (poultry),H5N1,Domestic,-,Birds,-,-,1200.0,Animal,,-,,700.0,0.0,HPAI,-,700,-,-,-,1200,0,,,animal_record,Jan-Jun,Rivers,Rivers,Unchanged (already a state-level value),Rivers
2006,Jan-Jun 2006,Africa,Nigeria,Taraba,High pathogenicity avian influenza viruses (Inf. with) (poultry),H5N1,Both animal categories,-,,-,4,,-,,-,,,,HPAI,-,-,-,4,-,-,-,4.0,,outbreak_row_BOTH,Jan-Jun,Taraba,Taraba,Unchanged (already a state-level value),Taraba
2006,Jan-Jun 2006,Africa,Nigeria,Taraba,High pathogenicity avian influenza viruses (Inf. with) (poultry),H5N1,Domestic,-,Birds,-,-,81.0,Animal,,45,0.0,36.0,0.0,HPAI,-,36,45,-,0,81,0,,45.0,animal_record,Jan-Jun,Taraba,Taraba,Unchanged (already a state-level value),Taraba
2006,Jan-Jun 2006,Africa,Nigeria,Yobe,High pathogenicity avian influenza viruses (Inf. with) (poultry),H5N1,Both animal categories,-,,-,1,,-,,-,,,,HPAI,-,-,-,1,-,-,-,1.0,,outbreak_row_BOTH,Jan-Jun,Yobe,Yobe,Unchanged (already a state-level value),Yobe
2006,Jan-Jun 2006,Africa,Nigeria,Yobe,High pathogenicity avian influenza viruses (Inf. with) (poultry),H5N1,Domestic,-,Birds,-,-,,Animal,6.0,-,,,0.0,HPAI,6,-,-,-,-,-,0,,,animal_record,Jan-Jun,Yobe,Yobe,Unchanged (already a state-level value),Yobe
2006,Jul-Dec 2006,Africa,Nigeria,Anambra,High pathogenicity avian influenza viruses (Inf. with) (poultry),H5N1,Both animal categories,-,,-,2,,-,,-,,,,HPAI,-,-,-,2,-,-,-,2.0,,outbreak_row_BOTH,Jul-Dec,Anambra,Anambra,Unchanged (already a state-level value),Anambra
2006,Jul-Dec 2006,Africa,Nigeria,Anambra,High pathogenicity avian influenza viruses (Inf. with) (poultry),H5N1,Domestic,-,Birds,-,-,2680.0,Animal,403.0,2277,0.0,403.0,0.0,HPAI,403,403,2277,-,0,2680,0,,2277.0,animal_record,Jul-Dec,Anambra,Anambra,Unchanged (already a state-level value),Anambra
2006,Jul-Dec 2006,Africa,Nigeria,Bauchi,High pathogenicity avian influenza viruses (Inf. with) (poultry),H5N1,Both animal categories,-,,-,1,,-,,-,,,,HPAI,-,-,-,1,-,-,-,1.0,,outbreak_row_BOTH,Jul-Dec,Bauchi,Bauchi,Unchanged (already a state-level value),Bauchi
2006,Jul-Dec 2006,Africa,Nigeria,Bauchi,High pathogenicity avian influenza viruses (Inf. with) (poultry),H5N1,Domestic,-,Birds,-,-,2500.0,Animal,2000.0,1554,0.0,946.0,0.0,HPAI,2000,946,1554,-,0,2500,0,,1554.0,animal_record,Jul-Dec,Bauchi,Bauchi,Unchanged (already a state-level value),Bauchi
2006,Jul-Dec 2006,Africa,Nigeria,Borno,High pathogenicity avian influenza viruses (Inf. with) (poultry),H5N1,Both animal categories,-,,-,2,,-,,-,,,,HPAI,-,-,-,2,-,-,-,2.0,,outbreak_row_BOTH,Jul-Dec,Borno,Borno,Unchanged (already a state-level value),Borno
2006,Jul-Dec 2006,Africa,Nigeria,Borno,High pathogenicity avian influenza viruses (Inf. with) (poultry),H5N1,Domestic,-,Birds,-,-,500.0,Animal,300.0,249,0.0,251.0,0.0,HPAI,300,251,249,-,0,500,0,,249.0,animal_record,Jul-Dec,Borno,Borno,Unchanged (already a state-level value),Borno
2006,Jul-Dec 2006,Africa,Nigeria,Delta,High pathogenicity avian influenza viruses (Inf. with) (poultry),H5N1,Both animal categories,-,,-,1,,-,,-,,,,HPAI,-,-,-,1,-,-,-,1.0,,outbreak_row_BOTH,Jul-Dec,Delta,Delta,Unchanged (already a state-level value),Delta
2006,Jul-Dec 2006,Africa,Nigeria,Delta,High pathogenicity avian influenza viruses (Inf. with) (poultry),H5N1,Domestic,-,Birds,-,-,,Animal,,-,,,,HPAI,-,-,-,-,-,-,-,,,animal_record,Jul-Dec,Delta,Delta,Unchanged (already a state-level value),Delta
2006,Jul-Dec 2006,Africa,Nigeria,Kaduna,High pathogenicity avian influenza viruses (Inf. with) (poultry),H5N1,Both animal categories,-,,-,4,,-,,-,,,,HPAI,-,-,-,4,-,-,-,4.0,,outbreak_row_BOTH,Jul-Dec,Kaduna,Kaduna,Unchanged (already a state-level value),Kaduna
2006,Jul-Dec 2006,Africa,Nigeria,Kaduna,High pathogenicity avian influenza viruses (Inf. with) (poultry),H5N1,Domestic,-,Birds,-,-,,Animal,,-,,,,HPAI,-,-,-,-,-,-,-,,,animal_record,Jul-Dec,Kaduna,Kaduna,Unchanged (already a state-level value),Kaduna
2006,Jul-Dec 2006,Africa,Nigeria,Kano,High pathogenicity avian influenza viruses (Inf. with) (poultry),H5N1,Both animal categories,-,,-,6,,-,,-,,,,HPAI,-,-,-,6,-,-,-,6.0,,outbreak_row_BOTH,Jul-Dec,Kano,Kano,Unchanged (already a state-level value),Kano
2006,Jul-Dec 2006,Africa,Nigeria,Kano,High pathogenicity avian influenza viruses (Inf. with) (poultry),H5N1,Domestic,-,Birds,-,-,8351.0,Animal,2500.0,7194,0.0,1157.0,0.0,HPAI,2500,1157,7194,-,0,8351,0,,7194.0,animal_record,Jul-Dec,Kano,Kano,Unchanged (already a state-level value),Kano
2006,Jul-Dec 2006,Africa,Nigeria,Kwara,High pathogenicity avian influenza viruses (Inf. with) (poultry),H5N1,Both animal categories,-,,-,1,,-,,-,,,,HPAI,-,-,-,1,-,-,-,1.0,,outbreak_row_BOTH,Jul-Dec,Kwara,Kwara,Unchanged (already a state-level value),Kwara
2006,Jul-Dec 2006,Africa,Nigeria,Kwara,High pathogenicity avian influenza viruses (Inf. with) (poultry),H5N1,Domestic,-,Birds,-,-,6685.0,Animal,2000.0,5200,0.0,1485.0,0.0,HPAI,2000,1485,5200,-,0,6685,0,,5200.0,animal_record,Jul-Dec,Kwara,Kwara,Unchanged (already a state-level value),Kwara
2006,Jul-Dec 2006,Africa,Nigeria,Lagos,High pathogenicity avian influenza viruses (Inf. with) (poultry),H5N1,Both animal categories,-,,-,13,,-,,-,,,,HPAI,-,-,-,13,-,-,-,13.0,,outbreak_row_BOTH,Jul-Dec,Lagos,Lagos,Unchanged (already a state-level value),Lagos
2006,Jul-Dec 2006,Africa,Nigeria,Lagos,High pathogenicity avian influenza viruses (Inf. with) (poultry),H5N1,Domestic,-,Birds,-,-,,Animal,,-,,,,HPAI,-,-,-,-,-,-,-,,,animal_record,Jul-Dec,Lagos,Lagos,Unchanged (already a state-level value),Lagos
2006,Jul-Dec 2006,Africa,Nigeria,Nasarawa,High pathogenicity avian influenza viruses (Inf. with) (poultry),H5N1,Both animal categories,-,,-,1,,-,,-,,,,HPAI,-,-,-,1,-,-,-,1.0,,outbreak_row_BOTH,Jul-Dec,Nasarawa,Nasarawa,Unchanged (already a state-level value),Nasarawa
2006,Jul-Dec 2006,Africa,Nigeria,Nasarawa,High pathogenicity avian influenza viruses (Inf. with) (poultry),H5N1,Domestic,-,Birds,-,-,2000.0,Animal,276.0,1724,0.0,276.0,0.0,HPAI,276,276,1724,-,0,2000,0,,1724.0,animal_record,Jul-Dec,Nasarawa,Nasarawa,Unchanged (already a state-level value),Nasarawa
2006,Jul-Dec 2006,Africa,Nigeria,Ogun,High pathogenicity avian influenza viruses (Inf. with) (poultry),H5N1,Both animal categories,-,,-,1,,-,,-,,,,HPAI,-,-,-,1,-,-,-,1.0,,outbreak_row_BOTH,Jul-Dec,Ogun,Ogun,Unchanged (already a state-level value),Ogun
2006,Jul-Dec 2006,Africa,Nigeria,Ogun,High pathogenicity avian influenza viruses (Inf. with) (poultry),H5N1,Domestic,-,Birds,-,-,3536.0,Animal,,-,0.0,652.0,0.0,HPAI,-,652,-,-,0,3536,0,,,animal_record,Jul-Dec,Ogun,Ogun,Unchanged (already a state-level value),Ogun
2006,Jul-Dec 2006,Africa,Nigeria,Plateau,High pathogenicity avian influenza viruses (Inf. with) (poultry),H5N1,Both animal categories,-,,-,1,,-,,-,,,,HPAI,-,-,-,1,-,-,-,1.0,,outbreak_row_BOTH,Jul-Dec,Plateau,Plateau,Unchanged (already a state-level value),Plateau
2006,Jul-Dec 2006,Africa,Nigeria,Plateau,High pathogenicity avian influenza viruses (Inf. with) (poultry),H5N1,Domestic,-,Birds,-,-,86.0,Animal,86.0,37,0.0,49.0,0.0,HPAI,86,49,37,-,0,86,0,,37.0,animal_record,Jul-Dec,Plateau,Plateau,Unchanged (already a state-level value),Plateau
2006,Jul-Dec 2006,Africa,Nigeria,Taraba,High pathogenicity avian influenza viruses (Inf. with) (poultry),H5N1,Both animal categories,-,,-,4,,-,,-,,,,HPAI,-,-,-,4,-,-,-,4.0,,outbreak_row_BOTH,Jul-Dec,Taraba,Taraba,Unchanged (already a state-level value),Taraba
2006,Jul-Dec 2006,Africa,Nigeria,Taraba,High pathogenicity avian influenza viruses (Inf. with) (poultry),H5N1,Domestic,-,Birds,-,-,119.0,Animal,100.0,19,0.0,100.0,0.0,HPAI,100,100,19,-,0,119,0,,19.0,animal_record,Jul-Dec,Taraba,Taraba,Unchanged (already a state-level value),Taraba
2007,Jan-Jun 2007,Africa,Nigeria,Adamawa,High pathogenicity avian influenza viruses (Inf. with) (poultry),H5N1,Both animal categories,-,,-,6,,-,,-,,,,HPAI,-,-,-,6,-,-,-,6.0,,outbreak_row_BOTH,Jan-Jun,Adamawa,Adamawa,Unchanged (already a state-level value),Adamawa
2007,Jan-Jun 2007,Africa,Nigeria,Adamawa,High pathogenicity avian influenza viruses (Inf. with) (poultry),H5N1,Domestic,-,Birds,-,-,394.0,Animal,,-,0.0,157.0,0.0,HPAI,-,157,-,-,0,394,0,,,animal_record,Jan-Jun,Adamawa,Adamawa,Unchanged (already a state-level value),Adamawa
2007,Jan-Jun 2007,Africa,Nigeria,Anambra,High pathogenicity avian influenza viruses (Inf. with) (poultry),H5N1,Both animal categories,-,,-,2,,-,,-,,,,HPAI,-,-,-,2,-,-,-,2.0,,outbreak_row_BOTH,Jan-Jun,Anambra,Anambra,Unchanged (already a state-level value),Anambra
2007,Jan-Jun 2007,Africa,Nigeria,Anambra,High pathogenicity avian influenza viruses (Inf. with) (poultry),H5N1,Domestic,-,Birds,-,-,15852.0,Animal,,-,0.0,,0.0,HPAI,-,-,-,-,0,15852,0,,,animal_record,Jan-Jun,Anambra,Anambra,Unchanged (already a state-level value),Anambra
2007,Jan-Jun 2007,Africa,Nigeria,Bauchi,High pathogenicity avian influenza viruses (Inf. with) (poultry),H5N1,Both animal categories,-,,-,7,,-,,-,,,,HPAI,-,-,-,7,-,-,-,7.0,,outbreak_row_BOTH,Jan-Jun,Bauchi,Bauchi,Unchanged (already a state-level value),Bauchi
2007,Jan-Jun 2007,Africa,Nigeria,Bauchi,High pathogenicity avian influenza viruses (Inf. with) (poultry),H5N1,Domestic,-,Birds,-,-,1356.0,Animal,,-,0.0,286.0,0.0,HPAI,-,286,-,-,0,1356,0,,,animal_record,Jan-Jun,Bauchi,Bauchi,Unchanged (already a state-level value),Bauchi
2007,Jan-Jun 2007,Africa,Nigeria,Borno,High pathogenicity avian influenza viruses (Inf. with) (poultry),H5N1,Both animal categories,-,,-,4,,-,,-,,,,HPAI,-,-,-,4,-,-,-,4.0,,outbreak_row_BOTH,Jan-Jun,Borno,Borno,Unchanged (already a state-level value),Borno
2007,Jan-Jun 2007,Africa,Nigeria,Borno,High pathogenicity avian influenza viruses (Inf. with) (poultry),H5N1,Domestic,-,Birds,-,-,300.0,Animal,200.0,140,0.0,160.0,0.0,HPAI,200,160,140,-,0,300,0,,140.0,animal_record,Jan-Jun,Borno,Borno,Unchanged (already a state-level value),Borno
2007,Jan-Jun 2007,Africa,Nigeria,Edo,High pathogenicity avian influenza viruses (Inf. with) (poultry),H5N1,Both animal categories,-,,-,2,,-,,-,,,,HPAI,-,-,-,2,-,-,-,2.0,,outbreak_row_BOTH,Jan-Jun,Edo,Edo,Unchanged (already a state-level value),Edo
2007,Jan-Jun 2007,Africa,Nigeria,Edo,High pathogenicity avian influenza viruses (Inf. with) (poultry),H5N1,Domestic,-,Birds,-,-,6125.0,Animal,,-,0.0,4000.0,0.0,HPAI,-,4000,-,-,0,6125,0,,,animal_record,Jan-Jun,Edo,Edo,Unchanged (already a state-level value),Edo
2007,Jan-Jun 2007,Africa,Nigeria,Enugu,High pathogenicity avian influenza viruses (Inf. with) (poultry),H5N1,Both animal categories,-,,-,2,,-,,-,,,,HPAI,-,-,-,2,-,-,-,2.0,,outbreak_row_BOTH,Jan-Jun,Enugu,Enugu,Unchanged (already a state-level value),Enugu
2007,Jan-Jun 2007,Africa,Nigeria,Enugu,High pathogenicity avian influenza viruses (Inf. with) (poultry),H5N1,Domestic,-,Birds,-,-,500.0,Animal,500.0,0,0.0,500.0,0.0,HPAI,500,500,0,-,0,500,0,,0.0,animal_record,Jan-Jun,Enugu,Enugu,Unchanged (already a state-level value),Enugu
2007,Jan-Jun 2007,Africa,Nigeria,Federal Capital Territory,High pathogenicity avian influenza viruses (Inf. with) (poultry),H5N1,Both animal categories,-,,-,1,,-,,-,,,,HPAI,-,-,-,1,-,-,-,1.0,,outbreak_row_BOTH,Jan-Jun,Federal Capital Territory,Federal Capital Territory,Unchanged (already a state-level value),Federal Capital Territory
2007,Jan-Jun 2007,Africa,Nigeria,Federal Capital Territory,High pathogenicity avian influenza viruses (Inf. with) (poultry),H5N1,Domestic,-,Birds,-,-,40.0,Animal,40.0,-,0.0,35.0,0.0,HPAI,40,35,-,-,0,40,0,,,animal_record,Jan-Jun,Federal Capital Territory,Federal Capital Territory,Unchanged (already a state-level value),Federal Capital Territory
2007,Jan-Jun 2007,Africa,Nigeria,Jigawa,High pathogenicity avian influenza viruses (Inf. with) (poultry),H5N1,Both animal categories,-,,-,3,,-,,-,,,,HPAI,-,-,-,3,-,-,-,3.0,,outbreak_row_BOTH,Jan-Jun,Jigawa,Jigawa,Unchanged (already a state-level value),Jigawa
2007,Jan-Jun 2007,Africa,Nigeria,Jigawa,High pathogenicity avian influenza viruses (Inf. with) (poultry),H5N1,Domestic,-,Birds,-,-,14057.0,Animal,50.0,0,0.0,3061.0,0.0,HPAI,50,3061,0,-,0,14057,0,,0.0,animal_record,Jan-Jun,Jigawa,Jigawa,Unchanged (already a state-level value),Jigawa
2007,Jan-Jun 2007,Africa,Nigeria,Kaduna,High pathogenicity avian influenza viruses (Inf. with) (poultry),H5N1,Both animal categories,-,,-,17,,-,,-,,,,HPAI,-,-,-,17,-,-,-,17.0,,outbreak_row_BOTH,Jan-Jun,Kaduna,Kaduna,Unchanged (already a state-level value),Kaduna
2007,Jan-Jun 2007,Africa,Nigeria,Kaduna,High pathogenicity avian influenza viruses (Inf. with) (poultry),H5N1,Domestic,-,Birds,-,-,31197.0,Animal,2500.0,5875,0.0,7449.0,0.0,HPAI,2500,7449,5875,-,0,31197,0,,5875.0,animal_record,Jan-Jun,Kaduna,Kaduna,Unchanged (already a state-level value),Kaduna
2007,Jan-Jun 2007,Africa,Nigeria,Kano,High pathogenicity avian influenza viruses (Inf. with) (poultry),H5N1,Both animal categories,-,,-,32,,-,,-,,,,HPAI,-,-,-,32,-,-,-,32.0,,outbreak_row_BOTH,Jan-Jun,Kano,Kano,Unchanged (already a state-level value),Kano
2007,Jan-Jun 2007,Africa,Nigeria,Kano,High pathogenicity avian influenza viruses (Inf. with) (poultry),H5N1,Domestic,-,Birds,-,-,85271.0,Animal,,-,0.0,4290.0,0.0,HPAI,-,4290,-,-,0,85271,0,,,animal_record,Jan-Jun,Kano,Kano,Unchanged (already a state-level value),Kano
2007,Jan-Jun 2007,Africa,Nigeria,Katsina,High pathogenicity avian influenza viruses (Inf. with) (poultry),H5N1,Both animal categories,-,,-,18,,-,,-,,,,HPAI,-,-,-,18,-,-,-,18.0,,outbreak_row_BOTH,Jan-Jun,Katsina,Katsina,Unchanged (already a state-level value),Katsina
2007,Jan-Jun 2007,Africa,Nigeria,Katsina,High pathogenicity avian influenza viruses (Inf. with) (poultry),H5N1,Domestic,-,Birds,-,-,93438.0,Animal,,4572,0.0,6143.0,0.0,HPAI,-,6143,4572,-,0,93438,0,,4572.0,animal_record,Jan-Jun,Katsina,Katsina,Unchanged (already a state-level value),Katsina
2007,Jan-Jun 2007,Africa,Nigeria,Lagos,High pathogenicity avian influenza viruses (Inf. with) (poultry),H5N1,Both animal categories,-,,-,4,,-,,-,,,,HPAI,-,-,-,4,-,-,-,4.0,,outbreak_row_BOTH,Jan-Jun,Lagos,Lagos,Unchanged (already a state-level value),Lagos
2007,Jan-Jun 2007,Africa,Nigeria,Lagos,High pathogenicity avian influenza viruses (Inf. with) (poultry),H5N1,Domestic,-,Birds,-,-,4244.0,Animal,,-,0.0,867.0,0.0,HPAI,-,867,-,-,0,4244,0,,,animal_record,Jan-Jun,Lagos,Lagos,Unchanged (already a state-level value),Lagos
2007,Jan-Jun 2007,Africa,Nigeria,Nasarawa,High pathogenicity avian influenza viruses (Inf. with) (poultry),H5N1,Both animal categories,-,,-,1,,-,,-,,,,HPAI,-,-,-,1,-,-,-,1.0,,outbreak_row_BOTH,Jan-Jun,Nasarawa,Nasarawa,Unchanged (already a state-level value),Nasarawa
2007,Jan-Jun 2007,Africa,Nigeria,Nasarawa,High pathogenicity avian influenza viruses (Inf. with) (poultry),H5N1,Domestic,-,Birds,-,-,,Animal,,-,,,,HPAI,-,-,-,-,-,-,-,,,animal_record,Jan-Jun,Nasarawa,Nasarawa,Unchanged (already a state-level value),Nasarawa
2007,Jan-Jun 2007,Africa,Nigeria,Oyo,High pathogenicity avian influenza viruses (Inf. with) (poultry),H5N1,Both animal categories,-,,-,1,,-,,-,,,,HPAI,-,-,-,1,-,-,-,1.0,,outbreak_row_BOTH,Jan-Jun,Oyo,Oyo,Unchanged (already a state-level value),Oyo
2007,Jan-Jun 2007,Africa,Nigeria,Oyo,High pathogenicity avian influenza viruses (Inf. with) (poultry),H5N1,Domestic,-,Birds,-,-,15000.0,Animal,8600.0,2400,0.0,8600.0,0.0,HPAI,8600,8600,2400,-,0,15000,0,,2400.0,animal_record,Jan-Jun,Oyo,Oyo,Unchanged (already a state-level value),Oyo
2007,Jan-Jun 2007,Africa,Nigeria,Plateau,High pathogenicity avian influenza viruses (Inf. with) (poultry),H5N1,Both animal categories,-,,-,10,,-,,-,,,,HPAI,-,-,-,10,-,-,-,10.0,,outbreak_row_BOTH,Jan-Jun,Plateau,Plateau,Unchanged (already a state-level value),Plateau
2007,Jan-Jun 2007,Africa,Nigeria,Plateau,High pathogenicity avian influenza viruses (Inf. with) (poultry),H5N1,Domestic,-,Birds,-,-,12802.0,Animal,,-,0.0,1532.0,0.0,HPAI,-,1532,-,-,0,12802,0,,,animal_record,Jan-Jun,Plateau,Plateau,Unchanged (already a state-level value),Plateau
2007,Jan-Jun 2007,Africa,Nigeria,Sokoto,High pathogenicity avian influenza viruses (Inf. with) (poultry),H5N1,Both animal categories,-,,-,4,,-,,-,,,,HPAI,-,-,-,4,-,-,-,4.0,,outbreak_row_BOTH,Jan-Jun,Sokoto,Sokoto,Unchanged (already a state-level value),Sokoto
2007,Jan-Jun 2007,Africa,Nigeria,Sokoto,High pathogenicity avian influenza viruses (Inf. with) (poultry),H5N1,Domestic,-,Birds,-,-,,Animal,,-,,,,HPAI,-,-,-,-,-,-,-,,,animal_record,Jan-Jun,Sokoto,Sokoto,Unchanged (already a state-level value),Sokoto
2007,Jan-Jun 2007,Africa,Nigeria,Yobe,High pathogenicity avian influenza viruses (Inf. with) (poultry),H5N1,Both animal categories,-,,-,2,,-,,-,,,,HPAI,-,-,-,2,-,-,-,2.0,,outbreak_row_BOTH,Jan-Jun,Yobe,Yobe,Unchanged (already a state-level value),Yobe
2007,Jan-Jun 2007,Africa,Nigeria,Yobe,High pathogenicity avian influenza viruses (Inf. with) (poultry),H5N1,Domestic,-,Birds,-,-,68.0,Animal,,-,0.0,1.0,0.0,HPAI,-,1,-,-,0,68,0,,,animal_record,Jan-Jun,Yobe,Yobe,Unchanged (already a state-level value),Yobe
2007,Jan-Jun 2007,Africa,Nigeria,Zamfara,High pathogenicity avian influenza viruses (Inf. with) (poultry),H5N1,Both animal categories,-,,-,1,,-,,-,,,,HPAI,-,-,-,1,-,-,-,1.0,,outbreak_row_BOTH,Jan-Jun,Zamfara,Zamfara,Unchanged (already a state-level value),Zamfara
2007,Jan-Jun 2007,Africa,Nigeria,Zamfara,High pathogenicity avian influenza viruses (Inf. with) (poultry),H5N1,Domestic,-,Birds,-,-,,Animal,,-,,,,HPAI,-,-,-,-,-,-,-,,,animal_record,Jan-Jun,Zamfara,Zamfara,Unchanged (already a state-level value),Zamfara
2007,Jul-Dec 2007,Africa,Nigeria,Anambra,High pathogenicity avian influenza viruses (Inf. with) (poultry),H5N1,Both animal categories,-,,-,2,,-,,-,,,,HPAI,-,-,-,2,-,-,-,2.0,,outbreak_row_BOTH,Jul-Dec,Anambra,Anambra,Unchanged (already a state-level value),Anambra
2007,Jul-Dec 2007,Africa,Nigeria,Anambra,High pathogenicity avian influenza viruses (Inf. with) (poultry),H5N1,Domestic,-,Birds,-,-,1500.0,Animal,179.0,821,0.0,179.0,0.0,HPAI,179,179,821,-,0,1500,0,,821.0,animal_record,Jul-Dec,Anambra,Anambra,Unchanged (already a state-level value),Anambra
2007,Jul-Dec 2007,Africa,Nigeria,Delta,High pathogenicity avian influenza viruses (Inf. with) (poultry),H5N1,Both animal categories,-,,-,1,,-,,-,,,,HPAI,-,-,-,1,-,-,-,1.0,,outbreak_row_BOTH,Jul-Dec,Delta,Delta,Unchanged (already a state-level value),Delta
2007,Jul-Dec 2007,Africa,Nigeria,Delta,High pathogenicity avian influenza viruses (Inf. with) (poultry),H5N1,Domestic,-,Birds,-,-,,Animal,,-,,45.0,,HPAI,-,45,-,-,-,-,-,,,animal_record,Jul-Dec,Delta,Delta,Unchanged (already a state-level value),Delta
2007,Jul-Dec 2007,Africa,Nigeria,Edo,High pathogenicity avian influenza viruses (Inf. with) (poultry),H5N1,Both animal categories,-,,-,3,,-,,-,,,,HPAI,-,-,-,3,-,-,-,3.0,,outbreak_row_BOTH,Jul-Dec,Edo,Edo,Unchanged (already a state-level value),Edo
2007,Jul-Dec 2007,Africa,Nigeria,Edo,High pathogenicity avian influenza viruses (Inf. with) (poultry),H5N1,Domestic,-,Birds,-,-,7452.0,Animal,,-,0.0,1267.0,0.0,HPAI,-,1267,-,-,0,7452,0,,,animal_record,Jul-Dec,Edo,Edo,Unchanged (already a state-level value),Edo
2007,Jul-Dec 2007,Africa,Nigeria,Ekiti,High pathogenicity avian influenza viruses (Inf. with) (poultry),H5N1,Both animal categories,-,,-,1,,-,,-,,,,HPAI,-,-,-,1,-,-,-,1.0,,outbreak_row_BOTH,Jul-Dec,Ekiti,Ekiti,Unchanged (already a state-level value),Ekiti
2007,Jul-Dec 2007,Africa,Nigeria,Ekiti,High pathogenicity avian influenza viruses (Inf. with) (poultry),H5N1,Domestic,-,Birds,-,-,2400.0,Animal,,-,,1312.0,,HPAI,-,1312,-,-,-,2400,-,,,animal_record,Jul-Dec,Ekiti,Ekiti,Unchanged (already a state-level value),Ekiti
2007,Jul-Dec 2007,Africa,Nigeria,Gombe,Rabies virus (Inf. with),,Both animal categories,-,,-,2,,-,,-,,,,Rabies,-,-,-,2,-,-,-,2.0,,outbreak_row_BOTH,Jul-Dec,Gombe,Gombe,Unchanged (already a state-level value),Gombe
2007,Jul-Dec 2007,Africa,Nigeria,Gombe,Rabies virus (Inf. with),,Domestic,-,Dogs,-,-,,Animal,2.0,-,,2.0,,Rabies,2,2,-,-,-,-,-,,,animal_record,Jul-Dec,Gombe,Gombe,Unchanged (already a state-level value),Gombe
2007,Jul-Dec 2007,Africa,Nigeria,Lagos,High pathogenicity avian influenza viruses (Inf. with) (poultry),H5N1,Both animal categories,-,,-,2,,-,,-,,,,HPAI,-,-,-,2,-,-,-,2.0,,outbreak_row_BOTH,Jul-Dec,Lagos,Lagos,Unchanged (already a state-level value),Lagos
2007,Jul-Dec 2007,Africa,Nigeria,Lagos,High pathogenicity avian influenza viruses (Inf. with) (poultry),H5N1,Domestic,-,Birds,-,-,3000.0,Animal,,-,,380.0,,HPAI,-,380,-,-,-,3000,-,,,animal_record,Jul-Dec,Lagos,Lagos,Unchanged (already a state-level value),Lagos
2007,Jul-Dec 2007,Africa,Nigeria,Nasarawa,High pathogenicity avian influenza viruses (Inf. with) (poultry),H5N1,Both animal categories,-,,-,1,,-,,-,,,,HPAI,-,-,-,1,-,-,-,1.0,,outbreak_row_BOTH,Jul-Dec,Nasarawa,Nasarawa,Unchanged (already a state-level value),Nasarawa
2007,Jul-Dec 2007,Africa,Nigeria,Nasarawa,High pathogenicity avian influenza viruses (Inf. with) (poultry),H5N1,Domestic,-,Birds,-,-,65.0,Animal,,-,0.0,11.0,0.0,HPAI,-,11,-,-,0,65,0,,,animal_record,Jul-Dec,Nasarawa,Nasarawa,Unchanged (already a state-level value),Nasarawa
2007,Jul-Dec 2007,Africa,Nigeria,Ogun,High pathogenicity avian influenza viruses (Inf. with) (poultry),H5N1,Both animal categories,-,,-,21,,-,,-,,,,HPAI,-,-,-,21,-,-,-,21.0,,outbreak_row_BOTH,Jul-Dec,Ogun,Ogun,Unchanged (already a state-level value),Ogun
2007,Jul-Dec 2007,Africa,Nigeria,Ogun,High pathogenicity avian influenza viruses (Inf. with) (poultry),H5N1,Domestic,-,Birds,-,-,69389.0,Animal,,-,0.0,15252.0,0.0,HPAI,-,15252,-,-,0,69389,0,,,animal_record,Jul-Dec,Ogun,Ogun,Unchanged (already a state-level value),Ogun
2007,Jul-Dec 2007,Africa,Nigeria,Oyo,High pathogenicity avian influenza viruses (Inf. with) (poultry),H5N1,Both animal categories,-,,-,1,,-,,-,,,,HPAI,-,-,-,1,-,-,-,1.0,,outbreak_row_BOTH,Jul-Dec,Oyo,Oyo,Unchanged (already a state-level value),Oyo
2007,Jul-Dec 2007,Africa,Nigeria,Oyo,High pathogenicity avian influenza viruses (Inf. with) (poultry),H5N1,Domestic,-,Birds,-,-,720.0,Animal,,2,0.0,718.0,0.0,HPAI,-,718,2,-,0,720,0,,2.0,animal_record,Jul-Dec,Oyo,Oyo,Unchanged (already a state-level value),Oyo
2007,Jul-Dec 2007,Africa,Nigeria,Zamfara,High pathogenicity avian influenza viruses (Inf. with) (poultry),H5N1,Both animal categories,-,,-,1,,-,,-,,,,HPAI,-,-,-,1,-,-,-,1.0,,outbreak_row_BOTH,Jul-Dec,Zamfara,Zamfara,Unchanged (already a state-level value),Zamfara
2007,Jul-Dec 2007,Africa,Nigeria,Zamfara,High pathogenicity avian influenza viruses (Inf. with) (poultry),H5N1,Domestic,-,Birds,-,-,3680.0,Animal,,-,,1262.0,,HPAI,-,1262,-,-,-,3680,-,,,animal_record,Jul-Dec,Zamfara,Zamfara,Unchanged (already a state-level value),Zamfara
2008,Jan-Jun 2008,Africa,Nigeria,Adamawa,Trypanosomosis (tsetse-transmitted) (-2021),,Both animal categories,-,,-,5,,-,,-,,,,Trypanosomosis,-,-,-,5,-,-,-,5.0,,outbreak_row_BOTH,Jan-Jun,Adamawa,Adamawa,Unchanged (already a state-level value),Adamawa
2008,Jan-Jun 2008,Africa,Nigeria,Adamawa,Trypanosomosis (tsetse-transmitted) (-2021),,Domestic,-,Cattle,-,-,1477.0,Animal,1436.0,3,18.0,7.0,0.0,Trypanosomosis,1436,7,3,-,18,1477,0,,3.0,animal_record,Jan-Jun,Adamawa,Adamawa,Unchanged (already a state-level value),Adamawa
2008,Jan-Jun 2008,Africa,Nigeria,Bauchi,Rabies virus (Inf. with),,Both animal categories,-,,-,3,,-,,-,,,,Rabies,-,-,-,3,-,-,-,3.0,,outbreak_row_BOTH,Jan-Jun,Bauchi,Bauchi,Unchanged (already a state-level value),Bauchi
2008,Jan-Jun 2008,Africa,Nigeria,Bauchi,Rabies virus (Inf. with),,Domestic,-,Dogs,-,-,4.0,Animal,16.0,1,0.0,1.0,281.0,Rabies,16,1,1,-,0,4,281,,1.0,animal_record,Jan-Jun,Bauchi,Bauchi,Unchanged (already a state-level value),Bauchi
2008,Jan-Jun 2008,Africa,Nigeria,Federal Capital Territory,Trypanosomosis (tsetse-transmitted) (-2021),,Both animal categories,-,,-,2,,-,,-,,,,Trypanosomosis,-,-,-,2,-,-,-,2.0,,outbreak_row_BOTH,Jan-Jun,Federal Capital Territory,Federal Capital Territory,Unchanged (already a state-level value),Federal Capital Territory
2008,Jan-Jun 2008,Africa,Nigeria,Federal Capital Territory,Trypanosomosis (tsetse-transmitted) (-2021),,Domestic,-,Cattle,-,-,600.0,Animal,113.0,0,3.0,0.0,0.0,Trypanosomosis,113,0,0,-,3,600,0,,0.0,animal_record,Jan-Jun,Federal Capital Territory,Federal Capital Territory,Unchanged (already a state-level value),Federal Capital Territory
2008,Jan-Jun 2008,Africa,Nigeria,Gombe,Rabies virus (Inf. with),,Both animal categories,-,,-,1,,-,,-,,,,Rabies,-,-,-,1,-,-,-,1.0,,outbreak_row_BOTH,Jan-Jun,Gombe,Gombe,Unchanged (already a state-level value),Gombe
2008,Jan-Jun 2008,Africa,Nigeria,Gombe,Rabies virus (Inf. with),,Domestic,-,Dogs,-,-,1.0,Animal,1.0,0,0.0,1.0,,Rabies,1,1,0,-,0,1,-,,0.0,animal_record,Jan-Jun,Gombe,Gombe,Unchanged (already a state-level value),Gombe
2008,Jan-Jun 2008,Africa,Nigeria,Kaduna,Rabies virus (Inf. with),,Both animal categories,-,,-,1,,-,,-,,,,Rabies,-,-,-,1,-,-,-,1.0,,outbreak_row_BOTH,Jan-Jun,Kaduna,Kaduna,Unchanged (already a state-level value),Kaduna
2008,Jan-Jun 2008,Africa,Nigeria,Kaduna,Rabies virus (Inf. with),,Domestic,-,Dogs,-,-,,Animal,,6,,,,Rabies,-,-,6,-,-,-,-,,6.0,animal_record,Jan-Jun,Kaduna,Kaduna,Unchanged (already a state-level value),Kaduna
2008,Jan-Jun 2008,Africa,Nigeria,Kebbi,High pathogenicity avian influenza viruses (Inf. with) (poultry),H5N1,Both animal categories,-,,-,1,,-,,-,,,,HPAI,-,-,-,1,-,-,-,1.0,,outbreak_row_BOTH,Jan-Jun,Kebbi,Kebbi,Unchanged (already a state-level value),Kebbi
2008,Jan-Jun 2008,Africa,Nigeria,Kebbi,High pathogenicity avian influenza viruses (Inf. with) (poultry),H5N1,Domestic,-,Birds,-,-,1.0,Animal,1.0,0,0.0,0.0,0.0,HPAI,1,0,0,-,0,1,0,,0.0,animal_record,Jan-Jun,Kebbi,Kebbi,Unchanged (already a state-level value),Kebbi
2008,Jan-Jun 2008,Africa,Nigeria,Kwara,Rabies virus (Inf. with),,Both animal categories,-,,-,2,,-,,-,,,,Rabies,-,-,-,2,-,-,-,2.0,,outbreak_row_BOTH,Jan-Jun,Kwara,Kwara,Unchanged (already a state-level value),Kwara
2008,Jan-Jun 2008,Africa,Nigeria,Kwara,Rabies virus (Inf. with),,Domestic,-,Dogs,-,-,9.0,Animal,9.0,-,0.0,,,Rabies,9,-,-,-,0,9,-,,,animal_record,Jan-Jun,Kwara,Kwara,Unchanged (already a state-level value),Kwara
2008,Jan-Jun 2008,Africa,Nigeria,Nasarawa,Trypanosomosis (tsetse-transmitted) (-2021),,Both animal categories,-,,-,1,,-,,-,,,,Trypanosomosis,-,-,-,1,-,-,-,1.0,,outbreak_row_BOTH,Jan-Jun,Nasarawa,Nasarawa,Unchanged (already a state-level value),Nasarawa
2008,Jan-Jun 2008,Africa,Nigeria,Nasarawa,Trypanosomosis (tsetse-transmitted) (-2021),,Domestic,-,Cattle,-,-,,Animal,35.0,0,,0.0,,Trypanosomosis,35,0,0,-,-,-,-,,0.0,animal_record,Jan-Jun,Nasarawa,Nasarawa,Unchanged (already a state-level value),Nasarawa
2008,Jan-Jun 2008,Africa,Nigeria,Niger,Trypanosomosis (tsetse-transmitted) (-2021),,Both animal categories,-,,-,1,,-,,-,,,,Trypanosomosis,-,-,-,1,-,-,-,1.0,,outbreak_row_BOTH,Jan-Jun,Niger,Niger,Unchanged (already a state-level value),Niger
2008,Jan-Jun 2008,Africa,Nigeria,Niger,Trypanosomosis (tsetse-transmitted) (-2021),,Domestic,-,Cattle,-,-,,Animal,15.0,0,0.0,0.0,,Trypanosomosis,15,0,0,-,0,-,-,,0.0,animal_record,Jan-Jun,Niger,Niger,Unchanged (already a state-level value),Niger
2008,Jan-Jun 2008,Africa,Nigeria,Ondo,Rabies virus (Inf. with),,Both animal categories,-,,-,2,,-,,-,,,,Rabies,-,-,-,2,-,-,-,2.0,,outbreak_row_BOTH,Jan-Jun,Ondo,Ondo,Unchanged (already a state-level value),Ondo
2008,Jan-Jun 2008,Africa,Nigeria,Ondo,Rabies virus (Inf. with),,Domestic,-,Dogs,-,-,21.0,Animal,2.0,2,0.0,0.0,312.0,Rabies,2,0,2,-,0,21,312,,2.0,animal_record,Jan-Jun,Ondo,Ondo,Unchanged (already a state-level value),Ondo
2008,Jan-Jun 2008,Africa,Nigeria,Osun,Rabies virus (Inf. with),,Both animal categories,-,,-,2,,-,,-,,,,Rabies,-,-,-,2,-,-,-,2.0,,outbreak_row_BOTH,Jan-Jun,Osun,Osun,Unchanged (already a state-level value),Osun
2008,Jan-Jun 2008,Africa,Nigeria,Osun,Rabies virus (Inf. with),,Domestic,-,Dogs,-,-,350.0,Animal,3.0,3,0.0,0.0,,Rabies,3,0,3,-,0,350,-,,3.0,animal_record,Jan-Jun,Osun,Osun,Unchanged (already a state-level value),Osun
2008,Jan-Jun 2008,Africa,Nigeria,Taraba,Rabies virus (Inf. with),,Both animal categories,-,,-,1,,-,,-,,,,Rabies,-,-,-,1,-,-,-,1.0,,outbreak_row_BOTH,Jan-Jun,Taraba,Taraba,Unchanged (already a state-level value),Taraba
2008,Jan-Jun 2008,Africa,Nigeria,Taraba,Rabies virus (Inf. with),,Domestic,-,Dogs,-,-,,Animal,4.0,1,0.0,4.0,,Rabies,4,4,1,-,0,-,-,,1.0,animal_record,Jan-Jun,Taraba,Taraba,Unchanged (already a state-level value),Taraba
2008,Jul-Dec 2008,Africa,Nigeria,Bauchi,Rabies virus (Inf. with),,Both animal categories,-,,-,4,,-,,-,,,,Rabies,-,-,-,4,-,-,-,4.0,,outbreak_row_BOTH,Jul-Dec,Bauchi,Bauchi,Unchanged (already a state-level value),Bauchi
2008,Jul-Dec 2008,Africa,Nigeria,Bauchi,Rabies virus (Inf. with),,Domestic,-,Cattle,-,-,4.0,Animal,2.0,0,0.0,2.0,,Rabies,2,2,0,-,0,4,-,,0.0,animal_record,Jul-Dec,Bauchi,Bauchi,Unchanged (already a state-level value),Bauchi
2008,Jul-Dec 2008,Africa,Nigeria,Bauchi,Rabies virus (Inf. with),,Domestic,-,Dogs,-,-,,Animal,34.0,0,0.0,34.0,,Rabies,34,34,0,-,0,-,-,,0.0,animal_record,Jul-Dec,Bauchi,Bauchi,Unchanged (already a state-level value),Bauchi
2008,Jul-Dec 2008,Africa,Nigeria,Ekiti,Rabies virus (Inf. with),,Both animal categories,-,,-,1,,-,,-,,,,Rabies,-,-,-,1,-,-,-,1.0,,outbreak_row_BOTH,Jul-Dec,Ekiti,Ekiti,Unchanged (already a state-level value),Ekiti
2008,Jul-Dec 2008,Africa,Nigeria,Ekiti,Rabies virus (Inf. with),,Domestic,-,Dogs,-,-,50.0,Animal,1.0,0,0.0,1.0,,Rabies,1,1,0,-,0,50,-,,0.0,animal_record,Jul-Dec,Ekiti,Ekiti,Unchanged (already a state-level value),Ekiti
2008,Jul-Dec 2008,Africa,Nigeria,Gombe,High pathogenicity avian influenza viruses (Inf. with) (poultry),H5N1,Both animal categories,-,,-,1,,-,,-,,,,HPAI,-,-,-,1,-,-,-,1.0,,outbreak_row_BOTH,Jul-Dec,Gombe,Gombe,Unchanged (already a state-level value),Gombe
2008,Jul-Dec 2008,Africa,Nigeria,Gombe,High pathogenicity avian influenza viruses (Inf. with) (poultry),H5N1,Domestic,-,Birds,-,-,1.0,Animal,1.0,0,0.0,0.0,0.0,HPAI,1,0,0,-,0,1,0,,0.0,animal_record,Jul-Dec,Gombe,Gombe,Unchanged (already a state-level value),Gombe
2008,Jul-Dec 2008,Africa,Nigeria,Gombe,Rabies virus (Inf. with),,Both animal categories,-,,-,1,,-,,-,,,,Rabies,-,-,-,1,-,-,-,1.0,,outbreak_row_BOTH,Jul-Dec,Gombe,Gombe,Unchanged (already a state-level value),Gombe
2008,Jul-Dec 2008,Africa,Nigeria,Gombe,Rabies virus (Inf. with),,Domestic,-,Dogs,-,-,,Animal,10.0,0,0.0,10.0,,Rabies,10,10,0,-,0,-,-,,0.0,animal_record,Jul-Dec,Gombe,Gombe,Unchanged (already a state-level value),Gombe
2008,Jul-Dec 2008,Africa,Nigeria,Kaduna,Rabies virus (Inf. with),,Both animal categories,-,,-,1,,-,,-,,,,Rabies,-,-,-,1,-,-,-,1.0,,outbreak_row_BOTH,Jul-Dec,Kaduna,Kaduna,Unchanged (already a state-level value),Kaduna
2008,Jul-Dec 2008,Africa,Nigeria,Kaduna,Rabies virus (Inf. with),,Domestic,-,Dogs,-,-,1.0,Animal,1.0,0,0.0,1.0,,Rabies,1,1,0,-,0,1,-,,0.0,animal_record,Jul-Dec,Kaduna,Kaduna,Unchanged (already a state-level value),Kaduna
2008,Jul-Dec 2008,Africa,Nigeria,Kano,High pathogenicity avian influenza viruses (Inf. with) (poultry),H5N1,Both animal categories,-,,-,1,,-,,-,,,,HPAI,-,-,-,1,-,-,-,1.0,,outbreak_row_BOTH,Jul-Dec,Kano,Kano,Unchanged (already a state-level value),Kano
2008,Jul-Dec 2008,Africa,Nigeria,Kano,High pathogenicity avian influenza viruses (Inf. with) (poultry),H5N1,Domestic,-,Birds,-,-,4253.0,Animal,1514.0,2739,0.0,1514.0,,HPAI,1514,1514,2739,-,0,4253,-,,2739.0,animal_record,Jul-Dec,Kano,Kano,Unchanged (already a state-level value),Kano
2008,Jul-Dec 2008,Africa,Nigeria,Kano,Rabies virus (Inf. with),,Both animal categories,-,,-,1,,-,,-,,,,Rabies,-,-,-,1,-,-,-,1.0,,outbreak_row_BOTH,Jul-Dec,Kano,Kano,Unchanged (already a state-level value),Kano
2008,Jul-Dec 2008,Africa,Nigeria,Kano,Rabies virus (Inf. with),,Domestic,-,Dogs,-,-,,Animal,3.0,2,0.0,1.0,,Rabies,3,1,2,-,0,-,-,,2.0,animal_record,Jul-Dec,Kano,Kano,Unchanged (already a state-level value),Kano
2008,Jul-Dec 2008,Africa,Nigeria,Katsina,High pathogenicity avian influenza viruses (Inf. with) (poultry),H5N1,Both animal categories,-,,-,1,,-,,-,,,,HPAI,-,-,-,1,-,-,-,1.0,,outbreak_row_BOTH,Jul-Dec,Katsina,Katsina,Unchanged (already a state-level value),Katsina
2008,Jul-Dec 2008,Africa,Nigeria,Katsina,High pathogenicity avian influenza viruses (Inf. with) (poultry),H5N1,Domestic,-,Birds,-,-,110.0,Animal,31.0,79,0.0,31.0,,HPAI,31,31,79,-,0,110,-,,79.0,animal_record,Jul-Dec,Katsina,Katsina,Unchanged (already a state-level value),Katsina
2008,Jul-Dec 2008,Africa,Nigeria,Osun,Rabies virus (Inf. with),,Both animal categories,-,,-,1,,-,,-,,,,Rabies,-,-,-,1,-,-,-,1.0,,outbreak_row_BOTH,Jul-Dec,Osun,Osun,Unchanged (already a state-level value),Osun
2008,Jul-Dec 2008,Africa,Nigeria,Osun,Rabies virus (Inf. with),,Domestic,-,Dogs,-,-,25.0,Animal,1.0,0,0.0,1.0,,Rabies,1,1,0,-,0,25,-,,0.0,animal_record,Jul-Dec,Osun,Osun,Unchanged (already a state-level value),Osun
2008,Jul-Dec 2008,Africa,Nigeria,Plateau,Rabies virus (Inf. with),,Both animal categories,-,,-,1,,-,,-,,,,Rabies,-,-,-,1,-,-,-,1.0,,outbreak_row_BOTH,Jul-Dec,Plateau,Plateau,Unchanged (already a state-level value),Plateau
2008,Jul-Dec 2008,Africa,Nigeria,Plateau,Rabies virus (Inf. with),,Domestic,-,Dogs,-,-,,Animal,1.0,0,0.0,1.0,,Rabies,1,1,0,-,0,-,-,,0.0,animal_record,Jul-Dec,Plateau,Plateau,Unchanged (already a state-level value),Plateau
2008,Jul-Dec 2008,Africa,Nigeria,Taraba,Rabies virus (Inf. with),,Both animal categories,-,,-,1,,-,,-,,,,Rabies,-,-,-,1,-,-,-,1.0,,outbreak_row_BOTH,Jul-Dec,Taraba,Taraba,Unchanged (already a state-level value),Taraba
2008,Jul-Dec 2008,Africa,Nigeria,Taraba,Rabies virus (Inf. with),,Domestic,-,Dogs,-,-,,Animal,,-,,,,Rabies,-,-,-,-,-,-,-,,,animal_record,Jul-Dec,Taraba,Taraba,Unchanged (already a state-level value),Taraba
2009,Jan-Jun 2009,Africa,Nigeria,Adamawa,Rabies virus (Inf. with),,Both animal categories,-,,-,1,,-,,-,,,,Rabies,-,-,-,1,-,-,-,1.0,,outbreak_row_BOTH,Jan-Jun,Adamawa,Adamawa,Unchanged (already a state-level value),Adamawa
2009,Jan-Jun 2009,Africa,Nigeria,Adamawa,Rabies virus (Inf. with),,Domestic,-,Dogs,-,-,1.0,Animal,1.0,0,0.0,1.0,8.0,Rabies,1,1,0,-,0,1,8,,0.0,animal_record,Jan-Jun,Adamawa,Adamawa,Unchanged (already a state-level value),Adamawa
2009,Jan-Jun 2009,Africa,Nigeria,Bauchi,Rabies virus (Inf. with),,Both animal categories,-,,-,2,,-,,-,,,,Rabies,-,-,-,2,-,-,-,2.0,,outbreak_row_BOTH,Jan-Jun,Bauchi,Bauchi,Unchanged (already a state-level value),Bauchi
2009,Jan-Jun 2009,Africa,Nigeria,Bauchi,Rabies virus (Inf. with),,Domestic,-,Dogs,-,-,5.0,Animal,2.0,0,0.0,2.0,6.0,Rabies,2,2,0,-,0,5,6,,0.0,animal_record,Jan-Jun,Bauchi,Bauchi,Unchanged (already a state-level value),Bauchi
2009,Jan-Jun 2009,Africa,Nigeria,Benue,Rabies virus (Inf. with),,Both animal categories,-,,-,1,,-,,-,,,,Rabies,-,-,-,1,-,-,-,1.0,,outbreak_row_BOTH,Jan-Jun,Benue,Benue,Unchanged (already a state-level value),Benue
2009,Jan-Jun 2009,Africa,Nigeria,Benue,Rabies virus (Inf. with),,Domestic,-,Dogs,-,-,,Animal,2.0,0,0.0,2.0,4.0,Rabies,2,2,0,-,0,-,4,,0.0,animal_record,Jan-Jun,Benue,Benue,Unchanged (already a state-level value),Benue
2009,Jan-Jun 2009,Africa,Nigeria,Edo,Rabies virus (Inf. with),,Both animal categories,-,,-,1,,-,,-,,,,Rabies,-,-,-,1,-,-,-,1.0,,outbreak_row_BOTH,Jan-Jun,Edo,Edo,Unchanged (already a state-level value),Edo
2009,Jan-Jun 2009,Africa,Nigeria,Edo,Rabies virus (Inf. with),,Domestic,-,Dogs,-,-,2.0,Animal,2.0,0,0.0,2.0,5.0,Rabies,2,2,0,-,0,2,5,,0.0,animal_record,Jan-Jun,Edo,Edo,Unchanged (already a state-level value),Edo
2009,Jan-Jun 2009,Africa,Nigeria,Federal Capital Territory,Rabies virus (Inf. with),,Both animal categories,-,,-,2,,-,,-,,,,Rabies,-,-,-,2,-,-,-,2.0,,outbreak_row_BOTH,Jan-Jun,Federal Capital Territory,Federal Capital Territory,Unchanged (already a state-level value),Federal Capital Territory
2009,Jan-Jun 2009,Africa,Nigeria,Federal Capital Territory,Rabies virus (Inf. with),,Domestic,-,Dogs,-,-,1.0,Animal,2.0,0,0.0,2.0,15.0,Rabies,2,2,0,-,0,1,15,,0.0,animal_record,Jan-Jun,Federal Capital Territory,Federal Capital Territory,Unchanged (already a state-level value),Federal Capital Territory
2009,Jan-Jun 2009,Africa,Nigeria,Federal Capital Territory,Trypanosomosis (tsetse-transmitted) (-2021),,Both animal categories,-,,-,7,,-,,-,,,,Trypanosomosis,-,-,-,7,-,-,-,7.0,,outbreak_row_BOTH,Jan-Jun,Federal Capital Territory,Federal Capital Territory,Unchanged (already a state-level value),Federal Capital Territory
2009,Jan-Jun 2009,Africa,Nigeria,Federal Capital Territory,Trypanosomosis (tsetse-transmitted) (-2021),,Domestic,-,Cattle,-,-,3615.0,Animal,5.0,0,0.0,2.0,,Trypanosomosis,5,2,0,-,0,3615,-,,0.0,animal_record,Jan-Jun,Federal Capital Territory,Federal Capital Territory,Unchanged (already a state-level value),Federal Capital Territory
2009,Jan-Jun 2009,Africa,Nigeria,Jigawa,Rabies virus (Inf. with),,Both animal categories,-,,-,3,,-,,-,,,,Rabies,-,-,-,3,-,-,-,3.0,,outbreak_row_BOTH,Jan-Jun,Jigawa,Jigawa,Unchanged (already a state-level value),Jigawa
2009,Jan-Jun 2009,Africa,Nigeria,Jigawa,Rabies virus (Inf. with),,Domestic,-,Dogs,-,-,,Animal,6.0,3,0.0,3.0,359.0,Rabies,6,3,3,-,0,-,359,,3.0,animal_record,Jan-Jun,Jigawa,Jigawa,Unchanged (already a state-level value),Jigawa
2009,Jan-Jun 2009,Africa,Nigeria,Kano,Rabies virus (Inf. with),,Both animal categories,-,,-,1,,-,,-,,,,Rabies,-,-,-,1,-,-,-,1.0,,outbreak_row_BOTH,Jan-Jun,Kano,Kano,Unchanged (already a state-level value),Kano
2009,Jan-Jun 2009,Africa,Nigeria,Kano,Rabies virus (Inf. with),,Domestic,-,Dogs,-,-,1.0,Animal,1.0,0,0.0,1.0,18.0,Rabies,1,1,0,-,0,1,18,,0.0,animal_record,Jan-Jun,Kano,Kano,Unchanged (already a state-level value),Kano
2009,Jan-Jun 2009,Africa,Nigeria,Niger,Trypanosomosis (tsetse-transmitted) (-2021),,Both animal categories,-,,-,3,,-,,-,,,,Trypanosomosis,-,-,-,3,-,-,-,3.0,,outbreak_row_BOTH,Jan-Jun,Niger,Niger,Unchanged (already a state-level value),Niger
2009,Jan-Jun 2009,Africa,Nigeria,Niger,Trypanosomosis (tsetse-transmitted) (-2021),,Domestic,-,Cattle,-,-,132.0,Animal,42.0,0,3.0,0.0,,Trypanosomosis,42,0,0,-,3,132,-,,0.0,animal_record,Jan-Jun,Niger,Niger,Unchanged (already a state-level value),Niger
2009,Jan-Jun 2009,Africa,Nigeria,Ondo,Rabies virus (Inf. with),,Both animal categories,-,,-,2,,-,,-,,,,Rabies,-,-,-,2,-,-,-,2.0,,outbreak_row_BOTH,Jan-Jun,Ondo,Ondo,Unchanged (already a state-level value),Ondo
2009,Jan-Jun 2009,Africa,Nigeria,Ondo,Rabies virus (Inf. with),,Domestic,-,Dogs,-,-,,Animal,2.0,0,0.0,2.0,115.0,Rabies,2,2,0,-,0,-,115,,0.0,animal_record,Jan-Jun,Ondo,Ondo,Unchanged (already a state-level value),Ondo
2009,Jul-Dec 2009,Africa,Nigeria,Bauchi,Rabies virus (Inf. with),,Both animal categories,-,,-,4,,-,,-,,,,Rabies,-,-,-,4,-,-,-,4.0,,outbreak_row_BOTH,Jul-Dec,Bauchi,Bauchi,Unchanged (already a state-level value),Bauchi
2009,Jul-Dec 2009,Africa,Nigeria,Bauchi,Rabies virus (Inf. with),,Domestic,-,Dogs,-,-,97.0,Animal,14.0,6,0.0,3.0,,Rabies,14,3,6,-,0,97,-,,6.0,animal_record,Jul-Dec,Bauchi,Bauchi,Unchanged (already a state-level value),Bauchi
2009,Jul-Dec 2009,Africa,Nigeria,Bauchi,Trypanosomosis (tsetse-transmitted) (-2021),,Both animal categories,-,,-,1,,-,,-,,,,Trypanosomosis,-,-,-,1,-,-,-,1.0,,outbreak_row_BOTH,Jul-Dec,Bauchi,Bauchi,Unchanged (already a state-level value),Bauchi
2009,Jul-Dec 2009,Africa,Nigeria,Bauchi,Trypanosomosis (tsetse-transmitted) (-2021),,Domestic,-,Cattle,-,-,70.0,Animal,22.0,0,4.0,1.0,0.0,Trypanosomosis,22,1,0,-,4,70,0,,0.0,animal_record,Jul-Dec,Bauchi,Bauchi,Unchanged (already a state-level value),Bauchi
2009,Jul-Dec 2009,Africa,Nigeria,Federal Capital Territory,Rabies virus (Inf. with),,Both animal categories,-,,-,2,,-,,-,,,,Rabies,-,-,-,2,-,-,-,2.0,,outbreak_row_BOTH,Jul-Dec,Federal Capital Territory,Federal Capital Territory,Unchanged (already a state-level value),Federal Capital Territory
2009,Jul-Dec 2009,Africa,Nigeria,Federal Capital Territory,Rabies virus (Inf. with),,Domestic,-,Dogs,-,-,,Animal,1.0,1,0.0,0.0,,Rabies,1,0,1,-,0,-,-,,1.0,animal_record,Jul-Dec,Federal Capital Territory,Federal Capital Territory,Unchanged (already a state-level value),Federal Capital Territory
2009,Jul-Dec 2009,Africa,Nigeria,Federal Capital Territory,Trypanosomosis (tsetse-transmitted) (-2021),,Both animal categories,-,,-,1,,-,,-,,,,Trypanosomosis,-,-,-,1,-,-,-,1.0,,outbreak_row_BOTH,Jul-Dec,Federal Capital Territory,Federal Capital Territory,Unchanged (already a state-level value),Federal Capital Territory
2009,Jul-Dec 2009,Africa,Nigeria,Federal Capital Territory,Trypanosomosis (tsetse-transmitted) (-2021),,Domestic,-,Cattle,-,-,123.0,Animal,23.0,0,0.0,0.0,,Trypanosomosis,23,0,0,-,0,123,-,,0.0,animal_record,Jul-Dec,Federal Capital Territory,Federal Capital Territory,Unchanged (already a state-level value),Federal Capital Territory
2009,Jul-Dec 2009,Africa,Nigeria,Kaduna,Rabies virus (Inf. with),,Both animal categories,-,,-,4,,-,,-,,,,Rabies,-,-,-,4,-,-,-,4.0,,outbreak_row_BOTH,Jul-Dec,Kaduna,Kaduna,Unchanged (already a state-level value),Kaduna
2009,Jul-Dec 2009,Africa,Nigeria,Kaduna,Rabies virus (Inf. with),,Domestic,-,Dogs,-,-,464.0,Animal,27.0,6,0.0,5.0,,Rabies,27,5,6,-,0,464,-,,6.0,animal_record,Jul-Dec,Kaduna,Kaduna,Unchanged (already a state-level value),Kaduna
2009,Jul-Dec 2009,Africa,Nigeria,Nasarawa,Trypanosomosis (tsetse-transmitted) (-2021),,Both animal categories,-,,-,2,,-,,-,,,,Trypanosomosis,-,-,-,2,-,-,-,2.0,,outbreak_row_BOTH,Jul-Dec,Nasarawa,Nasarawa,Unchanged (already a state-level value),Nasarawa
2009,Jul-Dec 2009,Africa,Nigeria,Nasarawa,Trypanosomosis (tsetse-transmitted) (-2021),,Domestic,-,Cattle,-,-,320.0,Animal,250.0,189,22.0,211.0,,Trypanosomosis,250,211,189,-,22,320,-,,189.0,animal_record,Jul-Dec,Nasarawa,Nasarawa,Unchanged (already a state-level value),Nasarawa
2009,Jul-Dec 2009,Africa,Nigeria,Plateau,Rabies virus (Inf. with),,Both animal categories,-,,-,1,,-,,-,,,,Rabies,-,-,-,1,-,-,-,1.0,,outbreak_row_BOTH,Jul-Dec,Plateau,Plateau,Unchanged (already a state-level value),Plateau
2009,Jul-Dec 2009,Africa,Nigeria,Plateau,Rabies virus (Inf. with),,Domestic,-,Dogs,-,-,,Animal,,-,,,,Rabies,-,-,-,-,-,-,-,,,animal_record,Jul-Dec,Plateau,Plateau,Unchanged (already a state-level value),Plateau
2009,Jul-Dec 2009,Africa,Nigeria,Plateau,Trypanosomosis (tsetse-transmitted) (-2021),,Both animal categories,-,,-,1,,-,,-,,,,Trypanosomosis,-,-,-,1,-,-,-,1.0,,outbreak_row_BOTH,Jul-Dec,Plateau,Plateau,Unchanged (already a state-level value),Plateau
2009,Jul-Dec 2009,Africa,Nigeria,Plateau,Trypanosomosis (tsetse-transmitted) (-2021),,Domestic,-,Cattle,-,-,,Animal,,-,,,,Trypanosomosis,-,-,-,-,-,-,-,,,animal_record,Jul-Dec,Plateau,Plateau,Unchanged (already a state-level value),Plateau
2010,Jan-Jun 2010,Africa,Nigeria,Enugu,Trypanosomosis (tsetse-transmitted) (-2021),,Both animal categories,-,,-,1,,-,,-,,,,Trypanosomosis,-,-,-,1,-,-,-,1.0,,outbreak_row_BOTH,Jan-Jun,Enugu,Enugu,Unchanged (already a state-level value),Enugu
2010,Jan-Jun 2010,Africa,Nigeria,Enugu,Trypanosomosis (tsetse-transmitted) (-2021),,Domestic,-,Cattle,-,-,1.0,Animal,1.0,-,,,,Trypanosomosis,1,-,-,-,-,1,-,,,animal_record,Jan-Jun,Enugu,Enugu,Unchanged (already a state-level value),Enugu
2010,Jan-Jun 2010,Africa,Nigeria,Imo,Rabies virus (Inf. with),,Both animal categories,-,,-,1,,-,,-,,,,Rabies,-,-,-,1,-,-,-,1.0,,outbreak_row_BOTH,Jan-Jun,Imo,Imo,Unchanged (already a state-level value),Imo
2010,Jan-Jun 2010,Africa,Nigeria,Imo,Rabies virus (Inf. with),,Domestic,-,Dogs,-,-,,Animal,1.0,0,0.0,1.0,,Rabies,1,1,0,-,0,-,-,,0.0,animal_record,Jan-Jun,Imo,Imo,Unchanged (already a state-level value),Imo
2010,Jan-Jun 2010,Africa,Nigeria,Kaduna,Rabies virus (Inf. with),,Both animal categories,-,,-,1,,-,,-,,,,Rabies,-,-,-,1,-,-,-,1.0,,outbreak_row_BOTH,Jan-Jun,Kaduna,Kaduna,Unchanged (already a state-level value),Kaduna
2010,Jan-Jun 2010,Africa,Nigeria,Kaduna,Rabies virus (Inf. with),,Domestic,-,Dogs,-,-,1.0,Animal,1.0,0,0.0,1.0,,Rabies,1,1,0,-,0,1,-,,0.0,animal_record,Jan-Jun,Kaduna,Kaduna,Unchanged (already a state-level value),Kaduna
2010,Jan-Jun 2010,Africa,Nigeria,Niger,Trypanosomosis (tsetse-transmitted) (-2021),,Both animal categories,-,,-,4,,-,,-,,,,Trypanosomosis,-,-,-,4,-,-,-,4.0,,outbreak_row_BOTH,Jan-Jun,Niger,Niger,Unchanged (already a state-level value),Niger
2010,Jan-Jun 2010,Africa,Nigeria,Niger,Trypanosomosis (tsetse-transmitted) (-2021),,Domestic,-,Cattle,-,-,120.0,Animal,35.0,0,6.0,5.0,,Trypanosomosis,35,5,0,-,6,120,-,,0.0,animal_record,Jan-Jun,Niger,Niger,Unchanged (already a state-level value),Niger
2010,Jan-Jun 2010,Africa,Nigeria,Plateau,Rabies virus (Inf. with),,Both animal categories,-,,-,1,,-,,-,,,,Rabies,-,-,-,1,-,-,-,1.0,,outbreak_row_BOTH,Jan-Jun,Plateau,Plateau,Unchanged (already a state-level value),Plateau
2010,Jan-Jun 2010,Africa,Nigeria,Plateau,Rabies virus (Inf. with),,Domestic,-,Dogs,-,-,2.0,Animal,1.0,0,0.0,1.0,,Rabies,1,1,0,-,0,2,-,,0.0,animal_record,Jan-Jun,Plateau,Plateau,Unchanged (already a state-level value),Plateau
2010,Jul-Dec 2010,Africa,Nigeria,Bauchi,Rabies virus (Inf. with),,Both animal categories,-,,-,1,,-,,-,,,,Rabies,-,-,-,1,-,-,-,1.0,,outbreak_row_BOTH,Jul-Dec,Bauchi,Bauchi,Unchanged (already a state-level value),Bauchi
2010,Jul-Dec 2010,Africa,Nigeria,Bauchi,Rabies virus (Inf. with),,Domestic,-,Dogs,-,-,1.0,Animal,1.0,0,0.0,1.0,0.0,Rabies,1,1,0,-,0,1,0,,0.0,animal_record,Jul-Dec,Bauchi,Bauchi,Unchanged (already a state-level value),Bauchi
2010,Jul-Dec 2010,Africa,Nigeria,Enugu,Trypanosomosis (tsetse-transmitted) (-2021),,Both animal categories,-,,-,1,,-,,-,,,,Trypanosomosis,-,-,-,1,-,-,-,1.0,,outbreak_row_BOTH,Jul-Dec,Enugu,Enugu,Unchanged (already a state-level value),Enugu
2010,Jul-Dec 2010,Africa,Nigeria,Enugu,Trypanosomosis (tsetse-transmitted) (-2021),,Domestic,-,Cattle,-,-,45.0,Animal,35.0,0,0.0,10.0,,Trypanosomosis,35,10,0,-,0,45,-,,0.0,animal_record,Jul-Dec,Enugu,Enugu,Unchanged (already a state-level value),Enugu
2010,Jul-Dec 2010,Africa,Nigeria,Taraba,Rabies virus (Inf. with),,Both animal categories,-,,-,1,,-,,-,,,,Rabies,-,-,-,1,-,-,-,1.0,,outbreak_row_BOTH,Jul-Dec,Taraba,Taraba,Unchanged (already a state-level value),Taraba
2010,Jul-Dec 2010,Africa,Nigeria,Taraba,Rabies virus (Inf. with),,Domestic,-,Dogs,-,-,1.0,Animal,1.0,0,0.0,1.0,0.0,Rabies,1,1,0,-,0,1,0,,0.0,animal_record,Jul-Dec,Taraba,Taraba,Unchanged (already a state-level value),Taraba
2011,Jan-Jun 2011,Africa,Nigeria,Benue,Rabies virus (Inf. with),,Both animal categories,-,,-,1,,-,,-,,,,Rabies,-,-,-,1,-,-,-,1.0,,outbreak_row_BOTH,Jan-Jun,Benue,Benue,Unchanged (already a state-level value),Benue
2011,Jan-Jun 2011,Africa,Nigeria,Benue,Rabies virus (Inf. with),,Domestic,-,Dogs,-,-,1.0,Animal,1.0,0,0.0,1.0,0.0,Rabies,1,1,0,-,0,1,0,,0.0,animal_record,Jan-Jun,Benue,Benue,Unchanged (already a state-level value),Benue
2011,Jan-Jun 2011,Africa,Nigeria,Cross River,Rabies virus (Inf. with),,Both animal categories,-,,-,3,,-,,-,,,,Rabies,-,-,-,3,-,-,-,3.0,,outbreak_row_BOTH,Jan-Jun,Cross River,Cross River,Unchanged (already a state-level value),Cross River
2011,Jan-Jun 2011,Africa,Nigeria,Cross River,Rabies virus (Inf. with),,Domestic,-,Dogs,-,-,5.0,Animal,5.0,3,0.0,2.0,0.0,Rabies,5,2,3,-,0,5,0,,3.0,animal_record,Jan-Jun,Cross River,Cross River,Unchanged (already a state-level value),Cross River
2011,Jan-Jun 2011,Africa,Nigeria,Ebonyi,Rabies virus (Inf. with),,Both animal categories,-,,-,1,,-,,-,,,,Rabies,-,-,-,1,-,-,-,1.0,,outbreak_row_BOTH,Jan-Jun,Ebonyi,Ebonyi,Unchanged (already a state-level value),Ebonyi
2011,Jan-Jun 2011,Africa,Nigeria,Ebonyi,Rabies virus (Inf. with),,Domestic,-,Dogs,-,-,1.0,Animal,1.0,0,0.0,1.0,0.0,Rabies,1,1,0,-,0,1,0,,0.0,animal_record,Jan-Jun,Ebonyi,Ebonyi,Unchanged (already a state-level value),Ebonyi
2011,Jan-Jun 2011,Africa,Nigeria,Gombe,Rabies virus (Inf. with),,Both animal categories,-,,-,5,,-,,-,,,,Rabies,-,-,-,5,-,-,-,5.0,,outbreak_row_BOTH,Jan-Jun,Gombe,Gombe,Unchanged (already a state-level value),Gombe
2011,Jan-Jun 2011,Africa,Nigeria,Gombe,Rabies virus (Inf. with),,Domestic,-,Dogs,-,-,152.0,Animal,8.0,4,0.0,4.0,0.0,Rabies,8,4,4,-,0,152,0,,4.0,animal_record,Jan-Jun,Gombe,Gombe,Unchanged (already a state-level value),Gombe
2011,Jan-Jun 2011,Africa,Nigeria,Gombe,Rabies virus (Inf. with),,Domestic,-,Cattle,-,-,20.0,Animal,1.0,0,0.0,1.0,0.0,Rabies,1,1,0,-,0,20,0,,0.0,animal_record,Jan-Jun,Gombe,Gombe,Unchanged (already a state-level value),Gombe
2011,Jan-Jun 2011,Africa,Nigeria,Niger,Trypanosomosis (tsetse-transmitted) (-2021),,Both animal categories,-,,-,1,,-,,-,,,,Trypanosomosis,-,-,-,1,-,-,-,1.0,,outbreak_row_BOTH,Jan-Jun,Niger,Niger,Unchanged (already a state-level value),Niger
2011,Jan-Jun 2011,Africa,Nigeria,Niger,Trypanosomosis (tsetse-transmitted) (-2021),,Domestic,-,Cattle,-,-,30.0,Animal,7.0,0,0.0,0.0,,Trypanosomosis,7,0,0,-,0,30,-,,0.0,animal_record,Jan-Jun,Niger,Niger,Unchanged (already a state-level value),Niger
2011,Jan-Jun 2011,Africa,Nigeria,Osun,Rabies virus (Inf. with),,Both animal categories,-,,-,1,,-,,-,,,,Rabies,-,-,-,1,-,-,-,1.0,,outbreak_row_BOTH,Jan-Jun,Osun,Osun,Unchanged (already a state-level value),Osun
2011,Jan-Jun 2011,Africa,Nigeria,Osun,Rabies virus (Inf. with),,Domestic,-,Dogs,-,-,1.0,Animal,1.0,1,0.0,0.0,0.0,Rabies,1,0,1,-,0,1,0,,1.0,animal_record,Jan-Jun,Osun,Osun,Unchanged (already a state-level value),Osun
2012,Jan-Jun 2012,Africa,Nigeria,Benue,Rabies virus (Inf. with),,Both animal categories,-,,-,1,,-,,-,,,,Rabies,-,-,-,1,-,-,-,1.0,,outbreak_row_BOTH,Jan-Jun,Benue,Benue,Unchanged (already a state-level value),Benue
2012,Jan-Jun 2012,Africa,Nigeria,Benue,Rabies virus (Inf. with),,Domestic,-,Dogs,-,-,1.0,Animal,1.0,1,0.0,0.0,0.0,Rabies,1,0,1,-,0,1,0,,1.0,animal_record,Jan-Jun,Benue,Benue,Unchanged (already a state-level value),Benue
2012,Jan-Jun 2012,Africa,Nigeria,Ekiti,Rabies virus (Inf. with),,Both animal categories,-,,-,1,,-,,-,,,,Rabies,-,-,-,1,-,-,-,1.0,,outbreak_row_BOTH,Jan-Jun,Ekiti,Ekiti,Unchanged (already a state-level value),Ekiti
2012,Jan-Jun 2012,Africa,Nigeria,Ekiti,Rabies virus (Inf. with),,Domestic,-,Dogs,-,-,100.0,Animal,1.0,1,0.0,0.0,0.0,Rabies,1,0,1,-,0,100,0,,1.0,animal_record,Jan-Jun,Ekiti,Ekiti,Unchanged (already a state-level value),Ekiti
2012,Jan-Jun 2012,Africa,Nigeria,Imo,Rabies virus (Inf. with),,Both animal categories,-,,-,2,,-,,-,,,,Rabies,-,-,-,2,-,-,-,2.0,,outbreak_row_BOTH,Jan-Jun,Imo,Imo,Unchanged (already a state-level value),Imo
2012,Jan-Jun 2012,Africa,Nigeria,Imo,Rabies virus (Inf. with),,Domestic,-,Dogs,-,-,2.0,Animal,2.0,2,0.0,0.0,0.0,Rabies,2,0,2,-,0,2,0,,2.0,animal_record,Jan-Jun,Imo,Imo,Unchanged (already a state-level value),Imo
2012,Jan-Jun 2012,Africa,Nigeria,Kogi,Rabies virus (Inf. with),,Both animal categories,-,,-,1,,-,,-,,,,Rabies,-,-,-,1,-,-,-,1.0,,outbreak_row_BOTH,Jan-Jun,Kogi,Kogi,Unchanged (already a state-level value),Kogi
2012,Jan-Jun 2012,Africa,Nigeria,Kogi,Rabies virus (Inf. with),,Domestic,-,Dogs,-,-,30.0,Animal,1.0,1,0.0,0.0,0.0,Rabies,1,0,1,-,0,30,0,,1.0,animal_record,Jan-Jun,Kogi,Kogi,Unchanged (already a state-level value),Kogi
2012,Jan-Jun 2012,Africa,Nigeria,Taraba,Rabies virus (Inf. with),,Both animal categories,-,,-,1,,-,,-,,,,Rabies,-,-,-,1,-,-,-,1.0,,outbreak_row_BOTH,Jan-Jun,Taraba,Taraba,Unchanged (already a state-level value),Taraba
2012,Jan-Jun 2012,Africa,Nigeria,Taraba,Rabies virus (Inf. with),,Domestic,-,Dogs,-,-,1.0,Animal,1.0,1,0.0,0.0,0.0,Rabies,1,0,1,-,0,1,0,,1.0,animal_record,Jan-Jun,Taraba,Taraba,Unchanged (already a state-level value),Taraba
2012,Jul-Dec 2012,Africa,Nigeria,Bauchi,Rabies virus (Inf. with),not typed,Both animal categories,-,,-,2,,-,,-,,,,Rabies,-,-,-,2,-,-,-,2.0,,outbreak_row_BOTH,Jul-Dec,Bauchi,Bauchi,Unchanged (already a state-level value),Bauchi
2012,Jul-Dec 2012,Africa,Nigeria,Bauchi,Rabies virus (Inf. with),not typed,Domestic,-,Dogs,-,-,1575.0,Animal,1575.0,125,0.0,78.0,0.0,Rabies,1575,78,125,-,0,1575,0,,125.0,animal_record,Jul-Dec,Bauchi,Bauchi,Unchanged (already a state-level value),Bauchi
2012,Jul-Dec 2012,Africa,Nigeria,Bauchi,Rabies virus (Inf. with),not typed,Domestic,-,Cattle,-,-,,Animal,,-,,,,Rabies,-,-,-,-,-,-,-,,,animal_record,Jul-Dec,Bauchi,Bauchi,Unchanged (already a state-level value),Bauchi
2012,Jul-Dec 2012,Africa,Nigeria,Bauchi,Rabies virus (Inf. with),RABV;not typed,Both animal categories,-,,-,2,,-,,-,,,,Rabies,-,-,-,2,-,-,-,2.0,,outbreak_row_BOTH,Jul-Dec,Bauchi,Bauchi,Unchanged (already a state-level value),Bauchi
2012,Jul-Dec 2012,Africa,Nigeria,Bauchi,Rabies virus (Inf. with),RABV;not typed,Domestic,-,Cattle,-,-,31.0,Animal,6.0,0,4.0,2.0,0.0,Rabies,6,2,0,-,4,31,0,,0.0,animal_record,Jul-Dec,Bauchi,Bauchi,Unchanged (already a state-level value),Bauchi
2012,Jul-Dec 2012,Africa,Nigeria,Bauchi,Rabies virus (Inf. with),RABV;not typed,Domestic,-,Dogs,-,-,,Animal,1.0,1,0.0,0.0,,Rabies,1,0,1,-,0,-,-,,1.0,animal_record,Jul-Dec,Bauchi,Bauchi,Unchanged (already a state-level value),Bauchi
2012,Jul-Dec 2012,Africa,Nigeria,Cross River,Rabies virus (Inf. with),RABV,Both animal categories,-,,-,3,,-,,-,,,,Rabies,-,-,-,3,-,-,-,3.0,,outbreak_row_BOTH,Jul-Dec,Cross River,Cross River,Unchanged (already a state-level value),Cross River
2012,Jul-Dec 2012,Africa,Nigeria,Cross River,Rabies virus (Inf. with),RABV,Domestic,-,Dogs,-,-,,Animal,3.0,0,0.0,3.0,0.0,Rabies,3,3,0,-,0,-,0,,0.0,animal_record,Jul-Dec,Cross River,Cross River,Unchanged (already a state-level value),Cross River
2012,Jul-Dec 2012,Africa,Nigeria,Ekiti,Rabies virus (Inf. with),RABV,Both animal categories,-,,-,1,,-,,-,,,,Rabies,-,-,-,1,-,-,-,1.0,,outbreak_row_BOTH,Jul-Dec,Ekiti,Ekiti,Unchanged (already a state-level value),Ekiti
2012,Jul-Dec 2012,Africa,Nigeria,Ekiti,Rabies virus (Inf. with),RABV,Domestic,-,Dogs,-,-,1500.0,Animal,2.0,0,0.0,2.0,0.0,Rabies,2,2,0,-,0,1500,0,,0.0,animal_record,Jul-Dec,Ekiti,Ekiti,Unchanged (already a state-level value),Ekiti
2012,Jul-Dec 2012,Africa,Nigeria,Kaduna,Rabies virus (Inf. with),not typed,Both animal categories,-,,-,1,,-,,-,,,,Rabies,-,-,-,1,-,-,-,1.0,,outbreak_row_BOTH,Jul-Dec,Kaduna,Kaduna,Unchanged (already a state-level value),Kaduna
2012,Jul-Dec 2012,Africa,Nigeria,Kaduna,Rabies virus (Inf. with),not typed,Domestic,-,Dogs,-,-,12.0,Animal,1.0,0,0.0,1.0,0.0,Rabies,1,1,0,-,0,12,0,,0.0,animal_record,Jul-Dec,Kaduna,Kaduna,Unchanged (already a state-level value),Kaduna
2012,Jul-Dec 2012,Africa,Nigeria,Kogi,Rabies virus (Inf. with),not typed,Both animal categories,-,,-,1,,-,,-,,,,Rabies,-,-,-,1,-,-,-,1.0,,outbreak_row_BOTH,Jul-Dec,Kogi,Kogi,Unchanged (already a state-level value),Kogi
2012,Jul-Dec 2012,Africa,Nigeria,Kogi,Rabies virus (Inf. with),not typed,Domestic,-,Dogs,-,-,500.0,Animal,70.0,0,0.0,6.0,0.0,Rabies,70,6,0,-,0,500,0,,0.0,animal_record,Jul-Dec,Kogi,Kogi,Unchanged (already a state-level value),Kogi
2012,Jul-Dec 2012,Africa,Nigeria,Niger,Trypanosomosis (tsetse-transmitted) (-2021),,Both animal categories,-,,-,1,,-,,-,,,,Trypanosomosis,-,-,-,1,-,-,-,1.0,,outbreak_row_BOTH,Jul-Dec,Niger,Niger,Unchanged (already a state-level value),Niger
2012,Jul-Dec 2012,Africa,Nigeria,Niger,Trypanosomosis (tsetse-transmitted) (-2021),,Domestic,-,Cattle,-,-,400.0,Animal,10.0,0,0.0,2.0,,Trypanosomosis,10,2,0,-,0,400,-,,0.0,animal_record,Jul-Dec,Niger,Niger,Unchanged (already a state-level value),Niger
2012,Jul-Dec 2012,Africa,Nigeria,Osun,Rabies virus (Inf. with),RABV,Both animal categories,-,,-,1,,-,,-,,,,Rabies,-,-,-,1,-,-,-,1.0,,outbreak_row_BOTH,Jul-Dec,Osun,Osun,Unchanged (already a state-level value),Osun
2012,Jul-Dec 2012,Africa,Nigeria,Osun,Rabies virus (Inf. with),RABV,Domestic,-,Dogs,-,-,4.0,Animal,1.0,0,0.0,1.0,0.0,Rabies,1,1,0,-,0,4,0,,0.0,animal_record,Jul-Dec,Osun,Osun,Unchanged (already a state-level value),Osun
2012,Jul-Dec 2012,Africa,Nigeria,Plateau,Rabies virus (Inf. with),not typed,Both animal categories,-,,-,2,,-,,-,,,,Rabies,-,-,-,2,-,-,-,2.0,,outbreak_row_BOTH,Jul-Dec,Plateau,Plateau,Unchanged (already a state-level value),Plateau
2012,Jul-Dec 2012,Africa,Nigeria,Plateau,Rabies virus (Inf. with),not typed,Domestic,-,Dogs,-,-,4.0,Animal,2.0,2,0.0,0.0,0.0,Rabies,2,0,2,-,0,4,0,,2.0,animal_record,Jul-Dec,Plateau,Plateau,Unchanged (already a state-level value),Plateau
2013,Jan-Jun 2013,Africa,Nigeria,Anambra,Rabies virus (Inf. with),not typed,Both animal categories,-,,-,1,,-,,-,,,,Rabies,-,-,-,1,-,-,-,1.0,,outbreak_row_BOTH,Jan-Jun,Anambra,Anambra,Unchanged (already a state-level value),Anambra
2013,Jan-Jun 2013,Africa,Nigeria,Anambra,Rabies virus (Inf. with),not typed,Domestic,-,Dogs,-,-,5.0,Animal,3.0,0,0.0,3.0,2.0,Rabies,3,3,0,-,0,5,2,,0.0,animal_record,Jan-Jun,Anambra,Anambra,Unchanged (already a state-level value),Anambra
2013,Jan-Jun 2013,Africa,Nigeria,Bauchi,Rabies virus (Inf. with),not typed,Domestic,-,Cattle,-,-,,Animal,,-,,,,Rabies,-,-,-,-,-,-,-,,,animal_record,Jan-Jun,Bauchi,Bauchi,Unchanged (already a state-level value),Bauchi
2013,Jan-Jun 2013,Africa,Nigeria,Bauchi,Rabies virus (Inf. with),not typed,Domestic,-,Dogs,-,-,,Animal,,-,,,,Rabies,-,-,-,-,-,-,-,,,animal_record,Jan-Jun,Bauchi,Bauchi,Unchanged (already a state-level value),Bauchi
2013,Jan-Jun 2013,Africa,Nigeria,Ekiti,Rabies virus (Inf. with),not typed,Both animal categories,-,,-,1,,-,,-,,,,Rabies,-,-,-,1,-,-,-,1.0,,outbreak_row_BOTH,Jan-Jun,Ekiti,Ekiti,Unchanged (already a state-level value),Ekiti
2013,Jan-Jun 2013,Africa,Nigeria,Ekiti,Rabies virus (Inf. with),not typed,Domestic,-,Dogs,-,-,250.0,Animal,1.0,0,0.0,1.0,0.0,Rabies,1,1,0,-,0,250,0,,0.0,animal_record,Jan-Jun,Ekiti,Ekiti,Unchanged (already a state-level value),Ekiti
2013,Jan-Jun 2013,Africa,Nigeria,Enugu,Trypanosomosis (tsetse-transmitted) (-2021),,Both animal categories,-,,-,3,,-,,-,,,,Trypanosomosis,-,-,-,3,-,-,-,3.0,,outbreak_row_BOTH,Jan-Jun,Enugu,Enugu,Unchanged (already a state-level value),Enugu
2013,Jan-Jun 2013,Africa,Nigeria,Enugu,Trypanosomosis (tsetse-transmitted) (-2021),,Domestic,-,Swine,-,-,3.0,Animal,3.0,-,,,,Trypanosomosis,3,-,-,-,-,3,-,,,animal_record,Jan-Jun,Enugu,Enugu,Unchanged (already a state-level value),Enugu
2013,Jan-Jun 2013,Africa,Nigeria,Enugu,Trypanosomosis (tsetse-transmitted) (-2021),,Domestic,-,Dogs,-,-,2.0,Animal,2.0,-,,,,Trypanosomosis,2,-,-,-,-,2,-,,,animal_record,Jan-Jun,Enugu,Enugu,Unchanged (already a state-level value),Enugu
2013,Jan-Jun 2013,Africa,Nigeria,Enugu,Trypanosomosis (tsetse-transmitted) (-2021),,Domestic,-,Goats,-,-,,Animal,2.0,-,,,,Trypanosomosis,2,-,-,-,-,-,-,,,animal_record,Jan-Jun,Enugu,Enugu,Unchanged (already a state-level value),Enugu
2013,Jan-Jun 2013,Africa,Nigeria,Imo,Rabies virus (Inf. with),not typed,Both animal categories,-,,-,1,,-,,-,,,,Rabies,-,-,-,1,-,-,-,1.0,,outbreak_row_BOTH,Jan-Jun,Imo,Imo,Unchanged (already a state-level value),Imo
2013,Jan-Jun 2013,Africa,Nigeria,Imo,Rabies virus (Inf. with),not typed,Domestic,-,Dogs,-,-,1.0,Animal,1.0,0,0.0,1.0,0.0,Rabies,1,1,0,-,0,1,0,,0.0,animal_record,Jan-Jun,Imo,Imo,Unchanged (already a state-level value),Imo
2013,Jan-Jun 2013,Africa,Nigeria,Kaduna,Rabies virus (Inf. with),not typed,Both animal categories,-,,-,1,,-,,-,,,,Rabies,-,-,-,1,-,-,-,1.0,,outbreak_row_BOTH,Jan-Jun,Kaduna,Kaduna,Unchanged (already a state-level value),Kaduna
2013,Jan-Jun 2013,Africa,Nigeria,Kaduna,Rabies virus (Inf. with),not typed,Domestic,-,Dogs,-,-,130.0,Animal,5.0,0,0.0,5.0,0.0,Rabies,5,5,0,-,0,130,0,,0.0,animal_record,Jan-Jun,Kaduna,Kaduna,Unchanged (already a state-level value),Kaduna
2013,Jan-Jun 2013,Africa,Nigeria,Niger,Trypanosomosis (tsetse-transmitted) (-2021),,Both animal categories,-,,-,5,,-,,-,,,,Trypanosomosis,-,-,-,5,-,-,-,5.0,,outbreak_row_BOTH,Jan-Jun,Niger,Niger,Unchanged (already a state-level value),Niger
2013,Jan-Jun 2013,Africa,Nigeria,Niger,Trypanosomosis (tsetse-transmitted) (-2021),,Domestic,-,Cattle,-,-,299.0,Animal,54.0,0,6.0,0.0,,Trypanosomosis,54,0,0,-,6,299,-,,0.0,animal_record,Jan-Jun,Niger,Niger,Unchanged (already a state-level value),Niger
2013,Jan-Jun 2013,Africa,Nigeria,Osun,Rabies virus (Inf. with),not typed,Both animal categories,-,,-,2,,-,,-,,,,Rabies,-,-,-,2,-,-,-,2.0,,outbreak_row_BOTH,Jan-Jun,Osun,Osun,Unchanged (already a state-level value),Osun
2013,Jan-Jun 2013,Africa,Nigeria,Osun,Rabies virus (Inf. with),not typed,Domestic,-,Dogs,-,-,14.0,Animal,2.0,0,0.0,2.0,122.0,Rabies,2,2,0,-,0,14,122,,0.0,animal_record,Jan-Jun,Osun,Osun,Unchanged (already a state-level value),Osun
2013,Jan-Jun 2013,Africa,Nigeria,Plateau,Rabies virus (Inf. with),not typed,Both animal categories,-,,-,12,,-,,-,,,,Rabies,-,-,-,12,-,-,-,12.0,,outbreak_row_BOTH,Jan-Jun,Plateau,Plateau,Unchanged (already a state-level value),Plateau
2013,Jan-Jun 2013,Africa,Nigeria,Plateau,Rabies virus (Inf. with),not typed,Domestic,-,Dogs,-,-,1083.0,Animal,13.0,0,12.0,6.0,87.0,Rabies,13,6,0,-,12,1083,87,,0.0,animal_record,Jan-Jun,Plateau,Plateau,Unchanged (already a state-level value),Plateau
2013,Jul-Dec 2013,Africa,Nigeria,Ekiti,Rabies virus (Inf. with),not typed,Both animal categories,-,,-,2,,-,,-,,,,Rabies,-,-,-,2,-,-,-,2.0,,outbreak_row_BOTH,Jul-Dec,Ekiti,Ekiti,Unchanged (already a state-level value),Ekiti
2013,Jul-Dec 2013,Africa,Nigeria,Ekiti,Rabies virus (Inf. with),not typed,Domestic,-,Dogs,-,-,50.0,Animal,2.0,1,0.0,1.0,0.0,Rabies,2,1,1,-,0,50,0,,1.0,animal_record,Jul-Dec,Ekiti,Ekiti,Unchanged (already a state-level value),Ekiti
2013,Jul-Dec 2013,Africa,Nigeria,Niger,Rabies virus (Inf. with),not typed,Both animal categories,-,,-,1,,-,,-,,,,Rabies,-,-,-,1,-,-,-,1.0,,outbreak_row_BOTH,Jul-Dec,Niger,Niger,Unchanged (already a state-level value),Niger
2013,Jul-Dec 2013,Africa,Nigeria,Niger,Rabies virus (Inf. with),not typed,Domestic,-,Dogs,-,-,22.0,Animal,3.0,0,0.0,3.0,0.0,Rabies,3,3,0,-,0,22,0,,0.0,animal_record,Jul-Dec,Niger,Niger,Unchanged (already a state-level value),Niger
2013,Jul-Dec 2013,Africa,Nigeria,Niger,Trypanosomosis (tsetse-transmitted) (-2021),,Both animal categories,-,,-,3,,-,,-,,,,Trypanosomosis,-,-,-,3,-,-,-,3.0,,outbreak_row_BOTH,Jul-Dec,Niger,Niger,Unchanged (already a state-level value),Niger
2013,Jul-Dec 2013,Africa,Nigeria,Niger,Trypanosomosis (tsetse-transmitted) (-2021),,Domestic,-,Cattle,-,-,31.0,Animal,10.0,0,0.0,0.0,,Trypanosomosis,10,0,0,-,0,31,-,,0.0,animal_record,Jul-Dec,Niger,Niger,Unchanged (already a state-level value),Niger
2013,Jul-Dec 2013,Africa,Nigeria,Plateau,Rabies virus (Inf. with),not typed,Both animal categories,-,,-,10,,-,,-,,,,Rabies,-,-,-,10,-,-,-,10.0,,outbreak_row_BOTH,Jul-Dec,Plateau,Plateau,Unchanged (already a state-level value),Plateau
2013,Jul-Dec 2013,Africa,Nigeria,Plateau,Rabies virus (Inf. with),not typed,Domestic,-,Dogs,-,-,273.0,Animal,10.0,0,0.0,10.0,166.0,Rabies,10,10,0,-,0,273,166,,0.0,animal_record,Jul-Dec,Plateau,Plateau,Unchanged (already a state-level value),Plateau
2014,Jan-Jun 2014,Africa,Nigeria,Niger,Trypanosomosis (tsetse-transmitted) (-2021),,Both animal categories,-,,-,3,,-,,-,,,,Trypanosomosis,-,-,-,3,-,-,-,3.0,,outbreak_row_BOTH,Jan-Jun,Niger,Niger,Unchanged (already a state-level value),Niger
2014,Jan-Jun 2014,Africa,Nigeria,Niger,Trypanosomosis (tsetse-transmitted) (-2021),,Domestic,-,Cattle,-,-,94.0,Animal,34.0,0,0.0,0.0,,Trypanosomosis,34,0,0,-,0,94,-,,0.0,animal_record,Jan-Jun,Niger,Niger,Unchanged (already a state-level value),Niger
2014,Jan-Jun 2014,Africa,Nigeria,Osun,Rabies virus (Inf. with),,Both animal categories,-,,-,1,,-,,-,,,,Rabies,-,-,-,1,-,-,-,1.0,,outbreak_row_BOTH,Jan-Jun,Osun,Osun,Unchanged (already a state-level value),Osun
2014,Jan-Jun 2014,Africa,Nigeria,Osun,Rabies virus (Inf. with),,Domestic,-,Dogs,-,-,4.0,Animal,1.0,0,0.0,1.0,6.0,Rabies,1,1,0,-,0,4,6,,0.0,animal_record,Jan-Jun,Osun,Osun,Unchanged (already a state-level value),Osun
2014,Jan-Jun 2014,Africa,Nigeria,Plateau,Rabies virus (Inf. with),,Both animal categories,-,,-,5,,-,,-,,,,Rabies,-,-,-,5,-,-,-,5.0,,outbreak_row_BOTH,Jan-Jun,Plateau,Plateau,Unchanged (already a state-level value),Plateau
2014,Jan-Jun 2014,Africa,Nigeria,Plateau,Rabies virus (Inf. with),,Domestic,-,Dogs,-,-,4.0,Animal,5.0,0,0.0,5.0,159.0,Rabies,5,5,0,-,0,4,159,,0.0,animal_record,Jan-Jun,Plateau,Plateau,Unchanged (already a state-level value),Plateau
2014,Jul-Dec 2014,Africa,Nigeria,Nigeria,High pathogenicity avian influenza viruses (Inf. with) (poultry),H5 (N untyped),Both animal categories,-,,-,1,,-,,-,,,,HPAI,-,-,-,1,-,-,-,1.0,,outbreak_row_BOTH,Jul-Dec,Nigeria,Nigeria (state not specified),"Flagged (non-state entity, not recoded)",Nigeria (state not specified)
2014,Jul-Dec 2014,Africa,Nigeria,Nigeria,High pathogenicity avian influenza viruses (Inf. with) (poultry),H5 (N untyped),Domestic,-,Birds,-,-,50000.0,Animal,3300.0,0,0.0,3300.0,0.0,HPAI,3300,3300,0,-,0,50000,0,,0.0,animal_record,Jul-Dec,Nigeria,Nigeria (state not specified),"Flagged (non-state entity, not recoded)",Nigeria (state not specified)
2014,Jul-Dec 2014,Africa,Nigeria,Osun,Rabies virus (Inf. with),,Both animal categories,-,,-,2,,-,,-,,,,Rabies,-,-,-,2,-,-,-,2.0,,outbreak_row_BOTH,Jul-Dec,Osun,Osun,Unchanged (already a state-level value),Osun
2014,Jul-Dec 2014,Africa,Nigeria,Osun,Rabies virus (Inf. with),,Domestic,-,Dogs,-,-,3.0,Animal,2.0,0,0.0,2.0,0.0,Rabies,2,2,0,-,0,3,0,,0.0,animal_record,Jul-Dec,Osun,Osun,Unchanged (already a state-level value),Osun
2014,Jul-Dec 2014,Africa,Nigeria,Plateau,Rabies virus (Inf. with),,Both animal categories,-,,-,1,,-,,-,,,,Rabies,-,-,-,1,-,-,-,1.0,,outbreak_row_BOTH,Jul-Dec,Plateau,Plateau,Unchanged (already a state-level value),Plateau
2014,Jul-Dec 2014,Africa,Nigeria,Plateau,Rabies virus (Inf. with),,Domestic,-,Dogs,-,-,10.0,Animal,1.0,0,0.0,1.0,0.0,Rabies,1,1,0,-,0,10,0,,0.0,animal_record,Jul-Dec,Plateau,Plateau,Unchanged (already a state-level value),Plateau
2015,Jan-Jun 2015,Africa,Nigeria,Bauchi,High pathogenicity avian influenza viruses (Inf. with) (poultry),H5N1,Both animal categories,-,,-,5,,-,,-,,,,HPAI,-,-,-,5,-,-,-,5.0,,outbreak_row_BOTH,Jan-Jun,Bauchi,Bauchi,Unchanged (already a state-level value),Bauchi
2015,Jan-Jun 2015,Africa,Nigeria,Bauchi,High pathogenicity avian influenza viruses (Inf. with) (poultry),H5N1,Domestic,-,Birds,-,-,9688.0,Animal,548.0,8507,0.0,548.0,,HPAI,548,548,8507,-,0,9688,-,,8507.0,animal_record,Jan-Jun,Bauchi,Bauchi,Unchanged (already a state-level value),Bauchi
2015,Jan-Jun 2015,Africa,Nigeria,Delta,High pathogenicity avian influenza viruses (Inf. with) (poultry),H5N1,Both animal categories,-,,-,1,,-,,-,,,,HPAI,-,-,-,1,-,-,-,1.0,,outbreak_row_BOTH,Jan-Jun,Delta,Delta,Unchanged (already a state-level value),Delta
2015,Jan-Jun 2015,Africa,Nigeria,Delta,High pathogenicity avian influenza viruses (Inf. with) (poultry),H5N1,Domestic,-,Birds,-,-,1950.0,Animal,1550.0,400,0.0,1550.0,,HPAI,1550,1550,400,-,0,1950,-,,400.0,animal_record,Jan-Jun,Delta,Delta,Unchanged (already a state-level value),Delta
2015,Jan-Jun 2015,Africa,Nigeria,Edo,High pathogenicity avian influenza viruses (Inf. with) (poultry),H5N1,Both animal categories,-,,-,1,,-,,-,,,,HPAI,-,-,-,1,-,-,-,1.0,,outbreak_row_BOTH,Jan-Jun,Edo,Edo,Unchanged (already a state-level value),Edo
2015,Jan-Jun 2015,Africa,Nigeria,Edo,High pathogenicity avian influenza viruses (Inf. with) (poultry),H5N1,Domestic,-,Birds,-,-,410.0,Animal,200.0,0,0.0,200.0,,HPAI,200,200,0,-,0,410,-,,0.0,animal_record,Jan-Jun,Edo,Edo,Unchanged (already a state-level value),Edo
2015,Jan-Jun 2015,Africa,Nigeria,Jigawa,High pathogenicity avian influenza viruses (Inf. with) (poultry),H5N1,Both animal categories,-,,-,3,,-,,-,,,,HPAI,-,-,-,3,-,-,-,3.0,,outbreak_row_BOTH,Jan-Jun,Jigawa,Jigawa,Unchanged (already a state-level value),Jigawa
2015,Jan-Jun 2015,Africa,Nigeria,Jigawa,High pathogenicity avian influenza viruses (Inf. with) (poultry),H5N1,Domestic,-,Birds,-,-,1550.0,Animal,183.0,1096,0.0,183.0,,HPAI,183,183,1096,-,0,1550,-,,1096.0,animal_record,Jan-Jun,Jigawa,Jigawa,Unchanged (already a state-level value),Jigawa
2015,Jan-Jun 2015,Africa,Nigeria,Kaduna,High pathogenicity avian influenza viruses (Inf. with) (poultry),H5N1,Both animal categories,-,,-,3,,-,,-,,,,HPAI,-,-,-,3,-,-,-,3.0,,outbreak_row_BOTH,Jan-Jun,Kaduna,Kaduna,Unchanged (already a state-level value),Kaduna
2015,Jan-Jun 2015,Africa,Nigeria,Kaduna,High pathogenicity avian influenza viruses (Inf. with) (poultry),H5N1,Domestic,-,Birds,-,-,5970.0,Animal,1315.0,665,0.0,715.0,,HPAI,1315,715,665,-,0,5970,-,,665.0,animal_record,Jan-Jun,Kaduna,Kaduna,Unchanged (already a state-level value),Kaduna
2015,Jan-Jun 2015,Africa,Nigeria,Kano,High pathogenicity avian influenza viruses (Inf. with) (poultry),H5N1,Both animal categories,-,,-,29,,-,,-,,,,HPAI,-,-,-,29,-,-,-,29.0,,outbreak_row_BOTH,Jan-Jun,Kano,Kano,Unchanged (already a state-level value),Kano
2015,Jan-Jun 2015,Africa,Nigeria,Kano,High pathogenicity avian influenza viruses (Inf. with) (poultry),H5N1,Domestic,-,Birds,-,-,143723.0,Animal,10071.0,75804,258.0,8245.0,,HPAI,10071,8245,75804,-,258,143723,-,,75804.0,animal_record,Jan-Jun,Kano,Kano,Unchanged (already a state-level value),Kano
2015,Jan-Jun 2015,Africa,Nigeria,Lagos,High pathogenicity avian influenza viruses (Inf. with) (poultry),H5N1,Both animal categories,-,,-,4,,-,,-,,,,HPAI,-,-,-,4,-,-,-,4.0,,outbreak_row_BOTH,Jan-Jun,Lagos,Lagos,Unchanged (already a state-level value),Lagos
2015,Jan-Jun 2015,Africa,Nigeria,Lagos,High pathogenicity avian influenza viruses (Inf. with) (poultry),H5N1,Domestic,-,Birds,-,-,7570.0,Animal,1132.0,124,0.0,1114.0,,HPAI,1132,1114,124,-,0,7570,-,,124.0,animal_record,Jan-Jun,Lagos,Lagos,Unchanged (already a state-level value),Lagos
2015,Jan-Jun 2015,Africa,Nigeria,Nasarawa,High pathogenicity avian influenza viruses (Inf. with) (poultry),H5N1,Both animal categories,-,,-,1,,-,,-,,,,HPAI,-,-,-,1,-,-,-,1.0,,outbreak_row_BOTH,Jan-Jun,Nasarawa,Nasarawa,Unchanged (already a state-level value),Nasarawa
2015,Jan-Jun 2015,Africa,Nigeria,Nasarawa,High pathogenicity avian influenza viruses (Inf. with) (poultry),H5N1,Domestic,-,Birds,-,-,2500.0,Animal,1400.0,1100,0.0,1400.0,,HPAI,1400,1400,1100,-,0,2500,-,,1100.0,animal_record,Jan-Jun,Nasarawa,Nasarawa,Unchanged (already a state-level value),Nasarawa
2015,Jan-Jun 2015,Africa,Nigeria,Ogun,High pathogenicity avian influenza viruses (Inf. with) (poultry),H5N1,Both animal categories,-,,-,4,,-,,-,,,,HPAI,-,-,-,4,-,-,-,4.0,,outbreak_row_BOTH,Jan-Jun,Ogun,Ogun,Unchanged (already a state-level value),Ogun
2015,Jan-Jun 2015,Africa,Nigeria,Ogun,High pathogenicity avian influenza viruses (Inf. with) (poultry),H5N1,Domestic,-,Birds,-,-,42946.0,Animal,2738.0,36788,0.0,2738.0,,HPAI,2738,2738,36788,-,0,42946,-,,36788.0,animal_record,Jan-Jun,Ogun,Ogun,Unchanged (already a state-level value),Ogun
2015,Jan-Jun 2015,Africa,Nigeria,Osun,Rabies virus (Inf. with),,Both animal categories,-,,-,1,,-,,-,,,,Rabies,-,-,-,1,-,-,-,1.0,,outbreak_row_BOTH,Jan-Jun,Osun,Osun,Unchanged (already a state-level value),Osun
2015,Jan-Jun 2015,Africa,Nigeria,Osun,Rabies virus (Inf. with),,Domestic,-,Dogs,-,-,3.0,Animal,2.0,1,0.0,1.0,0.0,Rabies,2,1,1,-,0,3,0,,1.0,animal_record,Jan-Jun,Osun,Osun,Unchanged (already a state-level value),Osun
2015,Jan-Jun 2015,Africa,Nigeria,Osun,Trypanosomosis (tsetse-transmitted) (-2021),,Both animal categories,-,,-,1,,-,,-,,,,Trypanosomosis,-,-,-,1,-,-,-,1.0,,outbreak_row_BOTH,Jan-Jun,Osun,Osun,Unchanged (already a state-level value),Osun
2015,Jan-Jun 2015,Africa,Nigeria,Osun,Trypanosomosis (tsetse-transmitted) (-2021),,Domestic,-,Cattle,-,-,30.0,Animal,3.0,0,0.0,1.0,,Trypanosomosis,3,1,0,-,0,30,-,,0.0,animal_record,Jan-Jun,Osun,Osun,Unchanged (already a state-level value),Osun
2015,Jan-Jun 2015,Africa,Nigeria,Oyo,High pathogenicity avian influenza viruses (Inf. with) (poultry),H5N1,Both animal categories,-,,-,2,,-,,-,,,,HPAI,-,-,-,2,-,-,-,2.0,,outbreak_row_BOTH,Jan-Jun,Oyo,Oyo,Unchanged (already a state-level value),Oyo
2015,Jan-Jun 2015,Africa,Nigeria,Oyo,High pathogenicity avian influenza viruses (Inf. with) (poultry),H5N1,Domestic,-,Birds,-,-,15000.0,Animal,10000.0,0,0.0,10000.0,,HPAI,10000,10000,0,-,0,15000,-,,0.0,animal_record,Jan-Jun,Oyo,Oyo,Unchanged (already a state-level value),Oyo
2015,Jan-Jun 2015,Africa,Nigeria,Oyo,Trypanosomosis (tsetse-transmitted) (-2021),,Both animal categories,-,,-,1,,-,,-,,,,Trypanosomosis,-,-,-,1,-,-,-,1.0,,outbreak_row_BOTH,Jan-Jun,Oyo,Oyo,Unchanged (already a state-level value),Oyo
2015,Jan-Jun 2015,Africa,Nigeria,Oyo,Trypanosomosis (tsetse-transmitted) (-2021),,Domestic,-,Dogs,-,-,1.0,Animal,1.0,0,0.0,0.0,,Trypanosomosis,1,0,0,-,0,1,-,,0.0,animal_record,Jan-Jun,Oyo,Oyo,Unchanged (already a state-level value),Oyo
2015,Jan-Jun 2015,Africa,Nigeria,Plateau,High pathogenicity avian influenza viruses (Inf. with) (poultry),H5N1,Both animal categories,-,,-,117,,-,,-,,,,HPAI,-,-,-,117,-,-,-,117.0,,outbreak_row_BOTH,Jan-Jun,Plateau,Plateau,Unchanged (already a state-level value),Plateau
2015,Jan-Jun 2015,Africa,Nigeria,Plateau,High pathogenicity avian influenza viruses (Inf. with) (poultry),H5N1,Domestic,-,Birds,-,-,384465.0,Animal,23584.0,343749,0.0,23574.0,,HPAI,23584,23574,343749,-,0,384465,-,,343749.0,animal_record,Jan-Jun,Plateau,Plateau,Unchanged (already a state-level value),Plateau
2015,Jan-Jun 2015,Africa,Nigeria,Rivers,High pathogenicity avian influenza viruses (Inf. with) (poultry),H5N1,Both animal categories,-,,-,3,,-,,-,,,,HPAI,-,-,-,3,-,-,-,3.0,,outbreak_row_BOTH,Jan-Jun,Rivers,Rivers,Unchanged (already a state-level value),Rivers
2015,Jan-Jun 2015,Africa,Nigeria,Rivers,High pathogenicity avian influenza viruses (Inf. with) (poultry),H5N1,Domestic,-,Birds,-,-,5250.0,Animal,1737.0,1988,0.0,1737.0,,HPAI,1737,1737,1988,-,0,5250,-,,1988.0,animal_record,Jan-Jun,Rivers,Rivers,Unchanged (already a state-level value),Rivers
2015,Jul-Dec 2015,Africa,Nigeria,Abia,High pathogenicity avian influenza viruses (Inf. with) (poultry),H5N1,Both animal categories,-,,-,2,,-,,-,,,,HPAI,-,-,-,2,-,-,-,2.0,,outbreak_row_BOTH,Jul-Dec,Abia,Abia,Unchanged (already a state-level value),Abia
2015,Jul-Dec 2015,Africa,Nigeria,Abia,High pathogenicity avian influenza viruses (Inf. with) (poultry),H5N1,Domestic,-,Birds,-,-,6569.0,Animal,2518.0,4032,0.0,2518.0,,HPAI,2518,2518,4032,-,0,6569,-,,4032.0,animal_record,Jul-Dec,Abia,Abia,Unchanged (already a state-level value),Abia
2015,Jul-Dec 2015,Africa,Nigeria,Adamawa,Rabies virus (Inf. with),,Both animal categories,-,,-,1,,-,,-,,,,Rabies,-,-,-,1,-,-,-,1.0,,outbreak_row_BOTH,Jul-Dec,Adamawa,Adamawa,Unchanged (already a state-level value),Adamawa
2015,Jul-Dec 2015,Africa,Nigeria,Adamawa,Rabies virus (Inf. with),,Domestic,-,Dogs,-,-,3.0,Animal,3.0,3,0.0,0.0,0.0,Rabies,3,0,3,-,0,3,0,,3.0,animal_record,Jul-Dec,Adamawa,Adamawa,Unchanged (already a state-level value),Adamawa
2015,Jul-Dec 2015,Africa,Nigeria,Anambra,High pathogenicity avian influenza viruses (Inf. with) (poultry),H5N1,Both animal categories,-,,-,1,,-,,-,,,,HPAI,-,-,-,1,-,-,-,1.0,,outbreak_row_BOTH,Jul-Dec,Anambra,Anambra,Unchanged (already a state-level value),Anambra
2015,Jul-Dec 2015,Africa,Nigeria,Anambra,High pathogenicity avian influenza viruses (Inf. with) (poultry),H5N1,Domestic,-,Birds,-,-,4000.0,Animal,1000.0,0,0.0,1000.0,,HPAI,1000,1000,0,-,0,4000,-,,0.0,animal_record,Jul-Dec,Anambra,Anambra,Unchanged (already a state-level value),Anambra
2015,Jul-Dec 2015,Africa,Nigeria,Bayelsa,High pathogenicity avian influenza viruses (Inf. with) (poultry),H5N1,Both animal categories,-,,-,1,,-,,-,,,,HPAI,-,-,-,1,-,-,-,1.0,,outbreak_row_BOTH,Jul-Dec,Bayelsa,Bayelsa,Unchanged (already a state-level value),Bayelsa
2015,Jul-Dec 2015,Africa,Nigeria,Bayelsa,High pathogenicity avian influenza viruses (Inf. with) (poultry),H5N1,Domestic,-,Birds,-,-,22800.0,Animal,1800.0,21000,0.0,1800.0,,HPAI,1800,1800,21000,-,0,22800,-,,21000.0,animal_record,Jul-Dec,Bayelsa,Bayelsa,Unchanged (already a state-level value),Bayelsa
2015,Jul-Dec 2015,Africa,Nigeria,Delta,High pathogenicity avian influenza viruses (Inf. with) (poultry),H5N1,Both animal categories,-,,-,3,,-,,-,,,,HPAI,-,-,-,3,-,-,-,3.0,,outbreak_row_BOTH,Jul-Dec,Delta,Delta,Unchanged (already a state-level value),Delta
2015,Jul-Dec 2015,Africa,Nigeria,Delta,High pathogenicity avian influenza viruses (Inf. with) (poultry),H5N1,Domestic,-,Birds,-,-,343238.0,Animal,8373.0,335105,0.0,8099.0,,HPAI,8373,8099,335105,-,0,343238,-,,335105.0,animal_record,Jul-Dec,Delta,Delta,Unchanged (already a state-level value),Delta
2015,Jul-Dec 2015,Africa,Nigeria,Edo,High pathogenicity avian influenza viruses (Inf. with) (poultry),H5N1,Both animal categories,-,,-,2,,-,,-,,,,HPAI,-,-,-,2,-,-,-,2.0,,outbreak_row_BOTH,Jul-Dec,Edo,Edo,Unchanged (already a state-level value),Edo
2015,Jul-Dec 2015,Africa,Nigeria,Edo,High pathogenicity avian influenza viruses (Inf. with) (poultry),H5N1,Domestic,-,Birds,-,-,11650.0,Animal,1830.0,9820,0.0,1830.0,,HPAI,1830,1830,9820,-,0,11650,-,,9820.0,animal_record,Jul-Dec,Edo,Edo,Unchanged (already a state-level value),Edo
2015,Jul-Dec 2015,Africa,Nigeria,Enugu,High pathogenicity avian influenza viruses (Inf. with) (poultry),H5N1,Both animal categories,-,,-,3,,-,,-,,,,HPAI,-,-,-,3,-,-,-,3.0,,outbreak_row_BOTH,Jul-Dec,Enugu,Enugu,Unchanged (already a state-level value),Enugu
2015,Jul-Dec 2015,Africa,Nigeria,Enugu,High pathogenicity avian influenza viruses (Inf. with) (poultry),H5N1,Domestic,-,Birds,-,-,123230.0,Animal,26629.0,95449,0.0,26167.0,,HPAI,26629,26167,95449,-,0,123230,-,,95449.0,animal_record,Jul-Dec,Enugu,Enugu,Unchanged (already a state-level value),Enugu
2015,Jul-Dec 2015,Africa,Nigeria,Federal Capital Territory,High pathogenicity avian influenza viruses (Inf. with) (poultry),H5N1,Both animal categories,-,,-,1,,-,,-,,,,HPAI,-,-,-,1,-,-,-,1.0,,outbreak_row_BOTH,Jul-Dec,Federal Capital Territory,Federal Capital Territory,Unchanged (already a state-level value),Federal Capital Territory
2015,Jul-Dec 2015,Africa,Nigeria,Federal Capital Territory,High pathogenicity avian influenza viruses (Inf. with) (poultry),H5N1,Domestic,-,Birds,-,-,800.0,Animal,400.0,0,0.0,400.0,,HPAI,400,400,0,-,0,800,-,,0.0,animal_record,Jul-Dec,Federal Capital Territory,Federal Capital Territory,Unchanged (already a state-level value),Federal Capital Territory
2015,Jul-Dec 2015,Africa,Nigeria,Gombe,High pathogenicity avian influenza viruses (Inf. with) (poultry),H5N1,Both animal categories,-,,-,1,,-,,-,,,,HPAI,-,-,-,1,-,-,-,1.0,,outbreak_row_BOTH,Jul-Dec,Gombe,Gombe,Unchanged (already a state-level value),Gombe
2015,Jul-Dec 2015,Africa,Nigeria,Gombe,High pathogenicity avian influenza viruses (Inf. with) (poultry),H5N1,Domestic,-,Birds,-,-,1000.0,Animal,370.0,0,0.0,350.0,,HPAI,370,350,0,-,0,1000,-,,0.0,animal_record,Jul-Dec,Gombe,Gombe,Unchanged (already a state-level value),Gombe
2015,Jul-Dec 2015,Africa,Nigeria,Jigawa,High pathogenicity avian influenza viruses (Inf. with) (poultry),H5N1,Both animal categories,-,,-,1,,-,,-,,,,HPAI,-,-,-,1,-,-,-,1.0,,outbreak_row_BOTH,Jul-Dec,Jigawa,Jigawa,Unchanged (already a state-level value),Jigawa
2015,Jul-Dec 2015,Africa,Nigeria,Jigawa,High pathogenicity avian influenza viruses (Inf. with) (poultry),H5N1,Domestic,-,Birds,-,-,4000.0,Animal,1000.0,3000,0.0,1000.0,,HPAI,1000,1000,3000,-,0,4000,-,,3000.0,animal_record,Jul-Dec,Jigawa,Jigawa,Unchanged (already a state-level value),Jigawa
2015,Jul-Dec 2015,Africa,Nigeria,Kaduna,High pathogenicity avian influenza viruses (Inf. with) (poultry),H5N1,Both animal categories,-,,-,1,,-,,-,,,,HPAI,-,-,-,1,-,-,-,1.0,,outbreak_row_BOTH,Jul-Dec,Kaduna,Kaduna,Unchanged (already a state-level value),Kaduna
2015,Jul-Dec 2015,Africa,Nigeria,Kaduna,High pathogenicity avian influenza viruses (Inf. with) (poultry),H5N1,Domestic,-,Birds,-,-,7500.0,Animal,1500.0,6000,0.0,1500.0,,HPAI,1500,1500,6000,-,0,7500,-,,6000.0,animal_record,Jul-Dec,Kaduna,Kaduna,Unchanged (already a state-level value),Kaduna
2015,Jul-Dec 2015,Africa,Nigeria,Kano,High pathogenicity avian influenza viruses (Inf. with) (poultry),H5N1,Both animal categories,-,,-,4,,-,,-,,,,HPAI,-,-,-,4,-,-,-,4.0,,outbreak_row_BOTH,Jul-Dec,Kano,Kano,Unchanged (already a state-level value),Kano
2015,Jul-Dec 2015,Africa,Nigeria,Kano,High pathogenicity avian influenza viruses (Inf. with) (poultry),H5N1,Domestic,-,Birds,-,-,15586.0,Animal,512.0,15074,0.0,512.0,,HPAI,512,512,15074,-,0,15586,-,,15074.0,animal_record,Jul-Dec,Kano,Kano,Unchanged (already a state-level value),Kano
2015,Jul-Dec 2015,Africa,Nigeria,Lagos,High pathogenicity avian influenza viruses (Inf. with) (poultry),H5N1,Both animal categories,-,,-,17,,-,,-,,,,HPAI,-,-,-,17,-,-,-,17.0,,outbreak_row_BOTH,Jul-Dec,Lagos,Lagos,Unchanged (already a state-level value),Lagos
2015,Jul-Dec 2015,Africa,Nigeria,Lagos,High pathogenicity avian influenza viruses (Inf. with) (poultry),H5N1,Domestic,-,Birds,-,-,71467.0,Animal,11606.0,55964,0.0,11606.0,,HPAI,11606,11606,55964,-,0,71467,-,,55964.0,animal_record,Jul-Dec,Lagos,Lagos,Unchanged (already a state-level value),Lagos
2015,Jul-Dec 2015,Africa,Nigeria,Nasarawa,High pathogenicity avian influenza viruses (Inf. with) (poultry),H5N1,Both animal categories,-,,-,1,,-,,-,,,,HPAI,-,-,-,1,-,-,-,1.0,,outbreak_row_BOTH,Jul-Dec,Nasarawa,Nasarawa,Unchanged (already a state-level value),Nasarawa
2015,Jul-Dec 2015,Africa,Nigeria,Nasarawa,High pathogenicity avian influenza viruses (Inf. with) (poultry),H5N1,Domestic,-,Birds,-,-,10000.0,Animal,1700.0,8300,0.0,1700.0,,HPAI,1700,1700,8300,-,0,10000,-,,8300.0,animal_record,Jul-Dec,Nasarawa,Nasarawa,Unchanged (already a state-level value),Nasarawa
2015,Jul-Dec 2015,Africa,Nigeria,Ogun,High pathogenicity avian influenza viruses (Inf. with) (poultry),H5N1,Both animal categories,-,,-,1,,-,,-,,,,HPAI,-,-,-,1,-,-,-,1.0,,outbreak_row_BOTH,Jul-Dec,Ogun,Ogun,Unchanged (already a state-level value),Ogun
2015,Jul-Dec 2015,Africa,Nigeria,Ogun,High pathogenicity avian influenza viruses (Inf. with) (poultry),H5N1,Domestic,-,Birds,-,-,2795.0,Animal,100.0,2695,0.0,100.0,,HPAI,100,100,2695,-,0,2795,-,,2695.0,animal_record,Jul-Dec,Ogun,Ogun,Unchanged (already a state-level value),Ogun
2015,Jul-Dec 2015,Africa,Nigeria,Osun,Trypanosomosis (tsetse-transmitted) (-2021),,Both animal categories,-,,-,1,,-,,-,,,,Trypanosomosis,-,-,-,1,-,-,-,1.0,,outbreak_row_BOTH,Jul-Dec,Osun,Osun,Unchanged (already a state-level value),Osun
2015,Jul-Dec 2015,Africa,Nigeria,Osun,Trypanosomosis (tsetse-transmitted) (-2021),,Domestic,-,Cattle,-,-,50.0,Animal,10.0,0,0.0,1.0,,Trypanosomosis,10,1,0,-,0,50,-,,0.0,animal_record,Jul-Dec,Osun,Osun,Unchanged (already a state-level value),Osun
2015,Jul-Dec 2015,Africa,Nigeria,Oyo,High pathogenicity avian influenza viruses (Inf. with) (poultry),H5N1,Both animal categories,-,,-,3,,-,,-,,,,HPAI,-,-,-,3,-,-,-,3.0,,outbreak_row_BOTH,Jul-Dec,Oyo,Oyo,Unchanged (already a state-level value),Oyo
2015,Jul-Dec 2015,Africa,Nigeria,Oyo,High pathogenicity avian influenza viruses (Inf. with) (poultry),H5N1,Domestic,-,Birds,-,-,14155.0,Animal,6477.0,7643,0.0,6477.0,,HPAI,6477,6477,7643,-,0,14155,-,,7643.0,animal_record,Jul-Dec,Oyo,Oyo,Unchanged (already a state-level value),Oyo
2015,Jul-Dec 2015,Africa,Nigeria,Rivers,High pathogenicity avian influenza viruses (Inf. with) (poultry),H5N1,Both animal categories,-,,-,36,,-,,-,,,,HPAI,-,-,-,36,-,-,-,36.0,,outbreak_row_BOTH,Jul-Dec,Rivers,Rivers,Unchanged (already a state-level value),Rivers
2015,Jul-Dec 2015,Africa,Nigeria,Rivers,High pathogenicity avian influenza viruses (Inf. with) (poultry),H5N1,Domestic,-,Birds,-,-,100428.0,Animal,17760.0,64168,0.0,17760.0,,HPAI,17760,17760,64168,-,0,100428,-,,64168.0,animal_record,Jul-Dec,Rivers,Rivers,Unchanged (already a state-level value),Rivers
2016,Jan-Jun 2016,Africa,Nigeria,Adamawa,High pathogenicity avian influenza viruses (Inf. with) (poultry),H5N1,Both animal categories,-,,-,3,,-,,-,,,,HPAI,-,-,-,3,-,-,-,3.0,,outbreak_row_BOTH,Jan-Jun,Adamawa,Adamawa,Unchanged (already a state-level value),Adamawa
2016,Jan-Jun 2016,Africa,Nigeria,Adamawa,High pathogenicity avian influenza viruses (Inf. with) (poultry),H5N1,Domestic,-,Birds,-,-,28900.0,Animal,3380.0,25520,0.0,3380.0,,HPAI,3380,3380,25520,-,0,28900,-,,25520.0,animal_record,Jan-Jun,Adamawa,Adamawa,Unchanged (already a state-level value),Adamawa
2016,Jan-Jun 2016,Africa,Nigeria,Bauchi,High pathogenicity avian influenza viruses (Inf. with) (poultry),H5N1,Both animal categories,-,,-,4,,-,,-,,,,HPAI,-,-,-,4,-,-,-,4.0,,outbreak_row_BOTH,Jan-Jun,Bauchi,Bauchi,Unchanged (already a state-level value),Bauchi
2016,Jan-Jun 2016,Africa,Nigeria,Bauchi,High pathogenicity avian influenza viruses (Inf. with) (poultry),H5N1,Domestic,-,Birds,-,-,76411.0,Animal,4283.0,72128,0.0,4283.0,,HPAI,4283,4283,72128,-,0,76411,-,,72128.0,animal_record,Jan-Jun,Bauchi,Bauchi,Unchanged (already a state-level value),Bauchi
2016,Jan-Jun 2016,Africa,Nigeria,Bayelsa,High pathogenicity avian influenza viruses (Inf. with) (poultry),H5N1,Both animal categories,-,,-,1,,-,,-,,,,HPAI,-,-,-,1,-,-,-,1.0,,outbreak_row_BOTH,Jan-Jun,Bayelsa,Bayelsa,Unchanged (already a state-level value),Bayelsa
2016,Jan-Jun 2016,Africa,Nigeria,Bayelsa,High pathogenicity avian influenza viruses (Inf. with) (poultry),H5N1,Domestic,-,Birds,-,-,3000.0,Animal,850.0,2150,0.0,850.0,,HPAI,850,850,2150,-,0,3000,-,,2150.0,animal_record,Jan-Jun,Bayelsa,Bayelsa,Unchanged (already a state-level value),Bayelsa
2016,Jan-Jun 2016,Africa,Nigeria,Benue,High pathogenicity avian influenza viruses (Inf. with) (poultry),H5N1,Both animal categories,-,,-,1,,-,,-,,,,HPAI,-,-,-,1,-,-,-,1.0,,outbreak_row_BOTH,Jan-Jun,Benue,Benue,Unchanged (already a state-level value),Benue
2016,Jan-Jun 2016,Africa,Nigeria,Benue,High pathogenicity avian influenza viruses (Inf. with) (poultry),H5N1,Domestic,-,Birds,-,-,350.0,Animal,148.0,202,0.0,148.0,,HPAI,148,148,202,-,0,350,-,,202.0,animal_record,Jan-Jun,Benue,Benue,Unchanged (already a state-level value),Benue
2016,Jan-Jun 2016,Africa,Nigeria,Delta,High pathogenicity avian influenza viruses (Inf. with) (poultry),H5N1,Both animal categories,-,,-,1,,-,,-,,,,HPAI,-,-,-,1,-,-,-,1.0,,outbreak_row_BOTH,Jan-Jun,Delta,Delta,Unchanged (already a state-level value),Delta
2016,Jan-Jun 2016,Africa,Nigeria,Delta,High pathogenicity avian influenza viruses (Inf. with) (poultry),H5N1,Domestic,-,Birds,-,-,1609.0,Animal,402.0,1207,0.0,402.0,,HPAI,402,402,1207,-,0,1609,-,,1207.0,animal_record,Jan-Jun,Delta,Delta,Unchanged (already a state-level value),Delta
2016,Jan-Jun 2016,Africa,Nigeria,Ebonyi,High pathogenicity avian influenza viruses (Inf. with) (poultry),H5N1,Both animal categories,-,,-,2,,-,,-,,,,HPAI,-,-,-,2,-,-,-,2.0,,outbreak_row_BOTH,Jan-Jun,Ebonyi,Ebonyi,Unchanged (already a state-level value),Ebonyi
2016,Jan-Jun 2016,Africa,Nigeria,Ebonyi,High pathogenicity avian influenza viruses (Inf. with) (poultry),H5N1,Domestic,-,Birds,-,-,2200.0,Animal,270.0,1930,0.0,270.0,,HPAI,270,270,1930,-,0,2200,-,,1930.0,animal_record,Jan-Jun,Ebonyi,Ebonyi,Unchanged (already a state-level value),Ebonyi
2016,Jan-Jun 2016,Africa,Nigeria,Edo,High pathogenicity avian influenza viruses (Inf. with) (poultry),H5N1,Both animal categories,-,,-,7,,-,,-,,,,HPAI,-,-,-,7,-,-,-,7.0,,outbreak_row_BOTH,Jan-Jun,Edo,Edo,Unchanged (already a state-level value),Edo
2016,Jan-Jun 2016,Africa,Nigeria,Edo,High pathogenicity avian influenza viruses (Inf. with) (poultry),H5N1,Domestic,-,Birds,-,-,36600.0,Animal,4134.0,32466,0.0,4134.0,,HPAI,4134,4134,32466,-,0,36600,-,,32466.0,animal_record,Jan-Jun,Edo,Edo,Unchanged (already a state-level value),Edo
2016,Jan-Jun 2016,Africa,Nigeria,Enugu,High pathogenicity avian influenza viruses (Inf. with) (poultry),H5N1,Both animal categories,-,,-,2,,-,,-,,,,HPAI,-,-,-,2,-,-,-,2.0,,outbreak_row_BOTH,Jan-Jun,Enugu,Enugu,Unchanged (already a state-level value),Enugu
2016,Jan-Jun 2016,Africa,Nigeria,Enugu,High pathogenicity avian influenza viruses (Inf. with) (poultry),H5N1,Domestic,-,Birds,-,-,5000.0,Animal,2385.0,2615,0.0,2385.0,,HPAI,2385,2385,2615,-,0,5000,-,,2615.0,animal_record,Jan-Jun,Enugu,Enugu,Unchanged (already a state-level value),Enugu
2016,Jan-Jun 2016,Africa,Nigeria,Federal Capital Territory,High pathogenicity avian influenza viruses (Inf. with) (poultry),H5N1,Both animal categories,-,,-,15,,-,,-,,,,HPAI,-,-,-,15,-,-,-,15.0,,outbreak_row_BOTH,Jan-Jun,Federal Capital Territory,Federal Capital Territory,Unchanged (already a state-level value),Federal Capital Territory
2016,Jan-Jun 2016,Africa,Nigeria,Federal Capital Territory,High pathogenicity avian influenza viruses (Inf. with) (poultry),H5N1,Domestic,-,Birds,-,-,377199.0,Animal,59797.0,317402,0.0,59797.0,,HPAI,59797,59797,317402,-,0,377199,-,,317402.0,animal_record,Jan-Jun,Federal Capital Territory,Federal Capital Territory,Unchanged (already a state-level value),Federal Capital Territory
2016,Jan-Jun 2016,Africa,Nigeria,Jigawa,High pathogenicity avian influenza viruses (Inf. with) (poultry),H5N1,Both animal categories,-,,-,2,,-,,-,,,,HPAI,-,-,-,2,-,-,-,2.0,,outbreak_row_BOTH,Jan-Jun,Jigawa,Jigawa,Unchanged (already a state-level value),Jigawa
2016,Jan-Jun 2016,Africa,Nigeria,Jigawa,High pathogenicity avian influenza viruses (Inf. with) (poultry),H5N1,Domestic,-,Birds,-,-,8105.0,Animal,1550.0,6555,0.0,1550.0,,HPAI,1550,1550,6555,-,0,8105,-,,6555.0,animal_record,Jan-Jun,Jigawa,Jigawa,Unchanged (already a state-level value),Jigawa
2016,Jan-Jun 2016,Africa,Nigeria,Kaduna,High pathogenicity avian influenza viruses (Inf. with) (poultry),H5N1,Both animal categories,-,,-,12,,-,,-,,,,HPAI,-,-,-,12,-,-,-,12.0,,outbreak_row_BOTH,Jan-Jun,Kaduna,Kaduna,Unchanged (already a state-level value),Kaduna
2016,Jan-Jun 2016,Africa,Nigeria,Kaduna,High pathogenicity avian influenza viruses (Inf. with) (poultry),H5N1,Domestic,-,Birds,-,-,144730.0,Animal,17156.0,127574,0.0,17156.0,,HPAI,17156,17156,127574,-,0,144730,-,,127574.0,animal_record,Jan-Jun,Kaduna,Kaduna,Unchanged (already a state-level value),Kaduna
2016,Jan-Jun 2016,Africa,Nigeria,Kano,High pathogenicity avian influenza viruses (Inf. with) (poultry),H5N1,Both animal categories,-,,-,91,,-,,-,,,,HPAI,-,-,-,91,-,-,-,91.0,,outbreak_row_BOTH,Jan-Jun,Kano,Kano,Unchanged (already a state-level value),Kano
2016,Jan-Jun 2016,Africa,Nigeria,Kano,High pathogenicity avian influenza viruses (Inf. with) (poultry),H5N1,Domestic,-,Birds,-,-,472888.0,Animal,8226.0,464211,0.0,8226.0,,HPAI,8226,8226,464211,-,0,472888,-,,464211.0,animal_record,Jan-Jun,Kano,Kano,Unchanged (already a state-level value),Kano
2016,Jan-Jun 2016,Africa,Nigeria,Katsina,High pathogenicity avian influenza viruses (Inf. with) (poultry),H5N1,Both animal categories,-,,-,5,,-,,-,,,,HPAI,-,-,-,5,-,-,-,5.0,,outbreak_row_BOTH,Jan-Jun,Katsina,Katsina,Unchanged (already a state-level value),Katsina
2016,Jan-Jun 2016,Africa,Nigeria,Katsina,High pathogenicity avian influenza viruses (Inf. with) (poultry),H5N1,Domestic,-,Birds,-,-,114506.0,Animal,3358.0,110948,0.0,3358.0,,HPAI,3358,3358,110948,-,0,114506,-,,110948.0,animal_record,Jan-Jun,Katsina,Katsina,Unchanged (already a state-level value),Katsina
2016,Jan-Jun 2016,Africa,Nigeria,Kebbi,High pathogenicity avian influenza viruses (Inf. with) (poultry),H5N1,Both animal categories,-,,-,1,,-,,-,,,,HPAI,-,-,-,1,-,-,-,1.0,,outbreak_row_BOTH,Jan-Jun,Kebbi,Kebbi,Unchanged (already a state-level value),Kebbi
2016,Jan-Jun 2016,Africa,Nigeria,Kebbi,High pathogenicity avian influenza viruses (Inf. with) (poultry),H5N1,Domestic,-,Birds,-,-,1500.0,Animal,600.0,900,0.0,600.0,,HPAI,600,600,900,-,0,1500,-,,900.0,animal_record,Jan-Jun,Kebbi,Kebbi,Unchanged (already a state-level value),Kebbi
2016,Jan-Jun 2016,Africa,Nigeria,Lagos,High pathogenicity avian influenza viruses (Inf. with) (poultry),H5N1,Both animal categories,-,,-,1,,-,,-,,,,HPAI,-,-,-,1,-,-,-,1.0,,outbreak_row_BOTH,Jan-Jun,Lagos,Lagos,Unchanged (already a state-level value),Lagos
2016,Jan-Jun 2016,Africa,Nigeria,Lagos,High pathogenicity avian influenza viruses (Inf. with) (poultry),H5N1,Domestic,-,Birds,-,-,4000.0,Animal,1355.0,2645,0.0,1355.0,,HPAI,1355,1355,2645,-,0,4000,-,,2645.0,animal_record,Jan-Jun,Lagos,Lagos,Unchanged (already a state-level value),Lagos
2016,Jan-Jun 2016,Africa,Nigeria,Nasarawa,High pathogenicity avian influenza viruses (Inf. with) (poultry),H5N1,Both animal categories,-,,-,1,,-,,-,,,,HPAI,-,-,-,1,-,-,-,1.0,,outbreak_row_BOTH,Jan-Jun,Nasarawa,Nasarawa,Unchanged (already a state-level value),Nasarawa
2016,Jan-Jun 2016,Africa,Nigeria,Nasarawa,High pathogenicity avian influenza viruses (Inf. with) (poultry),H5N1,Domestic,-,Birds,-,-,10500.0,Animal,1635.0,8865,0.0,1635.0,,HPAI,1635,1635,8865,-,0,10500,-,,8865.0,animal_record,Jan-Jun,Nasarawa,Nasarawa,Unchanged (already a state-level value),Nasarawa
2016,Jan-Jun 2016,Africa,Nigeria,Plateau,High pathogenicity avian influenza viruses (Inf. with) (poultry),H5N1,Both animal categories,-,,-,55,,-,,-,,,,HPAI,-,-,-,55,-,-,-,55.0,,outbreak_row_BOTH,Jan-Jun,Plateau,Plateau,Unchanged (already a state-level value),Plateau
2016,Jan-Jun 2016,Africa,Nigeria,Plateau,High pathogenicity avian influenza viruses (Inf. with) (poultry),H5N1,Domestic,-,Birds,-,-,220151.0,Animal,11960.0,208191,0.0,11960.0,,HPAI,11960,11960,208191,-,0,220151,-,,208191.0,animal_record,Jan-Jun,Plateau,Plateau,Unchanged (already a state-level value),Plateau
2016,Jan-Jun 2016,Africa,Nigeria,Sokoto,High pathogenicity avian influenza viruses (Inf. with) (poultry),H5N1,Both animal categories,-,,-,2,,-,,-,,,,HPAI,-,-,-,2,-,-,-,2.0,,outbreak_row_BOTH,Jan-Jun,Sokoto,Sokoto,Unchanged (already a state-level value),Sokoto
2016,Jan-Jun 2016,Africa,Nigeria,Sokoto,High pathogenicity avian influenza viruses (Inf. with) (poultry),H5N1,Domestic,-,Birds,-,-,12000.0,Animal,2270.0,9730,0.0,2270.0,,HPAI,2270,2270,9730,-,0,12000,-,,9730.0,animal_record,Jan-Jun,Sokoto,Sokoto,Unchanged (already a state-level value),Sokoto
2016,Jan-Jun 2016,Africa,Nigeria,Zamfara,High pathogenicity avian influenza viruses (Inf. with) (poultry),H5N1,Both animal categories,-,,-,3,,-,,-,,,,HPAI,-,-,-,3,-,-,-,3.0,,outbreak_row_BOTH,Jan-Jun,Zamfara,Zamfara,Unchanged (already a state-level value),Zamfara
2016,Jan-Jun 2016,Africa,Nigeria,Zamfara,High pathogenicity avian influenza viruses (Inf. with) (poultry),H5N1,Domestic,-,Birds,-,-,38398.0,Animal,3948.0,34450,0.0,3948.0,,HPAI,3948,3948,34450,-,0,38398,-,,34450.0,animal_record,Jan-Jun,Zamfara,Zamfara,Unchanged (already a state-level value),Zamfara
2016,Jul-Dec 2016,Africa,Nigeria,Bauchi,High pathogenicity avian influenza viruses (Inf. with) (poultry),H5N1,Both animal categories,-,,-,2,,-,,-,,,,HPAI,-,-,-,2,-,-,-,2.0,,outbreak_row_BOTH,Jul-Dec,Bauchi,Bauchi,Unchanged (already a state-level value),Bauchi
2016,Jul-Dec 2016,Africa,Nigeria,Bauchi,High pathogenicity avian influenza viruses (Inf. with) (poultry),H5N1,Domestic,-,Birds,-,-,10214.0,Animal,378.0,940,0.0,378.0,,HPAI,378,378,940,-,0,10214,-,,940.0,animal_record,Jul-Dec,Bauchi,Bauchi,Unchanged (already a state-level value),Bauchi
2016,Jul-Dec 2016,Africa,Nigeria,Delta,High pathogenicity avian influenza viruses (Inf. with) (poultry),H5N1,Both animal categories,-,,-,1,,-,,-,,,,HPAI,-,-,-,1,-,-,-,1.0,,outbreak_row_BOTH,Jul-Dec,Delta,Delta,Unchanged (already a state-level value),Delta
2016,Jul-Dec 2016,Africa,Nigeria,Delta,High pathogenicity avian influenza viruses (Inf. with) (poultry),H5N1,Domestic,-,Birds,-,-,100.0,Animal,90.0,10,0.0,90.0,,HPAI,90,90,10,-,0,100,-,,10.0,animal_record,Jul-Dec,Delta,Delta,Unchanged (already a state-level value),Delta
2016,Jul-Dec 2016,Africa,Nigeria,Federal Capital Territory,High pathogenicity avian influenza viruses (Inf. with) (poultry),H5N1,Both animal categories,-,,-,1,,-,,-,,,,HPAI,-,-,-,1,-,-,-,1.0,,outbreak_row_BOTH,Jul-Dec,Federal Capital Territory,Federal Capital Territory,Unchanged (already a state-level value),Federal Capital Territory
2016,Jul-Dec 2016,Africa,Nigeria,Federal Capital Territory,High pathogenicity avian influenza viruses (Inf. with) (poultry),H5N1,Domestic,-,Birds,-,-,100000.0,Animal,10000.0,90000,0.0,10000.0,,HPAI,10000,10000,90000,-,0,100000,-,,90000.0,animal_record,Jul-Dec,Federal Capital Territory,Federal Capital Territory,Unchanged (already a state-level value),Federal Capital Territory
2016,Jul-Dec 2016,Africa,Nigeria,Kano,High pathogenicity avian influenza viruses (Inf. with) (poultry),H5N1;H5N8,Both animal categories,-,,-,1,,-,,-,,,,HPAI,-,-,-,1,-,-,-,1.0,,outbreak_row_BOTH,Jul-Dec,Kano,Kano,Unchanged (already a state-level value),Kano
2016,Jul-Dec 2016,Africa,Nigeria,Kano,High pathogenicity avian influenza viruses (Inf. with) (poultry),H5N1;H5N8,Domestic,-,Birds,-,-,431.0,Animal,33.0,398,0.0,33.0,,HPAI,33,33,398,-,0,431,-,,398.0,animal_record,Jul-Dec,Kano,Kano,Unchanged (already a state-level value),Kano
2016,Jul-Dec 2016,Africa,Nigeria,Kano,High pathogenicity avian influenza viruses (Inf. with) (poultry),H5N8,Domestic,-,Birds,-,-,,Animal,,-,,,,HPAI,-,-,-,-,-,-,-,,,animal_record,Jul-Dec,Kano,Kano,Unchanged (already a state-level value),Kano
2016,Jul-Dec 2016,Africa,Nigeria,Lagos,High pathogenicity avian influenza viruses (Inf. with) (poultry),H5N1,Both animal categories,-,,-,1,,-,,-,,,,HPAI,-,-,-,1,-,-,-,1.0,,outbreak_row_BOTH,Jul-Dec,Lagos,Lagos,Unchanged (already a state-level value),Lagos
2016,Jul-Dec 2016,Africa,Nigeria,Lagos,High pathogenicity avian influenza viruses (Inf. with) (poultry),H5N1,Domestic,-,Birds,-,-,250.0,Animal,55.0,195,0.0,55.0,,HPAI,55,55,195,-,0,250,-,,195.0,animal_record,Jul-Dec,Lagos,Lagos,Unchanged (already a state-level value),Lagos
2016,Jul-Dec 2016,Africa,Nigeria,Oyo,High pathogenicity avian influenza viruses (Inf. with) (poultry),H5N1,Both animal categories,-,,-,1,,-,,-,,,,HPAI,-,-,-,1,-,-,-,1.0,,outbreak_row_BOTH,Jul-Dec,Oyo,Oyo,Unchanged (already a state-level value),Oyo
2016,Jul-Dec 2016,Africa,Nigeria,Oyo,High pathogenicity avian influenza viruses (Inf. with) (poultry),H5N1,Domestic,-,Birds,-,-,1647.0,Animal,886.0,0,0.0,886.0,,HPAI,886,886,0,-,0,1647,-,,0.0,animal_record,Jul-Dec,Oyo,Oyo,Unchanged (already a state-level value),Oyo
2016,Jul-Dec 2016,Africa,Nigeria,Rivers,High pathogenicity avian influenza viruses (Inf. with) (poultry),H5N1,Both animal categories,-,,-,3,,-,,-,,,,HPAI,-,-,-,3,-,-,-,3.0,,outbreak_row_BOTH,Jul-Dec,Rivers,Rivers,Unchanged (already a state-level value),Rivers
2016,Jul-Dec 2016,Africa,Nigeria,Rivers,High pathogenicity avian influenza viruses (Inf. with) (poultry),H5N1,Domestic,-,Birds,-,-,4800.0,Animal,1404.0,3396,0.0,1404.0,,HPAI,1404,1404,3396,-,0,4800,-,,3396.0,animal_record,Jul-Dec,Rivers,Rivers,Unchanged (already a state-level value),Rivers
2016,Jul-Dec 2016,Africa,Nigeria,Sokoto,Rabies virus (Inf. with),,Both animal categories,-,,-,1,,-,,-,,,,Rabies,-,-,-,1,-,-,-,1.0,,outbreak_row_BOTH,Jul-Dec,Sokoto,Sokoto,Unchanged (already a state-level value),Sokoto
2016,Jul-Dec 2016,Africa,Nigeria,Sokoto,Rabies virus (Inf. with),,Domestic,-,Dogs,-,-,5.0,Animal,1.0,0,0.0,1.0,0.0,Rabies,1,1,0,-,0,5,0,,0.0,animal_record,Jul-Dec,Sokoto,Sokoto,Unchanged (already a state-level value),Sokoto
2017,Jan-Jun 2017,Africa,Nigeria,Adamawa,High pathogenicity avian influenza viruses (Inf. with) (poultry),H5N1,Both animal categories,-,,-,1,,-,,-,,,,HPAI,-,-,-,1,-,-,-,1.0,,outbreak_row_BOTH,Jan-Jun,Adamawa,Adamawa,Unchanged (already a state-level value),Adamawa
2017,Jan-Jun 2017,Africa,Nigeria,Adamawa,High pathogenicity avian influenza viruses (Inf. with) (poultry),H5N1,Domestic,-,Birds,-,-,200.0,Animal,50.0,150,0.0,50.0,,HPAI,50,50,150,-,0,200,-,,150.0,animal_record,Jan-Jun,Adamawa,Adamawa,Unchanged (already a state-level value),Adamawa
2017,Jan-Jun 2017,Africa,Nigeria,Bauchi,High pathogenicity avian influenza viruses (Inf. with) (poultry),H5N1,Both animal categories,-,,-,12,,-,,-,,,,HPAI,-,-,-,12,-,-,-,12.0,,outbreak_row_BOTH,Jan-Jun,Bauchi,Bauchi,Unchanged (already a state-level value),Bauchi
2017,Jan-Jun 2017,Africa,Nigeria,Bauchi,High pathogenicity avian influenza viruses (Inf. with) (poultry),H5N1,Domestic,-,Birds,-,-,66665.0,Animal,13652.0,53013,0.0,13652.0,,HPAI,13652,13652,53013,-,0,66665,-,,53013.0,animal_record,Jan-Jun,Bauchi,Bauchi,Unchanged (already a state-level value),Bauchi
2017,Jan-Jun 2017,Africa,Nigeria,Edo,High pathogenicity avian influenza viruses (Inf. with) (poultry),H5N1,Both animal categories,-,,-,1,,-,,-,,,,HPAI,-,-,-,1,-,-,-,1.0,,outbreak_row_BOTH,Jan-Jun,Edo,Edo,Unchanged (already a state-level value),Edo
2017,Jan-Jun 2017,Africa,Nigeria,Edo,High pathogenicity avian influenza viruses (Inf. with) (poultry),H5N1,Domestic,-,Birds,-,-,8100.0,Animal,10.0,0,0.0,10.0,,HPAI,10,10,0,-,0,8100,-,,0.0,animal_record,Jan-Jun,Edo,Edo,Unchanged (already a state-level value),Edo
2017,Jan-Jun 2017,Africa,Nigeria,Federal Capital Territory,High pathogenicity avian influenza viruses (Inf. with) (poultry),H5N1,Both animal categories,-,,-,1,,-,,-,,,,HPAI,-,-,-,1,-,-,-,1.0,,outbreak_row_BOTH,Jan-Jun,Federal Capital Territory,Federal Capital Territory,Unchanged (already a state-level value),Federal Capital Territory
2017,Jan-Jun 2017,Africa,Nigeria,Federal Capital Territory,High pathogenicity avian influenza viruses (Inf. with) (poultry),H5N1,Domestic,-,Birds,-,-,130000.0,Animal,265.0,129735,0.0,265.0,,HPAI,265,265,129735,-,0,130000,-,,129735.0,animal_record,Jan-Jun,Federal Capital Territory,Federal Capital Territory,Unchanged (already a state-level value),Federal Capital Territory
2017,Jan-Jun 2017,Africa,Nigeria,Gombe,Trypanosomosis (tsetse-transmitted) (-2021),,Both animal categories,-,,-,1,,-,,-,,,,Trypanosomosis,-,-,-,1,-,-,-,1.0,,outbreak_row_BOTH,Jan-Jun,Gombe,Gombe,Unchanged (already a state-level value),Gombe
2017,Jan-Jun 2017,Africa,Nigeria,Gombe,Trypanosomosis (tsetse-transmitted) (-2021),,Domestic,-,Cattle,-,-,23.0,Animal,1.0,0,0.0,0.0,,Trypanosomosis,1,0,0,-,0,23,-,,0.0,animal_record,Jan-Jun,Gombe,Gombe,Unchanged (already a state-level value),Gombe
2017,Jan-Jun 2017,Africa,Nigeria,Kaduna,High pathogenicity avian influenza viruses (Inf. with) (poultry),H5N1,Both animal categories,-,,-,3,,-,,-,,,,HPAI,-,-,-,3,-,-,-,3.0,,outbreak_row_BOTH,Jan-Jun,Kaduna,Kaduna,Unchanged (already a state-level value),Kaduna
2017,Jan-Jun 2017,Africa,Nigeria,Kaduna,High pathogenicity avian influenza viruses (Inf. with) (poultry),H5N1,Domestic,-,Birds,-,-,19700.0,Animal,2947.0,16753,0.0,2947.0,,HPAI,2947,2947,16753,-,0,19700,-,,16753.0,animal_record,Jan-Jun,Kaduna,Kaduna,Unchanged (already a state-level value),Kaduna
2017,Jan-Jun 2017,Africa,Nigeria,Kaduna,Rabies virus (Inf. with),,Both animal categories,-,,-,2,,-,,-,,,,Rabies,-,-,-,2,-,-,-,2.0,,outbreak_row_BOTH,Jan-Jun,Kaduna,Kaduna,Unchanged (already a state-level value),Kaduna
2017,Jan-Jun 2017,Africa,Nigeria,Kaduna,Rabies virus (Inf. with),,Domestic,-,Cattle,-,-,35.0,Animal,2.0,0,1.0,1.0,0.0,Rabies,2,1,0,-,1,35,0,,0.0,animal_record,Jan-Jun,Kaduna,Kaduna,Unchanged (already a state-level value),Kaduna
2017,Jan-Jun 2017,Africa,Nigeria,Kaduna,Rabies virus (Inf. with),,Domestic,-,Dogs,-,-,1.0,Animal,1.0,0,0.0,1.0,3000.0,Rabies,1,1,0,-,0,1,3000,,0.0,animal_record,Jan-Jun,Kaduna,Kaduna,Unchanged (already a state-level value),Kaduna
2017,Jan-Jun 2017,Africa,Nigeria,Kano,High pathogenicity avian influenza viruses (Inf. with) (poultry),H5N1,Both animal categories,-,,-,1,,-,,-,,,,HPAI,-,-,-,1,-,-,-,1.0,,outbreak_row_BOTH,Jan-Jun,Kano,Kano,Unchanged (already a state-level value),Kano
2017,Jan-Jun 2017,Africa,Nigeria,Kano,High pathogenicity avian influenza viruses (Inf. with) (poultry),H5N1,Domestic,-,Birds,-,-,13000.0,Animal,800.0,1200,0.0,800.0,,HPAI,800,800,1200,-,0,13000,-,,1200.0,animal_record,Jan-Jun,Kano,Kano,Unchanged (already a state-level value),Kano
2017,Jan-Jun 2017,Africa,Nigeria,Kano,High pathogenicity avian influenza viruses (Inf. with) (poultry),H5N8,Both animal categories,-,,-,1,,-,,-,,,,HPAI,-,-,-,1,-,-,-,1.0,,outbreak_row_BOTH,Jan-Jun,Kano,Kano,Unchanged (already a state-level value),Kano
2017,Jan-Jun 2017,Africa,Nigeria,Kano,High pathogenicity avian influenza viruses (Inf. with) (poultry),H5N8,Domestic,-,Birds,-,-,4.0,Animal,4.0,0,0.0,0.0,,HPAI,4,0,0,-,0,4,-,,0.0,animal_record,Jan-Jun,Kano,Kano,Unchanged (already a state-level value),Kano
2017,Jan-Jun 2017,Africa,Nigeria,Katsina,High pathogenicity avian influenza viruses (Inf. with) (poultry),H5N1,Both animal categories,-,,-,1,,-,,-,,,,HPAI,-,-,-,1,-,-,-,1.0,,outbreak_row_BOTH,Jan-Jun,Katsina,Katsina,Unchanged (already a state-level value),Katsina
2017,Jan-Jun 2017,Africa,Nigeria,Katsina,High pathogenicity avian influenza viruses (Inf. with) (poultry),H5N1,Domestic,-,Birds,-,-,3198.0,Animal,320.0,2878,0.0,320.0,,HPAI,320,320,2878,-,0,3198,-,,2878.0,animal_record,Jan-Jun,Katsina,Katsina,Unchanged (already a state-level value),Katsina
2017,Jan-Jun 2017,Africa,Nigeria,Nasarawa,High pathogenicity avian influenza viruses (Inf. with) (poultry),H5N1,Both animal categories,-,,-,1,,-,,-,,,,HPAI,-,-,-,1,-,-,-,1.0,,outbreak_row_BOTH,Jan-Jun,Nasarawa,Nasarawa,Unchanged (already a state-level value),Nasarawa
2017,Jan-Jun 2017,Africa,Nigeria,Nasarawa,High pathogenicity avian influenza viruses (Inf. with) (poultry),H5N1,Domestic,-,Birds,-,-,3200.0,Animal,9.0,3191,0.0,9.0,,HPAI,9,9,3191,-,0,3200,-,,3191.0,animal_record,Jan-Jun,Nasarawa,Nasarawa,Unchanged (already a state-level value),Nasarawa
2017,Jan-Jun 2017,Africa,Nigeria,Plateau,High pathogenicity avian influenza viruses (Inf. with) (poultry),H5N1,Both animal categories,-,,-,21,,-,,-,,,,HPAI,-,-,-,21,-,-,-,21.0,,outbreak_row_BOTH,Jan-Jun,Plateau,Plateau,Unchanged (already a state-level value),Plateau
2017,Jan-Jun 2017,Africa,Nigeria,Plateau,High pathogenicity avian influenza viruses (Inf. with) (poultry),H5N1,Domestic,-,Birds,-,-,70917.0,Animal,1497.0,67949,1490.0,1167.0,,HPAI,1497,1167,67949,-,1490,70917,-,,67949.0,animal_record,Jan-Jun,Plateau,Plateau,Unchanged (already a state-level value),Plateau
2017,Jan-Jun 2017,Africa,Nigeria,Plateau,Rabies virus (Inf. with),,Both animal categories,-,,-,1,,-,,-,,,,Rabies,-,-,-,1,-,-,-,1.0,,outbreak_row_BOTH,Jan-Jun,Plateau,Plateau,Unchanged (already a state-level value),Plateau
2017,Jan-Jun 2017,Africa,Nigeria,Plateau,Rabies virus (Inf. with),,Domestic,-,Dogs,-,-,1.0,Animal,1.0,0,0.0,1.0,0.0,Rabies,1,1,0,-,0,1,0,,0.0,animal_record,Jan-Jun,Plateau,Plateau,Unchanged (already a state-level value),Plateau
2017,Jan-Jun 2017,Africa,Nigeria,Rivers,High pathogenicity avian influenza viruses (Inf. with) (poultry),H5N1,Domestic,-,Birds,-,-,,Animal,,-,,,,HPAI,-,-,-,-,-,-,-,,,animal_record,Jan-Jun,Rivers,Rivers,Unchanged (already a state-level value),Rivers
2017,Jul-Dec 2017,Africa,Nigeria,Bauchi,High pathogenicity avian influenza viruses (Inf. with) (poultry),H5N1,Domestic,-,Birds,-,-,,Animal,,-,,,,HPAI,-,-,-,-,-,-,-,,,animal_record,Jul-Dec,Bauchi,Bauchi,Unchanged (already a state-level value),Bauchi
2017,Jul-Dec 2017,Africa,Nigeria,Bauchi,Rabies virus (Inf. with),,Both animal categories,-,,-,4,,-,,-,,,,Rabies,-,-,-,4,-,-,-,4.0,,outbreak_row_BOTH,Jul-Dec,Bauchi,Bauchi,Unchanged (already a state-level value),Bauchi
2017,Jul-Dec 2017,Africa,Nigeria,Bauchi,Rabies virus (Inf. with),,Domestic,-,Dogs,-,-,55.0,Animal,4.0,1,0.0,3.0,0.0,Rabies,4,3,1,-,0,55,0,,1.0,animal_record,Jul-Dec,Bauchi,Bauchi,Unchanged (already a state-level value),Bauchi
2017,Jul-Dec 2017,Africa,Nigeria,Benue,Rabies virus (Inf. with),,Both animal categories,-,,-,1,,-,,-,,,,Rabies,-,-,-,1,-,-,-,1.0,,outbreak_row_BOTH,Jul-Dec,Benue,Benue,Unchanged (already a state-level value),Benue
2017,Jul-Dec 2017,Africa,Nigeria,Benue,Rabies virus (Inf. with),,Domestic,-,Dogs,-,-,1.0,Animal,1.0,0,0.0,1.0,0.0,Rabies,1,1,0,-,0,1,0,,0.0,animal_record,Jul-Dec,Benue,Benue,Unchanged (already a state-level value),Benue
2017,Jul-Dec 2017,Africa,Nigeria,Gombe,Trypanosomosis (tsetse-transmitted) (-2021),,Both animal categories,-,,-,1,,-,,-,,,,Trypanosomosis,-,-,-,1,-,-,-,1.0,,outbreak_row_BOTH,Jul-Dec,Gombe,Gombe,Unchanged (already a state-level value),Gombe
2017,Jul-Dec 2017,Africa,Nigeria,Gombe,Trypanosomosis (tsetse-transmitted) (-2021),,Domestic,-,Cattle,-,-,23.0,Animal,1.0,0,0.0,0.0,,Trypanosomosis,1,0,0,-,0,23,-,,0.0,animal_record,Jul-Dec,Gombe,Gombe,Unchanged (already a state-level value),Gombe
2017,Jul-Dec 2017,Africa,Nigeria,Kaduna,Rabies virus (Inf. with),,Both animal categories,-,,-,5,,-,,-,,,,Rabies,-,-,-,5,-,-,-,5.0,,outbreak_row_BOTH,Jul-Dec,Kaduna,Kaduna,Unchanged (already a state-level value),Kaduna
2017,Jul-Dec 2017,Africa,Nigeria,Kaduna,Rabies virus (Inf. with),,Domestic,-,Dogs,-,-,49.0,Animal,5.0,3,0.0,2.0,0.0,Rabies,5,2,3,-,0,49,0,,3.0,animal_record,Jul-Dec,Kaduna,Kaduna,Unchanged (already a state-level value),Kaduna
2017,Jul-Dec 2017,Africa,Nigeria,Kano,Rabies virus (Inf. with),,Both animal categories,-,,-,2,,-,,-,,,,Rabies,-,-,-,2,-,-,-,2.0,,outbreak_row_BOTH,Jul-Dec,Kano,Kano,Unchanged (already a state-level value),Kano
2017,Jul-Dec 2017,Africa,Nigeria,Kano,Rabies virus (Inf. with),,Domestic,-,Dogs,-,-,25.0,Animal,2.0,2,0.0,0.0,0.0,Rabies,2,0,2,-,0,25,0,,2.0,animal_record,Jul-Dec,Kano,Kano,Unchanged (already a state-level value),Kano
2017,Jul-Dec 2017,Africa,Nigeria,Kwara,Rabies virus (Inf. with),,Both animal categories,-,,-,1,,-,,-,,,,Rabies,-,-,-,1,-,-,-,1.0,,outbreak_row_BOTH,Jul-Dec,Kwara,Kwara,Unchanged (already a state-level value),Kwara
2017,Jul-Dec 2017,Africa,Nigeria,Kwara,Rabies virus (Inf. with),,Domestic,-,Dogs,-,-,32.0,Animal,1.0,0,0.0,1.0,0.0,Rabies,1,1,0,-,0,32,0,,0.0,animal_record,Jul-Dec,Kwara,Kwara,Unchanged (already a state-level value),Kwara
2017,Jul-Dec 2017,Africa,Nigeria,Ogun,High pathogenicity avian influenza viruses (Inf. with) (poultry),H5N8,Both animal categories,-,,-,1,,-,,-,,,,HPAI,-,-,-,1,-,-,-,1.0,,outbreak_row_BOTH,Jul-Dec,Ogun,Ogun,Unchanged (already a state-level value),Ogun
2017,Jul-Dec 2017,Africa,Nigeria,Ogun,High pathogenicity avian influenza viruses (Inf. with) (poultry),H5N8,Domestic,-,Birds,-,-,100000.0,Animal,150.0,9450,0.0,150.0,,HPAI,150,150,9450,-,0,100000,-,,9450.0,animal_record,Jul-Dec,Ogun,Ogun,Unchanged (already a state-level value),Ogun
2017,Jul-Dec 2017,Africa,Nigeria,Plateau,Rabies virus (Inf. with),,Both animal categories,-,,-,35,,-,,-,,,,Rabies,-,-,-,35,-,-,-,35.0,,outbreak_row_BOTH,Jul-Dec,Plateau,Plateau,Unchanged (already a state-level value),Plateau
2017,Jul-Dec 2017,Africa,Nigeria,Plateau,Rabies virus (Inf. with),,Domestic,-,Dogs,-,-,519.0,Animal,35.0,21,0.0,14.0,0.0,Rabies,35,14,21,-,0,519,0,,21.0,animal_record,Jul-Dec,Plateau,Plateau,Unchanged (already a state-level value),Plateau
2017,Jul-Dec 2017,Africa,Nigeria,Rivers,High pathogenicity avian influenza viruses (Inf. with) (poultry),H5N1,Domestic,-,Birds,-,-,,Animal,,-,,,,HPAI,-,-,-,-,-,-,-,,,animal_record,Jul-Dec,Rivers,Rivers,Unchanged (already a state-level value),Rivers
2018,Jan-Jun 2018,Africa,Nigeria,Adamawa,Rabies virus (Inf. with),,Both animal categories,-,,-,1,,-,,-,,,,Rabies,-,-,-,1,-,-,-,1.0,,outbreak_row_BOTH,Jan-Jun,Adamawa,Adamawa,Unchanged (already a state-level value),Adamawa
2018,Jan-Jun 2018,Africa,Nigeria,Adamawa,Rabies virus (Inf. with),,Domestic,-,Dogs,-,-,,Animal,1.0,0,0.0,1.0,0.0,Rabies,1,1,0,-,0,-,0,,0.0,animal_record,Jan-Jun,Adamawa,Adamawa,Unchanged (already a state-level value),Adamawa
2018,Jan-Jun 2018,Africa,Nigeria,Kaduna,Rabies virus (Inf. with),,Both animal categories,-,,-,2,,-,,-,,,,Rabies,-,-,-,2,-,-,-,2.0,,outbreak_row_BOTH,Jan-Jun,Kaduna,Kaduna,Unchanged (already a state-level value),Kaduna
2018,Jan-Jun 2018,Africa,Nigeria,Kaduna,Rabies virus (Inf. with),,Domestic,-,Dogs,-,-,,Animal,2.0,0,0.0,2.0,0.0,Rabies,2,2,0,-,0,-,0,,0.0,animal_record,Jan-Jun,Kaduna,Kaduna,Unchanged (already a state-level value),Kaduna
2018,Jan-Jun 2018,Africa,Nigeria,Kano,Rabies virus (Inf. with),,Both animal categories,-,,-,3,,-,,-,,,,Rabies,-,-,-,3,-,-,-,3.0,,outbreak_row_BOTH,Jan-Jun,Kano,Kano,Unchanged (already a state-level value),Kano
2018,Jan-Jun 2018,Africa,Nigeria,Kano,Rabies virus (Inf. with),,Domestic,-,Dogs,-,-,,Animal,3.0,1,0.0,2.0,0.0,Rabies,3,2,1,-,0,-,0,,1.0,animal_record,Jan-Jun,Kano,Kano,Unchanged (already a state-level value),Kano
2018,Jan-Jun 2018,Africa,Nigeria,Kwara,Rabies virus (Inf. with),,Both animal categories,-,,-,1,,-,,-,,,,Rabies,-,-,-,1,-,-,-,1.0,,outbreak_row_BOTH,Jan-Jun,Kwara,Kwara,Unchanged (already a state-level value),Kwara
2018,Jan-Jun 2018,Africa,Nigeria,Kwara,Rabies virus (Inf. with),,Domestic,-,Dogs,-,-,2.0,Animal,1.0,0,0.0,1.0,0.0,Rabies,1,1,0,-,0,2,0,,0.0,animal_record,Jan-Jun,Kwara,Kwara,Unchanged (already a state-level value),Kwara
2018,Jan-Jun 2018,Africa,Nigeria,Kwara,Trypanosomosis (tsetse-transmitted) (-2021),,Both animal categories,-,,-,5,,-,,-,,,,Trypanosomosis,-,-,-,5,-,-,-,5.0,,outbreak_row_BOTH,Jan-Jun,Kwara,Kwara,Unchanged (already a state-level value),Kwara
2018,Jan-Jun 2018,Africa,Nigeria,Kwara,Trypanosomosis (tsetse-transmitted) (-2021),,Domestic,-,Cattle,-,-,332.0,Animal,56.0,0,0.0,0.0,,Trypanosomosis,56,0,0,-,0,332,-,,0.0,animal_record,Jan-Jun,Kwara,Kwara,Unchanged (already a state-level value),Kwara
2018,Jan-Jun 2018,Africa,Nigeria,Nasarawa,High pathogenicity avian influenza viruses (Inf. with) (poultry),H5N8,Both animal categories,-,,-,1,,-,,-,,,,HPAI,-,-,-,1,-,-,-,1.0,,outbreak_row_BOTH,Jan-Jun,Nasarawa,Nasarawa,Unchanged (already a state-level value),Nasarawa
2018,Jan-Jun 2018,Africa,Nigeria,Nasarawa,High pathogenicity avian influenza viruses (Inf. with) (poultry),H5N8,Domestic,-,Birds,-,-,1150.0,Animal,1105.0,45,0.0,1105.0,,HPAI,1105,1105,45,-,0,1150,-,,45.0,animal_record,Jan-Jun,Nasarawa,Nasarawa,Unchanged (already a state-level value),Nasarawa
2018,Jan-Jun 2018,Africa,Nigeria,Plateau,Rabies virus (Inf. with),,Both animal categories,-,,-,25,,-,,-,,,,Rabies,-,-,-,25,-,-,-,25.0,,outbreak_row_BOTH,Jan-Jun,Plateau,Plateau,Unchanged (already a state-level value),Plateau
2018,Jan-Jun 2018,Africa,Nigeria,Plateau,Rabies virus (Inf. with),,Domestic,-,Dogs,-,-,77.0,Animal,25.0,0,0.0,25.0,0.0,Rabies,25,25,0,-,0,77,0,,0.0,animal_record,Jan-Jun,Plateau,Plateau,Unchanged (already a state-level value),Plateau
2018,Jan-Jun 2018,Africa,Nigeria,Plateau,Rabies virus (Inf. with),,Domestic,-,Cats,-,-,1.0,Animal,1.0,0,0.0,1.0,0.0,Rabies,1,1,0,-,0,1,0,,0.0,animal_record,Jan-Jun,Plateau,Plateau,Unchanged (already a state-level value),Plateau
2018,Jul-Dec 2018,Africa,Nigeria,Bauchi,Rabies virus (Inf. with),,Both animal categories,-,,-,3,,-,,-,,,,Rabies,-,-,-,3,-,-,-,3.0,,outbreak_row_BOTH,Jul-Dec,Bauchi,Bauchi,Unchanged (already a state-level value),Bauchi
2018,Jul-Dec 2018,Africa,Nigeria,Bauchi,Rabies virus (Inf. with),,Domestic,-,Dogs,-,-,,Animal,3.0,0,0.0,3.0,0.0,Rabies,3,3,0,-,0,-,0,,0.0,animal_record,Jul-Dec,Bauchi,Bauchi,Unchanged (already a state-level value),Bauchi
2018,Jul-Dec 2018,Africa,Nigeria,Bayelsa,Rabies virus (Inf. with),,Both animal categories,-,,-,1,,-,,-,,,,Rabies,-,-,-,1,-,-,-,1.0,,outbreak_row_BOTH,Jul-Dec,Bayelsa,Bayelsa,Unchanged (already a state-level value),Bayelsa
2018,Jul-Dec 2018,Africa,Nigeria,Bayelsa,Rabies virus (Inf. with),,Domestic,-,Dogs,-,-,,Animal,1.0,0,0.0,1.0,0.0,Rabies,1,1,0,-,0,-,0,,0.0,animal_record,Jul-Dec,Bayelsa,Bayelsa,Unchanged (already a state-level value),Bayelsa
2018,Jul-Dec 2018,Africa,Nigeria,Benue,Rabies virus (Inf. with),,Both animal categories,-,,-,2,,-,,-,,,,Rabies,-,-,-,2,-,-,-,2.0,,outbreak_row_BOTH,Jul-Dec,Benue,Benue,Unchanged (already a state-level value),Benue
2018,Jul-Dec 2018,Africa,Nigeria,Benue,Rabies virus (Inf. with),,Domestic,-,Dogs,-,-,,Animal,2.0,0,0.0,2.0,0.0,Rabies,2,2,0,-,0,-,0,,0.0,animal_record,Jul-Dec,Benue,Benue,Unchanged (already a state-level value),Benue
2018,Jul-Dec 2018,Africa,Nigeria,Federal Capital Territory,Rabies virus (Inf. with),,Both animal categories,-,,-,1,,-,,-,,,,Rabies,-,-,-,1,-,-,-,1.0,,outbreak_row_BOTH,Jul-Dec,Federal Capital Territory,Federal Capital Territory,Unchanged (already a state-level value),Federal Capital Territory
2018,Jul-Dec 2018,Africa,Nigeria,Federal Capital Territory,Rabies virus (Inf. with),,Domestic,-,Dogs,-,-,,Animal,1.0,0,0.0,1.0,0.0,Rabies,1,1,0,-,0,-,0,,0.0,animal_record,Jul-Dec,Federal Capital Territory,Federal Capital Territory,Unchanged (already a state-level value),Federal Capital Territory
2018,Jul-Dec 2018,Africa,Nigeria,Kaduna,Rabies virus (Inf. with),,Both animal categories,-,,-,6,,-,,-,,,,Rabies,-,-,-,6,-,-,-,6.0,,outbreak_row_BOTH,Jul-Dec,Kaduna,Kaduna,Unchanged (already a state-level value),Kaduna
2018,Jul-Dec 2018,Africa,Nigeria,Kaduna,Rabies virus (Inf. with),,Domestic,-,Dogs,-,-,,Animal,6.0,0,0.0,6.0,0.0,Rabies,6,6,0,-,0,-,0,,0.0,animal_record,Jul-Dec,Kaduna,Kaduna,Unchanged (already a state-level value),Kaduna
2018,Jul-Dec 2018,Africa,Nigeria,Kano,Rabies virus (Inf. with),,Both animal categories,-,,-,4,,-,,-,,,,Rabies,-,-,-,4,-,-,-,4.0,,outbreak_row_BOTH,Jul-Dec,Kano,Kano,Unchanged (already a state-level value),Kano
2018,Jul-Dec 2018,Africa,Nigeria,Kano,Rabies virus (Inf. with),,Domestic,-,Dogs,-,-,,Animal,4.0,1,0.0,3.0,0.0,Rabies,4,3,1,-,0,-,0,,1.0,animal_record,Jul-Dec,Kano,Kano,Unchanged (already a state-level value),Kano
2018,Jul-Dec 2018,Africa,Nigeria,Kebbi,Rabies virus (Inf. with),,Both animal categories,-,,-,8,,-,,-,,,,Rabies,-,-,-,8,-,-,-,8.0,,outbreak_row_BOTH,Jul-Dec,Kebbi,Kebbi,Unchanged (already a state-level value),Kebbi
2018,Jul-Dec 2018,Africa,Nigeria,Kebbi,Rabies virus (Inf. with),,Domestic,-,Dogs,-,-,500.0,Animal,9.0,2,0.0,7.0,80.0,Rabies,9,7,2,-,0,500,80,,2.0,animal_record,Jul-Dec,Kebbi,Kebbi,Unchanged (already a state-level value),Kebbi
2018,Jul-Dec 2018,Africa,Nigeria,Kwara,Trypanosomosis (tsetse-transmitted) (-2021),,Both animal categories,-,,-,6,,-,,-,,,,Trypanosomosis,-,-,-,6,-,-,-,6.0,,outbreak_row_BOTH,Jul-Dec,Kwara,Kwara,Unchanged (already a state-level value),Kwara
2018,Jul-Dec 2018,Africa,Nigeria,Kwara,Trypanosomosis (tsetse-transmitted) (-2021),,Domestic,-,Cattle,-,-,45.0,Animal,3.0,0,0.0,0.0,0.0,Trypanosomosis,3,0,0,-,0,45,0,,0.0,animal_record,Jul-Dec,Kwara,Kwara,Unchanged (already a state-level value),Kwara
2018,Jul-Dec 2018,Africa,Nigeria,Plateau,Rabies virus (Inf. with),,Both animal categories,-,,-,34,,-,,-,,,,Rabies,-,-,-,34,-,-,-,34.0,,outbreak_row_BOTH,Jul-Dec,Plateau,Plateau,Unchanged (already a state-level value),Plateau
2018,Jul-Dec 2018,Africa,Nigeria,Plateau,Rabies virus (Inf. with),,Domestic,-,Dogs,-,-,,Animal,40.0,6,5.0,29.0,0.0,Rabies,40,29,6,-,5,-,0,,6.0,animal_record,Jul-Dec,Plateau,Plateau,Unchanged (already a state-level value),Plateau
2019,Jan-Jun 2019,Africa,Nigeria,Bauchi,Rabies virus (Inf. with),,Both animal categories,-,,-,2,,-,,-,,,,Rabies,-,-,-,2,-,-,-,2.0,,outbreak_row_BOTH,Jan-Jun,Bauchi,Bauchi,Unchanged (already a state-level value),Bauchi
2019,Jan-Jun 2019,Africa,Nigeria,Bauchi,Rabies virus (Inf. with),,Domestic,-,Dogs,-,-,,Animal,2.0,0,0.0,2.0,0.0,Rabies,2,2,0,-,0,-,0,,0.0,animal_record,Jan-Jun,Bauchi,Bauchi,Unchanged (already a state-level value),Bauchi
2019,Jan-Jun 2019,Africa,Nigeria,Bayelsa,Rabies virus (Inf. with),,Both animal categories,-,,-,1,,-,,-,,,,Rabies,-,-,-,1,-,-,-,1.0,,outbreak_row_BOTH,Jan-Jun,Bayelsa,Bayelsa,Unchanged (already a state-level value),Bayelsa
2019,Jan-Jun 2019,Africa,Nigeria,Bayelsa,Rabies virus (Inf. with),,Domestic,-,Dogs,-,-,50.0,Animal,7.0,4,0.0,3.0,2.0,Rabies,7,3,4,-,0,50,2,,4.0,animal_record,Jan-Jun,Bayelsa,Bayelsa,Unchanged (already a state-level value),Bayelsa
2019,Jan-Jun 2019,Africa,Nigeria,Edo,High pathogenicity avian influenza viruses (Inf. with) (poultry),H5N8,Both animal categories,-,,-,2,,-,,-,,,,HPAI,-,-,-,2,-,-,-,2.0,,outbreak_row_BOTH,Jan-Jun,Edo,Edo,Unchanged (already a state-level value),Edo
2019,Jan-Jun 2019,Africa,Nigeria,Edo,High pathogenicity avian influenza viruses (Inf. with) (poultry),H5N8,Domestic,-,Birds,-,-,1500.0,Animal,290.0,1250,0.0,250.0,,HPAI,290,250,1250,-,0,1500,-,,1250.0,animal_record,Jan-Jun,Edo,Edo,Unchanged (already a state-level value),Edo
2019,Jan-Jun 2019,Africa,Nigeria,Kaduna,Rabies virus (Inf. with),,Both animal categories,-,,-,2,,-,,-,,,,Rabies,-,-,-,2,-,-,-,2.0,,outbreak_row_BOTH,Jan-Jun,Kaduna,Kaduna,Unchanged (already a state-level value),Kaduna
2019,Jan-Jun 2019,Africa,Nigeria,Kaduna,Rabies virus (Inf. with),,Domestic,-,Dogs,-,-,2.0,Animal,2.0,0,0.0,2.0,205.0,Rabies,2,2,0,-,0,2,205,,0.0,animal_record,Jan-Jun,Kaduna,Kaduna,Unchanged (already a state-level value),Kaduna
2019,Jan-Jun 2019,Africa,Nigeria,Kano,Rabies virus (Inf. with),,Both animal categories,-,,-,1,,-,,-,,,,Rabies,-,-,-,1,-,-,-,1.0,,outbreak_row_BOTH,Jan-Jun,Kano,Kano,Unchanged (already a state-level value),Kano
2019,Jan-Jun 2019,Africa,Nigeria,Kano,Rabies virus (Inf. with),,Domestic,-,Dogs,-,-,,Animal,1.0,0,0.0,1.0,0.0,Rabies,1,1,0,-,0,-,0,,0.0,animal_record,Jan-Jun,Kano,Kano,Unchanged (already a state-level value),Kano
2019,Jan-Jun 2019,Africa,Nigeria,Kwara,Trypanosomosis (tsetse-transmitted) (-2021),,Both animal categories,-,,-,2,,-,,-,,,,Trypanosomosis,-,-,-,2,-,-,-,2.0,,outbreak_row_BOTH,Jan-Jun,Kwara,Kwara,Unchanged (already a state-level value),Kwara
2019,Jan-Jun 2019,Africa,Nigeria,Kwara,Trypanosomosis (tsetse-transmitted) (-2021),,Domestic,-,Cattle,-,-,133.0,Animal,8.0,0,0.0,2.0,,Trypanosomosis,8,2,0,-,0,133,-,,0.0,animal_record,Jan-Jun,Kwara,Kwara,Unchanged (already a state-level value),Kwara
2019,Jan-Jun 2019,Africa,Nigeria,Ondo,Trypanosomosis (tsetse-transmitted) (-2021),,Both animal categories,-,,-,1,,-,,-,,,,Trypanosomosis,-,-,-,1,-,-,-,1.0,,outbreak_row_BOTH,Jan-Jun,Ondo,Ondo,Unchanged (already a state-level value),Ondo
2019,Jan-Jun 2019,Africa,Nigeria,Ondo,Trypanosomosis (tsetse-transmitted) (-2021),,Domestic,-,Cattle,-,-,900.0,Animal,3.0,0,0.0,0.0,,Trypanosomosis,3,0,0,-,0,900,-,,0.0,animal_record,Jan-Jun,Ondo,Ondo,Unchanged (already a state-level value),Ondo
2019,Jan-Jun 2019,Africa,Nigeria,Plateau,Rabies virus (Inf. with),,Both animal categories,-,,-,31,,-,,-,,,,Rabies,-,-,-,31,-,-,-,31.0,,outbreak_row_BOTH,Jan-Jun,Plateau,Plateau,Unchanged (already a state-level value),Plateau
2019,Jan-Jun 2019,Africa,Nigeria,Plateau,Rabies virus (Inf. with),,Domestic,-,Dogs,-,-,16.0,Animal,34.0,0,0.0,34.0,0.0,Rabies,34,34,0,-,0,16,0,,0.0,animal_record,Jan-Jun,Plateau,Plateau,Unchanged (already a state-level value),Plateau
2019,Jan-Jun 2019,Africa,Nigeria,Zamfara,Trypanosomosis (tsetse-transmitted) (-2021),,Both animal categories,-,,-,1,,-,,-,,,,Trypanosomosis,-,-,-,1,-,-,-,1.0,,outbreak_row_BOTH,Jan-Jun,Zamfara,Zamfara,Unchanged (already a state-level value),Zamfara
2019,Jan-Jun 2019,Africa,Nigeria,Zamfara,Trypanosomosis (tsetse-transmitted) (-2021),,Domestic,-,Cattle,-,-,16.0,Animal,9.0,0,0.0,1.0,0.0,Trypanosomosis,9,1,0,-,0,16,0,,0.0,animal_record,Jan-Jun,Zamfara,Zamfara,Unchanged (already a state-level value),Zamfara
2019,Jul-Dec 2019,Africa,Nigeria,Anambra,Trypanosomosis (tsetse-transmitted) (-2021),,Both animal categories,-,,-,2,,-,,-,,,,Trypanosomosis,-,-,-,2,-,-,-,2.0,,outbreak_row_BOTH,Jul-Dec,Anambra,Anambra,Unchanged (already a state-level value),Anambra
2019,Jul-Dec 2019,Africa,Nigeria,Anambra,Trypanosomosis (tsetse-transmitted) (-2021),,Domestic,-,Dogs,-,-,22.0,Animal,3.0,0,0.0,0.0,,Trypanosomosis,3,0,0,-,0,22,-,,0.0,animal_record,Jul-Dec,Anambra,Anambra,Unchanged (already a state-level value),Anambra
2019,Jul-Dec 2019,Africa,Nigeria,Bauchi,Rabies virus (Inf. with),,Both animal categories,-,,-,4,,-,,-,,,,Rabies,-,-,-,4,-,-,-,4.0,,outbreak_row_BOTH,Jul-Dec,Bauchi,Bauchi,Unchanged (already a state-level value),Bauchi
2019,Jul-Dec 2019,Africa,Nigeria,Bauchi,Rabies virus (Inf. with),,Domestic,-,Dogs,-,-,4.0,Animal,4.0,0,0.0,4.0,0.0,Rabies,4,4,0,-,0,4,0,,0.0,animal_record,Jul-Dec,Bauchi,Bauchi,Unchanged (already a state-level value),Bauchi
2019,Jul-Dec 2019,Africa,Nigeria,Bayelsa,Rabies virus (Inf. with),,Both animal categories,-,,-,2,,-,,-,,,,Rabies,-,-,-,2,-,-,-,2.0,,outbreak_row_BOTH,Jul-Dec,Bayelsa,Bayelsa,Unchanged (already a state-level value),Bayelsa
2019,Jul-Dec 2019,Africa,Nigeria,Bayelsa,Rabies virus (Inf. with),,Domestic,-,Dogs,-,-,2.0,Animal,2.0,1,0.0,1.0,0.0,Rabies,2,1,1,-,0,2,0,,1.0,animal_record,Jul-Dec,Bayelsa,Bayelsa,Unchanged (already a state-level value),Bayelsa
2019,Jul-Dec 2019,Africa,Nigeria,Edo,Rabies virus (Inf. with),,Both animal categories,-,,-,1,,-,,-,,,,Rabies,-,-,-,1,-,-,-,1.0,,outbreak_row_BOTH,Jul-Dec,Edo,Edo,Unchanged (already a state-level value),Edo
2019,Jul-Dec 2019,Africa,Nigeria,Edo,Rabies virus (Inf. with),,Domestic,-,Dogs,-,-,3.0,Animal,3.0,0,0.0,1.0,0.0,Rabies,3,1,0,-,0,3,0,,0.0,animal_record,Jul-Dec,Edo,Edo,Unchanged (already a state-level value),Edo
2019,Jul-Dec 2019,Africa,Nigeria,Federal Capital Territory,Rabies virus (Inf. with),,Both animal categories,-,,-,1,,-,,-,,,,Rabies,-,-,-,1,-,-,-,1.0,,outbreak_row_BOTH,Jul-Dec,Federal Capital Territory,Federal Capital Territory,Unchanged (already a state-level value),Federal Capital Territory
2019,Jul-Dec 2019,Africa,Nigeria,Federal Capital Territory,Rabies virus (Inf. with),,Domestic,-,Dogs,-,-,10.0,Animal,1.0,0,0.0,1.0,0.0,Rabies,1,1,0,-,0,10,0,,0.0,animal_record,Jul-Dec,Federal Capital Territory,Federal Capital Territory,Unchanged (already a state-level value),Federal Capital Territory
2019,Jul-Dec 2019,Africa,Nigeria,Kaduna,Rabies virus (Inf. with),,Both animal categories,-,,-,5,,-,,-,,,,Rabies,-,-,-,5,-,-,-,5.0,,outbreak_row_BOTH,Jul-Dec,Kaduna,Kaduna,Unchanged (already a state-level value),Kaduna
2019,Jul-Dec 2019,Africa,Nigeria,Kaduna,Rabies virus (Inf. with),,Domestic,-,Dogs,-,-,7.0,Animal,7.0,1,1.0,5.0,0.0,Rabies,7,5,1,-,1,7,0,,1.0,animal_record,Jul-Dec,Kaduna,Kaduna,Unchanged (already a state-level value),Kaduna
2019,Jul-Dec 2019,Africa,Nigeria,Kano,Rabies virus (Inf. with),,Both animal categories,-,,-,2,,-,,-,,,,Rabies,-,-,-,2,-,-,-,2.0,,outbreak_row_BOTH,Jul-Dec,Kano,Kano,Unchanged (already a state-level value),Kano
2019,Jul-Dec 2019,Africa,Nigeria,Kano,Rabies virus (Inf. with),,Domestic,-,Dogs,-,-,2.0,Animal,2.0,2,0.0,0.0,0.0,Rabies,2,0,2,-,0,2,0,,2.0,animal_record,Jul-Dec,Kano,Kano,Unchanged (already a state-level value),Kano
2019,Jul-Dec 2019,Africa,Nigeria,Katsina,Rabies virus (Inf. with),,Both animal categories,-,,-,1,,-,,-,,,,Rabies,-,-,-,1,-,-,-,1.0,,outbreak_row_BOTH,Jul-Dec,Katsina,Katsina,Unchanged (already a state-level value),Katsina
2019,Jul-Dec 2019,Africa,Nigeria,Katsina,Rabies virus (Inf. with),,Domestic,-,Dogs,-,-,1.0,Animal,1.0,0,0.0,1.0,0.0,Rabies,1,1,0,-,0,1,0,,0.0,animal_record,Jul-Dec,Katsina,Katsina,Unchanged (already a state-level value),Katsina
2019,Jul-Dec 2019,Africa,Nigeria,Kebbi,Rabies virus (Inf. with),,Both animal categories,-,,-,1,,-,,-,,,,Rabies,-,-,-,1,-,-,-,1.0,,outbreak_row_BOTH,Jul-Dec,Kebbi,Kebbi,Unchanged (already a state-level value),Kebbi
2019,Jul-Dec 2019,Africa,Nigeria,Kebbi,Rabies virus (Inf. with),,Domestic,-,Dogs,-,-,250.0,Animal,1.0,0,0.0,1.0,1.0,Rabies,1,1,0,-,0,250,1,,0.0,animal_record,Jul-Dec,Kebbi,Kebbi,Unchanged (already a state-level value),Kebbi
2019,Jul-Dec 2019,Africa,Nigeria,Kebbi,Rabies virus (Inf. with),,Domestic,-,Cats,-,-,70.0,Animal,1.0,0,0.0,1.0,0.0,Rabies,1,1,0,-,0,70,0,,0.0,animal_record,Jul-Dec,Kebbi,Kebbi,Unchanged (already a state-level value),Kebbi
2019,Jul-Dec 2019,Africa,Nigeria,Kebbi,Rabies virus (Inf. with),,Wild,-,Crab-eating macaque,-,-,1.0,Animal,1.0,1,0.0,0.0,,Rabies,1,0,1,-,0,1,-,,1.0,animal_record,Jul-Dec,Kebbi,Kebbi,Unchanged (already a state-level value),Kebbi
2019,Jul-Dec 2019,Africa,Nigeria,Kwara,Rabies virus (Inf. with),,Both animal categories,-,,-,1,,-,,-,,,,Rabies,-,-,-,1,-,-,-,1.0,,outbreak_row_BOTH,Jul-Dec,Kwara,Kwara,Unchanged (already a state-level value),Kwara
2019,Jul-Dec 2019,Africa,Nigeria,Kwara,Rabies virus (Inf. with),,Domestic,-,Dogs,-,-,,Animal,1.0,1,0.0,0.0,0.0,Rabies,1,0,1,-,0,-,0,,1.0,animal_record,Jul-Dec,Kwara,Kwara,Unchanged (already a state-level value),Kwara
2019,Jul-Dec 2019,Africa,Nigeria,Niger,Trypanosomosis (tsetse-transmitted) (-2021),,Both animal categories,-,,-,7,,-,,-,,,,Trypanosomosis,-,-,-,7,-,-,-,7.0,,outbreak_row_BOTH,Jul-Dec,Niger,Niger,Unchanged (already a state-level value),Niger
2019,Jul-Dec 2019,Africa,Nigeria,Niger,Trypanosomosis (tsetse-transmitted) (-2021),,Domestic,-,Cattle,-,-,177.0,Animal,19.0,0,0.0,0.0,0.0,Trypanosomosis,19,0,0,-,0,177,0,,0.0,animal_record,Jul-Dec,Niger,Niger,Unchanged (already a state-level value),Niger
2019,Jul-Dec 2019,Africa,Nigeria,Ondo,Trypanosomosis (tsetse-transmitted) (-2021),,Both animal categories,-,,-,1,,-,,-,,,,Trypanosomosis,-,-,-,1,-,-,-,1.0,,outbreak_row_BOTH,Jul-Dec,Ondo,Ondo,Unchanged (already a state-level value),Ondo
2019,Jul-Dec 2019,Africa,Nigeria,Ondo,Trypanosomosis (tsetse-transmitted) (-2021),,Domestic,-,Cattle,-,-,1350.0,Animal,2.0,0,0.0,0.0,,Trypanosomosis,2,0,0,-,0,1350,-,,0.0,animal_record,Jul-Dec,Ondo,Ondo,Unchanged (already a state-level value),Ondo
2019,Jul-Dec 2019,Africa,Nigeria,Osun,Rabies virus (Inf. with),,Both animal categories,-,,-,1,,-,,-,,,,Rabies,-,-,-,1,-,-,-,1.0,,outbreak_row_BOTH,Jul-Dec,Osun,Osun,Unchanged (already a state-level value),Osun
2019,Jul-Dec 2019,Africa,Nigeria,Osun,Rabies virus (Inf. with),,Domestic,-,Dogs,-,-,2.0,Animal,2.0,0,0.0,2.0,0.0,Rabies,2,2,0,-,0,2,0,,0.0,animal_record,Jul-Dec,Osun,Osun,Unchanged (already a state-level value),Osun
2019,Jul-Dec 2019,Africa,Nigeria,Plateau,Rabies virus (Inf. with),,Both animal categories,-,,-,14,,-,,-,,,,Rabies,-,-,-,14,-,-,-,14.0,,outbreak_row_BOTH,Jul-Dec,Plateau,Plateau,Unchanged (already a state-level value),Plateau
2019,Jul-Dec 2019,Africa,Nigeria,Plateau,Rabies virus (Inf. with),,Domestic,-,Dogs,-,-,14.0,Animal,14.0,0,2.0,12.0,0.0,Rabies,14,12,0,-,2,14,0,,0.0,animal_record,Jul-Dec,Plateau,Plateau,Unchanged (already a state-level value),Plateau
2019,Jul-Dec 2019,Africa,Nigeria,Sokoto,High pathogenicity avian influenza viruses (Inf. with) (poultry),H5N6,Domestic,-,Birds,-,-,,Animal,,-,,,,HPAI,-,-,-,-,-,-,-,,,animal_record,Jul-Dec,Sokoto,Sokoto,Unchanged (already a state-level value),Sokoto
2019,Jul-Dec 2019,Africa,Nigeria,Yobe,Rabies virus (Inf. with),,Both animal categories,-,,-,1,,-,,-,,,,Rabies,-,-,-,1,-,-,-,1.0,,outbreak_row_BOTH,Jul-Dec,Yobe,Yobe,Unchanged (already a state-level value),Yobe
2019,Jul-Dec 2019,Africa,Nigeria,Yobe,Rabies virus (Inf. with),,Domestic,-,Dogs,-,-,,Animal,2.0,0,0.0,2.0,0.0,Rabies,2,2,0,-,0,-,0,,0.0,animal_record,Jul-Dec,Yobe,Yobe,Unchanged (already a state-level value),Yobe
2020,Jan-Jun 2020,Africa,Nigeria,Anambra,Trypanosomosis (tsetse-transmitted) (-2021),,Both animal categories,-,,-,1,,-,,-,,,,Trypanosomosis,-,-,-,1,-,-,-,1.0,,outbreak_row_BOTH,Jan-Jun,Anambra,Anambra,Unchanged (already a state-level value),Anambra
2020,Jan-Jun 2020,Africa,Nigeria,Anambra,Trypanosomosis (tsetse-transmitted) (-2021),,Domestic,-,Cattle,-,-,30.0,Animal,2.0,0,0.0,0.0,0.0,Trypanosomosis,2,0,0,-,0,30,0,,0.0,animal_record,Jan-Jun,Anambra,Anambra,Unchanged (already a state-level value),Anambra
2020,Jan-Jun 2020,Africa,Nigeria,Bauchi,Rabies virus (Inf. with),RABV,Domestic,-,,-,4,,-,,-,,,,Rabies,-,-,-,4,-,-,-,4.0,,outbreak_row_DOMESTIC,Jan-Jun,Bauchi,Bauchi,Unchanged (already a state-level value),Bauchi
2020,Jan-Jun 2020,Africa,Nigeria,Bauchi,Rabies virus (Inf. with),RABV,Domestic,-,Dogs,-,-,122.0,Animal,4.0,2,0.0,2.0,0.0,Rabies,4,2,2,-,0,122,0,,2.0,animal_record,Jan-Jun,Bauchi,Bauchi,Unchanged (already a state-level value),Bauchi
2020,Jan-Jun 2020,Africa,Nigeria,Bayelsa,Rabies virus (Inf. with),RABV,Domestic,-,,-,1,,-,,-,,,,Rabies,-,-,-,1,-,-,-,1.0,,outbreak_row_DOMESTIC,Jan-Jun,Bayelsa,Bayelsa,Unchanged (already a state-level value),Bayelsa
2020,Jan-Jun 2020,Africa,Nigeria,Bayelsa,Rabies virus (Inf. with),RABV,Domestic,-,Dogs,-,-,3.0,Animal,2.0,0,0.0,1.0,0.0,Rabies,2,1,0,-,0,3,0,,0.0,animal_record,Jan-Jun,Bayelsa,Bayelsa,Unchanged (already a state-level value),Bayelsa
2020,Jan-Jun 2020,Africa,Nigeria,Ebonyi,Rabies virus (Inf. with),RABV,Domestic,-,,-,1,,-,,-,,,,Rabies,-,-,-,1,-,-,-,1.0,,outbreak_row_DOMESTIC,Jan-Jun,Ebonyi,Ebonyi,Unchanged (already a state-level value),Ebonyi
2020,Jan-Jun 2020,Africa,Nigeria,Ebonyi,Rabies virus (Inf. with),RABV,Domestic,-,Dogs,-,-,47.0,Animal,1.0,0,0.0,1.0,0.0,Rabies,1,1,0,-,0,47,0,,0.0,animal_record,Jan-Jun,Ebonyi,Ebonyi,Unchanged (already a state-level value),Ebonyi
2020,Jan-Jun 2020,Africa,Nigeria,Gombe,Rabies virus (Inf. with),RABV,Domestic,-,,-,1,,-,,-,,,,Rabies,-,-,-,1,-,-,-,1.0,,outbreak_row_DOMESTIC,Jan-Jun,Gombe,Gombe,Unchanged (already a state-level value),Gombe
2020,Jan-Jun 2020,Africa,Nigeria,Gombe,Rabies virus (Inf. with),RABV,Domestic,-,Dogs,-,-,40.0,Animal,1.0,0,0.0,1.0,0.0,Rabies,1,1,0,-,0,40,0,,0.0,animal_record,Jan-Jun,Gombe,Gombe,Unchanged (already a state-level value),Gombe
2020,Jan-Jun 2020,Africa,Nigeria,Kaduna,Rabies virus (Inf. with),RABV,Domestic,-,,-,3,,-,,-,,,,Rabies,-,-,-,3,-,-,-,3.0,,outbreak_row_DOMESTIC,Jan-Jun,Kaduna,Kaduna,Unchanged (already a state-level value),Kaduna
2020,Jan-Jun 2020,Africa,Nigeria,Kaduna,Rabies virus (Inf. with),RABV,Domestic,-,Dogs,-,-,93.0,Animal,3.0,2,0.0,1.0,0.0,Rabies,3,1,2,-,0,93,0,,2.0,animal_record,Jan-Jun,Kaduna,Kaduna,Unchanged (already a state-level value),Kaduna
2020,Jan-Jun 2020,Africa,Nigeria,Kano,Rabies virus (Inf. with),RABV,Domestic,-,,-,5,,-,,-,,,,Rabies,-,-,-,5,-,-,-,5.0,,outbreak_row_DOMESTIC,Jan-Jun,Kano,Kano,Unchanged (already a state-level value),Kano
2020,Jan-Jun 2020,Africa,Nigeria,Kano,Rabies virus (Inf. with),RABV,Domestic,-,Dogs,-,-,213.0,Animal,5.0,1,0.0,4.0,0.0,Rabies,5,4,1,-,0,213,0,,1.0,animal_record,Jan-Jun,Kano,Kano,Unchanged (already a state-level value),Kano
2020,Jan-Jun 2020,Africa,Nigeria,Katsina,Rabies virus (Inf. with),RABV,Domestic,-,,-,3,,-,,-,,,,Rabies,-,-,-,3,-,-,-,3.0,,outbreak_row_DOMESTIC,Jan-Jun,Katsina,Katsina,Unchanged (already a state-level value),Katsina
2020,Jan-Jun 2020,Africa,Nigeria,Katsina,Rabies virus (Inf. with),RABV,Domestic,-,Dogs,-,-,93.0,Animal,3.0,2,0.0,1.0,0.0,Rabies,3,1,2,-,0,93,0,,2.0,animal_record,Jan-Jun,Katsina,Katsina,Unchanged (already a state-level value),Katsina
2020,Jan-Jun 2020,Africa,Nigeria,Kebbi,Rabies virus (Inf. with),RABV,Domestic,-,,-,3,,-,,-,,,,Rabies,-,-,-,3,-,-,-,3.0,,outbreak_row_DOMESTIC,Jan-Jun,Kebbi,Kebbi,Unchanged (already a state-level value),Kebbi
2020,Jan-Jun 2020,Africa,Nigeria,Kebbi,Rabies virus (Inf. with),RABV,Domestic,-,Cattle,-,-,300.0,Animal,2.0,0,0.0,2.0,0.0,Rabies,2,2,0,-,0,300,0,,0.0,animal_record,Jan-Jun,Kebbi,Kebbi,Unchanged (already a state-level value),Kebbi
2020,Jan-Jun 2020,Africa,Nigeria,Kebbi,Rabies virus (Inf. with),RABV,Domestic,-,Dogs,-,-,20.0,Animal,1.0,0,0.0,1.0,0.0,Rabies,1,1,0,-,0,20,0,,0.0,animal_record,Jan-Jun,Kebbi,Kebbi,Unchanged (already a state-level value),Kebbi
2020,Jan-Jun 2020,Africa,Nigeria,Niger,Trypanosomosis (tsetse-transmitted) (-2021),,Both animal categories,-,,-,4,,-,,-,,,,Trypanosomosis,-,-,-,4,-,-,-,4.0,,outbreak_row_BOTH,Jan-Jun,Niger,Niger,Unchanged (already a state-level value),Niger
2020,Jan-Jun 2020,Africa,Nigeria,Niger,Trypanosomosis (tsetse-transmitted) (-2021),,Domestic,-,Cattle,-,-,30.0,Animal,12.0,0,0.0,0.0,0.0,Trypanosomosis,12,0,0,-,0,30,0,,0.0,animal_record,Jan-Jun,Niger,Niger,Unchanged (already a state-level value),Niger
2020,Jan-Jun 2020,Africa,Nigeria,Ogun,Rabies virus (Inf. with),RABV,Domestic,-,,-,1,,-,,-,,,,Rabies,-,-,-,1,-,-,-,1.0,,outbreak_row_DOMESTIC,Jan-Jun,Ogun,Ogun,Unchanged (already a state-level value),Ogun
2020,Jan-Jun 2020,Africa,Nigeria,Ogun,Rabies virus (Inf. with),RABV,Domestic,-,Dogs,-,-,21.0,Animal,1.0,0,0.0,1.0,0.0,Rabies,1,1,0,-,0,21,0,,0.0,animal_record,Jan-Jun,Ogun,Ogun,Unchanged (already a state-level value),Ogun
2020,Jan-Jun 2020,Africa,Nigeria,Ondo,Trypanosomosis (tsetse-transmitted) (-2021),,Both animal categories,-,,-,1,,-,,-,,,,Trypanosomosis,-,-,-,1,-,-,-,1.0,,outbreak_row_BOTH,Jan-Jun,Ondo,Ondo,Unchanged (already a state-level value),Ondo
2020,Jan-Jun 2020,Africa,Nigeria,Ondo,Trypanosomosis (tsetse-transmitted) (-2021),,Domestic,-,Cattle,-,-,1100.0,Animal,2.0,0,0.0,0.0,0.0,Trypanosomosis,2,0,0,-,0,1100,0,,0.0,animal_record,Jan-Jun,Ondo,Ondo,Unchanged (already a state-level value),Ondo
2020,Jan-Jun 2020,Africa,Nigeria,Plateau,Rabies virus (Inf. with),RABV,Domestic,-,,-,24,,-,,-,,,,Rabies,-,-,-,24,-,-,-,24.0,,outbreak_row_DOMESTIC,Jan-Jun,Plateau,Plateau,Unchanged (already a state-level value),Plateau
2020,Jan-Jun 2020,Africa,Nigeria,Plateau,Rabies virus (Inf. with),RABV,Domestic,-,Dogs,-,-,762.0,Animal,23.0,7,0.0,15.0,0.0,Rabies,23,15,7,-,0,762,0,,7.0,animal_record,Jan-Jun,Plateau,Plateau,Unchanged (already a state-level value),Plateau
2020,Jan-Jun 2020,Africa,Nigeria,Zamfara,Trypanosomosis (tsetse-transmitted) (-2021),,Both animal categories,-,,-,1,,-,,-,,,,Trypanosomosis,-,-,-,1,-,-,-,1.0,,outbreak_row_BOTH,Jan-Jun,Zamfara,Zamfara,Unchanged (already a state-level value),Zamfara
2020,Jan-Jun 2020,Africa,Nigeria,Zamfara,Trypanosomosis (tsetse-transmitted) (-2021),,Domestic,-,Cattle,-,-,30.0,Animal,7.0,0,0.0,0.0,0.0,Trypanosomosis,7,0,0,-,0,30,0,,0.0,animal_record,Jan-Jun,Zamfara,Zamfara,Unchanged (already a state-level value),Zamfara
2020,Jul-Dec 2020,Africa,Nigeria,Akwa Ibom,Rabies virus (Inf. with),RABV,Both animal categories,-,,-,6,,-,,-,,,,Rabies,-,-,-,6,-,-,-,6.0,,outbreak_row_BOTH,Jul-Dec,Akwa Ibom,Akwa Ibom,Unchanged (already a state-level value),Akwa Ibom
2020,Jul-Dec 2020,Africa,Nigeria,Akwa Ibom,Rabies virus (Inf. with),RABV,Domestic,-,Swine,-,-,35.0,Animal,3.0,2,0.0,1.0,0.0,Rabies,3,1,2,-,0,35,0,,2.0,animal_record,Jul-Dec,Akwa Ibom,Akwa Ibom,Unchanged (already a state-level value),Akwa Ibom
2020,Jul-Dec 2020,Africa,Nigeria,Akwa Ibom,Rabies virus (Inf. with),RABV,Domestic,-,Dogs,-,-,24.0,Animal,3.0,0,0.0,3.0,0.0,Rabies,3,3,0,-,0,24,0,,0.0,animal_record,Jul-Dec,Akwa Ibom,Akwa Ibom,Unchanged (already a state-level value),Akwa Ibom
2020,Jul-Dec 2020,Africa,Nigeria,Bauchi,Rabies virus (Inf. with),RABV,Both animal categories,-,,-,7,,-,,-,,,,Rabies,-,-,-,7,-,-,-,7.0,,outbreak_row_BOTH,Jul-Dec,Bauchi,Bauchi,Unchanged (already a state-level value),Bauchi
2020,Jul-Dec 2020,Africa,Nigeria,Bauchi,Rabies virus (Inf. with),RABV,Domestic,-,Dogs,-,-,125.0,Animal,7.0,0,0.0,5.0,0.0,Rabies,7,5,0,-,0,125,0,,0.0,animal_record,Jul-Dec,Bauchi,Bauchi,Unchanged (already a state-level value),Bauchi
2020,Jul-Dec 2020,Africa,Nigeria,Bauchi,Rabies virus (Inf. with),RABV,Domestic,-,Cats,-,-,4.0,Animal,1.0,0,0.0,0.0,0.0,Rabies,1,0,0,-,0,4,0,,0.0,animal_record,Jul-Dec,Bauchi,Bauchi,Unchanged (already a state-level value),Bauchi
2020,Jul-Dec 2020,Africa,Nigeria,Benue,Rabies virus (Inf. with),RABV,Both animal categories,-,,-,1,,-,,-,,,,Rabies,-,-,-,1,-,-,-,1.0,,outbreak_row_BOTH,Jul-Dec,Benue,Benue,Unchanged (already a state-level value),Benue
2020,Jul-Dec 2020,Africa,Nigeria,Benue,Rabies virus (Inf. with),RABV,Domestic,-,Dogs,-,-,13.0,Animal,1.0,1,0.0,0.0,0.0,Rabies,1,0,1,-,0,13,0,,1.0,animal_record,Jul-Dec,Benue,Benue,Unchanged (already a state-level value),Benue
2020,Jul-Dec 2020,Africa,Nigeria,Borno,Rabies virus (Inf. with),RABV,Both animal categories,-,,-,1,,-,,-,,,,Rabies,-,-,-,1,-,-,-,1.0,,outbreak_row_BOTH,Jul-Dec,Borno,Borno,Unchanged (already a state-level value),Borno
2020,Jul-Dec 2020,Africa,Nigeria,Borno,Rabies virus (Inf. with),RABV,Domestic,-,Dogs,-,-,5.0,Animal,1.0,0,0.0,1.0,0.0,Rabies,1,1,0,-,0,5,0,,0.0,animal_record,Jul-Dec,Borno,Borno,Unchanged (already a state-level value),Borno
2020,Jul-Dec 2020,Africa,Nigeria,Gombe,Rabies virus (Inf. with),RABV,Both animal categories,-,,-,3,,-,,-,,,,Rabies,-,-,-,3,-,-,-,3.0,,outbreak_row_BOTH,Jul-Dec,Gombe,Gombe,Unchanged (already a state-level value),Gombe
2020,Jul-Dec 2020,Africa,Nigeria,Gombe,Rabies virus (Inf. with),RABV,Domestic,-,Dogs,-,-,30.0,Animal,2.0,1,0.0,1.0,0.0,Rabies,2,1,1,-,0,30,0,,1.0,animal_record,Jul-Dec,Gombe,Gombe,Unchanged (already a state-level value),Gombe
2020,Jul-Dec 2020,Africa,Nigeria,Gombe,Rabies virus (Inf. with),RABV,Domestic,-,Cats,-,-,3.0,Animal,1.0,1,0.0,0.0,0.0,Rabies,1,0,1,-,0,3,0,,1.0,animal_record,Jul-Dec,Gombe,Gombe,Unchanged (already a state-level value),Gombe
2020,Jul-Dec 2020,Africa,Nigeria,Kaduna,Rabies virus (Inf. with),RABV,Both animal categories,-,,-,6,,-,,-,,,,Rabies,-,-,-,6,-,-,-,6.0,,outbreak_row_BOTH,Jul-Dec,Kaduna,Kaduna,Unchanged (already a state-level value),Kaduna
2020,Jul-Dec 2020,Africa,Nigeria,Kaduna,Rabies virus (Inf. with),RABV,Domestic,-,Dogs,-,-,389.0,Animal,10.0,3,0.0,6.0,0.0,Rabies,10,6,3,-,0,389,0,,3.0,animal_record,Jul-Dec,Kaduna,Kaduna,Unchanged (already a state-level value),Kaduna
2020,Jul-Dec 2020,Africa,Nigeria,Kano,High pathogenicity avian influenza viruses (Inf. with) (poultry),H5N1,Domestic,-,,-,1,,-,,-,,,,HPAI,-,-,-,1,-,-,-,1.0,,outbreak_row_DOMESTIC,Jul-Dec,Kano,Kano,Unchanged (already a state-level value),Kano
2020,Jul-Dec 2020,Africa,Nigeria,Kano,High pathogenicity avian influenza viruses (Inf. with) (poultry),H5N1,Domestic,-,Birds,-,-,63.0,Animal,,2,0.0,61.0,,HPAI,-,61,2,-,0,63,-,,2.0,animal_record,Jul-Dec,Kano,Kano,Unchanged (already a state-level value),Kano
2020,Jul-Dec 2020,Africa,Nigeria,Kano,Rabies virus (Inf. with),RABV,Both animal categories,-,,-,3,,-,,-,,,,Rabies,-,-,-,3,-,-,-,3.0,,outbreak_row_BOTH,Jul-Dec,Kano,Kano,Unchanged (already a state-level value),Kano
2020,Jul-Dec 2020,Africa,Nigeria,Kano,Rabies virus (Inf. with),RABV,Domestic,-,Dogs,-,-,105.0,Animal,3.0,1,0.0,2.0,0.0,Rabies,3,2,1,-,0,105,0,,1.0,animal_record,Jul-Dec,Kano,Kano,Unchanged (already a state-level value),Kano
2020,Jul-Dec 2020,Africa,Nigeria,Katsina,Rabies virus (Inf. with),RABV,Both animal categories,-,,-,1,,-,,-,,,,Rabies,-,-,-,1,-,-,-,1.0,,outbreak_row_BOTH,Jul-Dec,Katsina,Katsina,Unchanged (already a state-level value),Katsina
2020,Jul-Dec 2020,Africa,Nigeria,Katsina,Rabies virus (Inf. with),RABV,Domestic,-,Dogs,-,-,24.0,Animal,1.0,1,0.0,0.0,0.0,Rabies,1,0,1,-,0,24,0,,1.0,animal_record,Jul-Dec,Katsina,Katsina,Unchanged (already a state-level value),Katsina
2020,Jul-Dec 2020,Africa,Nigeria,Kwara,Rabies virus (Inf. with),RABV,Both animal categories,-,,-,1,,-,,-,,,,Rabies,-,-,-,1,-,-,-,1.0,,outbreak_row_BOTH,Jul-Dec,Kwara,Kwara,Unchanged (already a state-level value),Kwara
2020,Jul-Dec 2020,Africa,Nigeria,Kwara,Rabies virus (Inf. with),RABV,Domestic,-,Dogs,-,-,15.0,Animal,1.0,0,0.0,1.0,0.0,Rabies,1,1,0,-,0,15,0,,0.0,animal_record,Jul-Dec,Kwara,Kwara,Unchanged (already a state-level value),Kwara
2020,Jul-Dec 2020,Africa,Nigeria,Niger,Trypanosomosis (tsetse-transmitted) (-2021),,Both animal categories,-,,-,7,,-,,-,,,,Trypanosomosis,-,-,-,7,-,-,-,7.0,,outbreak_row_BOTH,Jul-Dec,Niger,Niger,Unchanged (already a state-level value),Niger
2020,Jul-Dec 2020,Africa,Nigeria,Niger,Trypanosomosis (tsetse-transmitted) (-2021),,Domestic,-,Cattle,-,-,197.0,Animal,64.0,0,0.0,0.0,0.0,Trypanosomosis,64,0,0,-,0,197,0,,0.0,animal_record,Jul-Dec,Niger,Niger,Unchanged (already a state-level value),Niger
2020,Jul-Dec 2020,Africa,Nigeria,Niger,Trypanosomosis (tsetse-transmitted) (-2021),,Domestic,-,Sheep,-,-,9.0,Animal,2.0,0,0.0,0.0,0.0,Trypanosomosis,2,0,0,-,0,9,0,,0.0,animal_record,Jul-Dec,Niger,Niger,Unchanged (already a state-level value),Niger
2020,Jul-Dec 2020,Africa,Nigeria,Oyo,Rabies virus (Inf. with),RABV,Both animal categories,-,,-,5,,-,,-,,,,Rabies,-,-,-,5,-,-,-,5.0,,outbreak_row_BOTH,Jul-Dec,Oyo,Oyo,Unchanged (already a state-level value),Oyo
2020,Jul-Dec 2020,Africa,Nigeria,Oyo,Rabies virus (Inf. with),RABV,Domestic,-,Dogs,-,-,180.0,Animal,5.0,1,0.0,4.0,0.0,Rabies,5,4,1,-,0,180,0,,1.0,animal_record,Jul-Dec,Oyo,Oyo,Unchanged (already a state-level value),Oyo
2020,Jul-Dec 2020,Africa,Nigeria,Plateau,Rabies virus (Inf. with),RABV,Both animal categories,-,,-,27,,-,,-,,,,Rabies,-,-,-,27,-,-,-,27.0,,outbreak_row_BOTH,Jul-Dec,Plateau,Plateau,Unchanged (already a state-level value),Plateau
2020,Jul-Dec 2020,Africa,Nigeria,Plateau,Rabies virus (Inf. with),RABV,Domestic,-,Dogs,-,-,1195.0,Animal,28.0,9,0.0,20.0,0.0,Rabies,28,20,9,-,0,1195,0,,9.0,animal_record,Jul-Dec,Plateau,Plateau,Unchanged (already a state-level value),Plateau
2020,Jul-Dec 2020,Africa,Nigeria,Plateau,Rabies virus (Inf. with),RABV,Domestic,-,Rabbits,-,-,20.0,Animal,1.0,0,0.0,1.0,0.0,Rabies,1,1,0,-,0,20,0,,0.0,animal_record,Jul-Dec,Plateau,Plateau,Unchanged (already a state-level value),Plateau
2021,Jan-Jun 2021,Africa,Nigeria,Bauchi,High pathogenicity avian influenza viruses (Inf. with) (poultry),H5N1,Domestic,-,,-,8,,-,,-,,,,HPAI,-,-,-,8,-,-,-,8.0,,outbreak_row_DOMESTIC,Jan-Jun,Bauchi,Bauchi,Unchanged (already a state-level value),Bauchi
2021,Jan-Jun 2021,Africa,Nigeria,Bauchi,High pathogenicity avian influenza viruses (Inf. with) (poultry),H5N1,Domestic,-,Birds,-,-,46896.0,Animal,44850.0,43872,0.0,3024.0,0.0,HPAI,44850,3024,43872,-,0,46896,0,,43872.0,animal_record,Jan-Jun,Bauchi,Bauchi,Unchanged (already a state-level value),Bauchi
2021,Jan-Jun 2021,Africa,Nigeria,Bauchi,Rabies virus (Inf. with),RABV,Both animal categories,-,,-,4,,-,,-,,,,Rabies,-,-,-,4,-,-,-,4.0,,outbreak_row_BOTH,Jan-Jun,Bauchi,Bauchi,Unchanged (already a state-level value),Bauchi
2021,Jan-Jun 2021,Africa,Nigeria,Bauchi,Rabies virus (Inf. with),RABV,Domestic,-,Dogs,-,-,41.0,Animal,3.0,1,0.0,2.0,0.0,Rabies,3,2,1,-,0,41,0,,1.0,animal_record,Jan-Jun,Bauchi,Bauchi,Unchanged (already a state-level value),Bauchi
2021,Jan-Jun 2021,Africa,Nigeria,Bauchi,Rabies virus (Inf. with),RABV,Domestic,-,Sheep,-,-,5.0,Animal,1.0,1,0.0,,,Rabies,1,-,1,-,0,5,-,,1.0,animal_record,Jan-Jun,Bauchi,Bauchi,Unchanged (already a state-level value),Bauchi
2021,Jan-Jun 2021,Africa,Nigeria,Bayelsa,High pathogenicity avian influenza viruses (Inf. with) (poultry),H5N1,Domestic,-,,-,1,,-,,-,,,,HPAI,-,-,-,1,-,-,-,1.0,,outbreak_row_DOMESTIC,Jan-Jun,Bayelsa,Bayelsa,Unchanged (already a state-level value),Bayelsa
2021,Jan-Jun 2021,Africa,Nigeria,Bayelsa,High pathogenicity avian influenza viruses (Inf. with) (poultry),H5N1,Domestic,-,Birds,-,-,2200.0,Animal,2200.0,0,0.0,850.0,0.0,HPAI,2200,850,0,-,0,2200,0,,0.0,animal_record,Jan-Jun,Bayelsa,Bayelsa,Unchanged (already a state-level value),Bayelsa
2021,Jan-Jun 2021,Africa,Nigeria,Bayelsa,Rabies virus (Inf. with),RABV,Both animal categories,-,,-,1,,-,,-,,,,Rabies,-,-,-,1,-,-,-,1.0,,outbreak_row_BOTH,Jan-Jun,Bayelsa,Bayelsa,Unchanged (already a state-level value),Bayelsa
2021,Jan-Jun 2021,Africa,Nigeria,Bayelsa,Rabies virus (Inf. with),RABV,Domestic,-,Dogs,-,-,5.0,Animal,3.0,0,0.0,3.0,0.0,Rabies,3,3,0,-,0,5,0,,0.0,animal_record,Jan-Jun,Bayelsa,Bayelsa,Unchanged (already a state-level value),Bayelsa
2021,Jan-Jun 2021,Africa,Nigeria,Benue,Rabies virus (Inf. with),RABV,Both animal categories,-,,-,2,,-,,-,,,,Rabies,-,-,-,2,-,-,-,2.0,,outbreak_row_BOTH,Jan-Jun,Benue,Benue,Unchanged (already a state-level value),Benue
2021,Jan-Jun 2021,Africa,Nigeria,Benue,Rabies virus (Inf. with),RABV,Domestic,-,Dogs,-,-,24.0,Animal,2.0,2,0.0,0.0,0.0,Rabies,2,0,2,-,0,24,0,,2.0,animal_record,Jan-Jun,Benue,Benue,Unchanged (already a state-level value),Benue
2021,Jan-Jun 2021,Africa,Nigeria,Delta,High pathogenicity avian influenza viruses (Inf. with) (poultry),H5N1,Domestic,-,,-,3,,-,,-,,,,HPAI,-,-,-,3,-,-,-,3.0,,outbreak_row_DOMESTIC,Jan-Jun,Delta,Delta,Unchanged (already a state-level value),Delta
2021,Jan-Jun 2021,Africa,Nigeria,Delta,High pathogenicity avian influenza viruses (Inf. with) (poultry),H5N1,Domestic,-,Birds,-,-,82020.0,Animal,82020.0,0,0.0,34070.0,0.0,HPAI,82020,34070,0,-,0,82020,0,,0.0,animal_record,Jan-Jun,Delta,Delta,Unchanged (already a state-level value),Delta
2021,Jan-Jun 2021,Africa,Nigeria,Delta,Rabies virus (Inf. with),RABV,Both animal categories,-,,-,1,,-,,-,,,,Rabies,-,-,-,1,-,-,-,1.0,,outbreak_row_BOTH,Jan-Jun,Delta,Delta,Unchanged (already a state-level value),Delta
2021,Jan-Jun 2021,Africa,Nigeria,Delta,Rabies virus (Inf. with),RABV,Domestic,-,Dogs,-,-,16.0,Animal,1.0,1,0.0,0.0,0.0,Rabies,1,0,1,-,0,16,0,,1.0,animal_record,Jan-Jun,Delta,Delta,Unchanged (already a state-level value),Delta
2021,Jan-Jun 2021,Africa,Nigeria,Edo,High pathogenicity avian influenza viruses (Inf. with) (poultry),H5N1,Domestic,-,,-,2,,-,,-,,,,HPAI,-,-,-,2,-,-,-,2.0,,outbreak_row_DOMESTIC,Jan-Jun,Edo,Edo,Unchanged (already a state-level value),Edo
2021,Jan-Jun 2021,Africa,Nigeria,Edo,High pathogenicity avian influenza viruses (Inf. with) (poultry),H5N1,Domestic,-,Birds,-,-,2800.0,Animal,2800.0,1500,0.0,1300.0,0.0,HPAI,2800,1300,1500,-,0,2800,0,,1500.0,animal_record,Jan-Jun,Edo,Edo,Unchanged (already a state-level value),Edo
2021,Jan-Jun 2021,Africa,Nigeria,Federal Capital Territory,Rabies virus (Inf. with),RABV,Both animal categories,-,,-,1,,-,,-,,,,Rabies,-,-,-,1,-,-,-,1.0,,outbreak_row_BOTH,Jan-Jun,Federal Capital Territory,Federal Capital Territory,Unchanged (already a state-level value),Federal Capital Territory
2021,Jan-Jun 2021,Africa,Nigeria,Federal Capital Territory,Rabies virus (Inf. with),RABV,Domestic,-,Dogs,-,-,2.0,Animal,1.0,1,0.0,1.0,1.0,Rabies,1,1,1,-,0,2,1,,1.0,animal_record,Jan-Jun,Federal Capital Territory,Federal Capital Territory,Unchanged (already a state-level value),Federal Capital Territory
2021,Jan-Jun 2021,Africa,Nigeria,Gombe,High pathogenicity avian influenza viruses (Inf. with) (poultry),H5N1,Domestic,-,,-,2,,-,,-,,,,HPAI,-,-,-,2,-,-,-,2.0,,outbreak_row_DOMESTIC,Jan-Jun,Gombe,Gombe,Unchanged (already a state-level value),Gombe
2021,Jan-Jun 2021,Africa,Nigeria,Gombe,High pathogenicity avian influenza viruses (Inf. with) (poultry),H5N1,Domestic,-,Birds,-,-,2780.0,Animal,2780.0,596,0.0,2184.0,0.0,HPAI,2780,2184,596,-,0,2780,0,,596.0,animal_record,Jan-Jun,Gombe,Gombe,Unchanged (already a state-level value),Gombe
2021,Jan-Jun 2021,Africa,Nigeria,Gombe,Rabies virus (Inf. with),RABV,Both animal categories,-,,-,1,,-,,-,,,,Rabies,-,-,-,1,-,-,-,1.0,,outbreak_row_BOTH,Jan-Jun,Gombe,Gombe,Unchanged (already a state-level value),Gombe
2021,Jan-Jun 2021,Africa,Nigeria,Gombe,Rabies virus (Inf. with),RABV,Domestic,-,Dogs,-,-,20.0,Animal,1.0,1,0.0,0.0,0.0,Rabies,1,0,1,-,0,20,0,,1.0,animal_record,Jan-Jun,Gombe,Gombe,Unchanged (already a state-level value),Gombe
2021,Jan-Jun 2021,Africa,Nigeria,Jigawa,Trypanosomosis (tsetse-transmitted) (-2021),,Domestic,-,,-,1,,-,,-,,,,Trypanosomosis,-,-,-,1,-,-,-,1.0,,outbreak_row_DOMESTIC,Jan-Jun,Jigawa,Jigawa,Unchanged (already a state-level value),Jigawa
2021,Jan-Jun 2021,Africa,Nigeria,Jigawa,Trypanosomosis (tsetse-transmitted) (-2021),,Domestic,-,Cattle,-,-,279.0,Animal,57.0,0,0.0,0.0,0.0,Trypanosomosis,57,0,0,-,0,279,0,,0.0,animal_record,Jan-Jun,Jigawa,Jigawa,Unchanged (already a state-level value),Jigawa
2021,Jan-Jun 2021,Africa,Nigeria,Kaduna,High pathogenicity avian influenza viruses (Inf. with) (poultry),H5N1,Domestic,-,,-,3,,-,,-,,,,HPAI,-,-,-,3,-,-,-,3.0,,outbreak_row_DOMESTIC,Jan-Jun,Kaduna,Kaduna,Unchanged (already a state-level value),Kaduna
2021,Jan-Jun 2021,Africa,Nigeria,Kaduna,High pathogenicity avian influenza viruses (Inf. with) (poultry),H5N1,Domestic,-,Birds,-,-,10505.0,Animal,3600.0,8469,0.0,2036.0,0.0,HPAI,3600,2036,8469,-,0,10505,0,,8469.0,animal_record,Jan-Jun,Kaduna,Kaduna,Unchanged (already a state-level value),Kaduna
2021,Jan-Jun 2021,Africa,Nigeria,Kaduna,Rabies virus (Inf. with),RABV,Both animal categories,-,,-,11,,-,,-,,,,Rabies,-,-,-,11,-,-,-,11.0,,outbreak_row_BOTH,Jan-Jun,Kaduna,Kaduna,Unchanged (already a state-level value),Kaduna
2021,Jan-Jun 2021,Africa,Nigeria,Kaduna,Rabies virus (Inf. with),RABV,Domestic,-,Dogs,-,-,23.0,Animal,11.0,1,0.0,10.0,0.0,Rabies,11,10,1,-,0,23,0,,1.0,animal_record,Jan-Jun,Kaduna,Kaduna,Unchanged (already a state-level value),Kaduna
2021,Jan-Jun 2021,Africa,Nigeria,Kano,High pathogenicity avian influenza viruses (Inf. with) (poultry),H5N1,Domestic,-,,-,20,,-,,-,,,,HPAI,-,-,-,20,-,-,-,20.0,,outbreak_row_DOMESTIC,Jan-Jun,Kano,Kano,Unchanged (already a state-level value),Kano
2021,Jan-Jun 2021,Africa,Nigeria,Kano,High pathogenicity avian influenza viruses (Inf. with) (poultry),H5N1,Domestic,-,Birds,-,-,226567.0,Animal,223160.0,212557,0.0,14010.0,0.0,HPAI,223160,14010,212557,-,0,226567,0,,212557.0,animal_record,Jan-Jun,Kano,Kano,Unchanged (already a state-level value),Kano
2021,Jan-Jun 2021,Africa,Nigeria,Kano,Rabies virus (Inf. with),RABV,Both animal categories,-,,-,3,,-,,-,,,,Rabies,-,-,-,3,-,-,-,3.0,,outbreak_row_BOTH,Jan-Jun,Kano,Kano,Unchanged (already a state-level value),Kano
2021,Jan-Jun 2021,Africa,Nigeria,Kano,Rabies virus (Inf. with),RABV,Domestic,-,Dogs,-,-,119.0,Animal,3.0,1,0.0,2.0,0.0,Rabies,3,2,1,-,0,119,0,,1.0,animal_record,Jan-Jun,Kano,Kano,Unchanged (already a state-level value),Kano
2021,Jan-Jun 2021,Africa,Nigeria,Kano,Rabies virus (Inf. with),RABV,Domestic,-,Cattle,-,-,1.0,Animal,1.0,-,0.0,1.0,0.0,Rabies,1,1,-,-,0,1,0,,,animal_record,Jan-Jun,Kano,Kano,Unchanged (already a state-level value),Kano
2021,Jan-Jun 2021,Africa,Nigeria,Kogi,Trypanosomosis (tsetse-transmitted) (-2021),,Domestic,-,,-,1,,-,,-,,,,Trypanosomosis,-,-,-,1,-,-,-,1.0,,outbreak_row_DOMESTIC,Jan-Jun,Kogi,Kogi,Unchanged (already a state-level value),Kogi
2021,Jan-Jun 2021,Africa,Nigeria,Kogi,Trypanosomosis (tsetse-transmitted) (-2021),,Domestic,-,Cattle,-,-,5.0,Animal,2.0,0,0.0,0.0,0.0,Trypanosomosis,2,0,0,-,0,5,0,,0.0,animal_record,Jan-Jun,Kogi,Kogi,Unchanged (already a state-level value),Kogi
2021,Jan-Jun 2021,Africa,Nigeria,Kwara,Trypanosomosis (tsetse-transmitted) (-2021),,Domestic,-,,-,1,,-,,-,,,,Trypanosomosis,-,-,-,1,-,-,-,1.0,,outbreak_row_DOMESTIC,Jan-Jun,Kwara,Kwara,Unchanged (already a state-level value),Kwara
2021,Jan-Jun 2021,Africa,Nigeria,Kwara,Trypanosomosis (tsetse-transmitted) (-2021),,Domestic,-,Cattle,-,-,50.0,Animal,50.0,0,0.0,0.0,0.0,Trypanosomosis,50,0,0,-,0,50,0,,0.0,animal_record,Jan-Jun,Kwara,Kwara,Unchanged (already a state-level value),Kwara
2021,Jan-Jun 2021,Africa,Nigeria,Lagos,High pathogenicity avian influenza viruses (Inf. with) (poultry),H5N1,Domestic,-,,-,1,,-,,-,,,,HPAI,-,-,-,1,-,-,-,1.0,,outbreak_row_DOMESTIC,Jan-Jun,Lagos,Lagos,Unchanged (already a state-level value),Lagos
2021,Jan-Jun 2021,Africa,Nigeria,Lagos,High pathogenicity avian influenza viruses (Inf. with) (poultry),H5N1,Domestic,-,Birds,-,-,12.0,Animal,12.0,8,0.0,4.0,0.0,HPAI,12,4,8,-,0,12,0,,8.0,animal_record,Jan-Jun,Lagos,Lagos,Unchanged (already a state-level value),Lagos
2021,Jan-Jun 2021,Africa,Nigeria,Lagos,Rabies virus (Inf. with),RABV,Both animal categories,-,,-,3,,-,,-,,,,Rabies,-,-,-,3,-,-,-,3.0,,outbreak_row_BOTH,Jan-Jun,Lagos,Lagos,Unchanged (already a state-level value),Lagos
2021,Jan-Jun 2021,Africa,Nigeria,Lagos,Rabies virus (Inf. with),RABV,Domestic,-,Dogs,-,-,5.0,Animal,3.0,2,0.0,1.0,0.0,Rabies,3,1,2,-,0,5,0,,2.0,animal_record,Jan-Jun,Lagos,Lagos,Unchanged (already a state-level value),Lagos
2021,Jan-Jun 2021,Africa,Nigeria,Lagos,Trypanosomosis (tsetse-transmitted) (-2021),,Domestic,-,,-,2,,-,,-,,,,Trypanosomosis,-,-,-,2,-,-,-,2.0,,outbreak_row_DOMESTIC,Jan-Jun,Lagos,Lagos,Unchanged (already a state-level value),Lagos
2021,Jan-Jun 2021,Africa,Nigeria,Lagos,Trypanosomosis (tsetse-transmitted) (-2021),,Domestic,-,Cattle,-,-,7.0,Animal,2.0,0,0.0,0.0,0.0,Trypanosomosis,2,0,0,-,0,7,0,,0.0,animal_record,Jan-Jun,Lagos,Lagos,Unchanged (already a state-level value),Lagos
2021,Jan-Jun 2021,Africa,Nigeria,Nassarawa,High pathogenicity avian influenza viruses (Inf. with) (poultry),H5N1,Domestic,-,,-,3,,-,,-,,,,HPAI,-,-,-,3,-,-,-,3.0,,outbreak_row_DOMESTIC,Jan-Jun,Nassarawa,Nasarawa,Rename (spelling correction),Nasarawa
2021,Jan-Jun 2021,Africa,Nigeria,Nassarawa,High pathogenicity avian influenza viruses (Inf. with) (poultry),H5N1,Domestic,-,Birds,-,-,7000.0,Animal,7000.0,4450,0.0,2550.0,0.0,HPAI,7000,2550,4450,-,0,7000,0,,4450.0,animal_record,Jan-Jun,Nassarawa,Nasarawa,Rename (spelling correction),Nasarawa
2021,Jan-Jun 2021,Africa,Nigeria,Niger,High pathogenicity avian influenza viruses (Inf. with) (poultry),H5N1,Domestic,-,,-,1,,-,,-,,,,HPAI,-,-,-,1,-,-,-,1.0,,outbreak_row_DOMESTIC,Jan-Jun,Niger,Niger,Unchanged (already a state-level value),Niger
2021,Jan-Jun 2021,Africa,Nigeria,Niger,High pathogenicity avian influenza viruses (Inf. with) (poultry),H5N1,Domestic,-,Birds,-,-,1500.0,Animal,1500.0,698,0.0,802.0,0.0,HPAI,1500,802,698,-,0,1500,0,,698.0,animal_record,Jan-Jun,Niger,Niger,Unchanged (already a state-level value),Niger
2021,Jan-Jun 2021,Africa,Nigeria,Niger,Rabies virus (Inf. with),RABV,Both animal categories,-,,-,1,,-,,-,,,,Rabies,-,-,-,1,-,-,-,1.0,,outbreak_row_BOTH,Jan-Jun,Niger,Niger,Unchanged (already a state-level value),Niger
2021,Jan-Jun 2021,Africa,Nigeria,Niger,Rabies virus (Inf. with),RABV,Domestic,-,Dogs,-,-,12.0,Animal,1.0,1,,0.0,0.0,Rabies,1,0,1,-,-,12,0,,1.0,animal_record,Jan-Jun,Niger,Niger,Unchanged (already a state-level value),Niger
2021,Jan-Jun 2021,Africa,Nigeria,Niger,Trypanosomosis (tsetse-transmitted) (-2021),,Domestic,-,,-,7,,-,,-,,,,Trypanosomosis,-,-,-,7,-,-,-,7.0,,outbreak_row_DOMESTIC,Jan-Jun,Niger,Niger,Unchanged (already a state-level value),Niger
2021,Jan-Jun 2021,Africa,Nigeria,Niger,Trypanosomosis (tsetse-transmitted) (-2021),,Domestic,-,Cattle,-,-,47.0,Animal,23.0,0,0.0,1.0,0.0,Trypanosomosis,23,1,0,-,0,47,0,,0.0,animal_record,Jan-Jun,Niger,Niger,Unchanged (already a state-level value),Niger
2021,Jan-Jun 2021,Africa,Nigeria,Plateau,High pathogenicity avian influenza viruses (Inf. with) (poultry),H5N1,Domestic,-,,-,44,,-,,-,,,,HPAI,-,-,-,44,-,-,-,44.0,,outbreak_row_DOMESTIC,Jan-Jun,Plateau,Plateau,Unchanged (already a state-level value),Plateau
2021,Jan-Jun 2021,Africa,Nigeria,Plateau,High pathogenicity avian influenza viruses (Inf. with) (poultry),H5N1,Domestic,-,Birds,-,-,104510.0,Animal,104510.0,87105,0.0,17405.0,0.0,HPAI,104510,17405,87105,-,0,104510,0,,87105.0,animal_record,Jan-Jun,Plateau,Plateau,Unchanged (already a state-level value),Plateau
2021,Jan-Jun 2021,Africa,Nigeria,Plateau,Rabies virus (Inf. with),RABV,Both animal categories,-,,-,37,,-,,-,,,,Rabies,-,-,-,37,-,-,-,37.0,,outbreak_row_BOTH,Jan-Jun,Plateau,Plateau,Unchanged (already a state-level value),Plateau
2021,Jan-Jun 2021,Africa,Nigeria,Plateau,Rabies virus (Inf. with),RABV,Domestic,-,Dogs,-,-,1496.0,Animal,40.0,17,0.0,22.0,9.0,Rabies,40,22,17,-,0,1496,9,,17.0,animal_record,Jan-Jun,Plateau,Plateau,Unchanged (already a state-level value),Plateau
2021,Jan-Jun 2021,Africa,Nigeria,Plateau,Rabies virus (Inf. with),RABV,Domestic,-,Cats,-,-,1.0,Animal,1.0,1,0.0,0.0,0.0,Rabies,1,0,1,-,0,1,0,,1.0,animal_record,Jan-Jun,Plateau,Plateau,Unchanged (already a state-level value),Plateau
2021,Jul-Dec 2021,Africa,Nigeria,Abia,High pathogenicity avian influenza viruses (Inf. with) (poultry),H5N1,Domestic,-,,-,2,,-,,-,,,,HPAI,-,-,-,2,-,-,-,2.0,,outbreak_row_DOMESTIC,Jul-Dec,Abia,Abia,Unchanged (already a state-level value),Abia
2021,Jul-Dec 2021,Africa,Nigeria,Abia,High pathogenicity avian influenza viruses (Inf. with) (poultry),H5N1,Domestic,-,Birds,-,-,7500.0,Animal,7500.0,3200,0.0,4300.0,0.0,HPAI,7500,4300,3200,-,0,7500,0,,3200.0,animal_record,Jul-Dec,Abia,Abia,Unchanged (already a state-level value),Abia
2021,Jul-Dec 2021,Africa,Nigeria,Akwa Ibom,High pathogenicity avian influenza viruses (Inf. with) (poultry),H5N1,Domestic,-,,-,1,,-,,-,,,,HPAI,-,-,-,1,-,-,-,1.0,,outbreak_row_DOMESTIC,Jul-Dec,Akwa Ibom,Akwa Ibom,Unchanged (already a state-level value),Akwa Ibom
2021,Jul-Dec 2021,Africa,Nigeria,Akwa Ibom,High pathogenicity avian influenza viruses (Inf. with) (poultry),H5N1,Domestic,-,Birds,-,-,4964.0,Animal,4964.0,1000,0.0,3964.0,0.0,HPAI,4964,3964,1000,-,0,4964,0,,1000.0,animal_record,Jul-Dec,Akwa Ibom,Akwa Ibom,Unchanged (already a state-level value),Akwa Ibom
2021,Jul-Dec 2021,Africa,Nigeria,Anambra,High pathogenicity avian influenza viruses (Inf. with) (poultry),H5N1,Domestic,-,,-,2,,-,,-,,,,HPAI,-,-,-,2,-,-,-,2.0,,outbreak_row_DOMESTIC,Jul-Dec,Anambra,Anambra,Unchanged (already a state-level value),Anambra
2021,Jul-Dec 2021,Africa,Nigeria,Anambra,High pathogenicity avian influenza viruses (Inf. with) (poultry),H5N1,Domestic,-,Birds,-,-,11500.0,Animal,11500.0,7700,0.0,3800.0,0.0,HPAI,11500,3800,7700,-,0,11500,0,,7700.0,animal_record,Jul-Dec,Anambra,Anambra,Unchanged (already a state-level value),Anambra
2021,Jul-Dec 2021,Africa,Nigeria,Anambra,Trypanosomosis (tsetse-transmitted) (-2021),,Domestic,-,,-,1,,-,,-,,,,Trypanosomosis,-,-,-,1,-,-,-,1.0,,outbreak_row_DOMESTIC,Jul-Dec,Anambra,Anambra,Unchanged (already a state-level value),Anambra
2021,Jul-Dec 2021,Africa,Nigeria,Anambra,Trypanosomosis (tsetse-transmitted) (-2021),,Domestic,-,Goats,-,-,10.0,Animal,10.0,0,0.0,6.0,0.0,Trypanosomosis,10,6,0,-,0,10,0,,0.0,animal_record,Jul-Dec,Anambra,Anambra,Unchanged (already a state-level value),Anambra
2021,Jul-Dec 2021,Africa,Nigeria,Bauchi,High pathogenicity avian influenza viruses (Inf. with) (poultry),H5N1,Domestic,-,,-,6,,-,,-,,,,HPAI,-,-,-,6,-,-,-,6.0,,outbreak_row_DOMESTIC,Jul-Dec,Bauchi,Bauchi,Unchanged (already a state-level value),Bauchi
2021,Jul-Dec 2021,Africa,Nigeria,Bauchi,High pathogenicity avian influenza viruses (Inf. with) (poultry),H5N1,Domestic,-,Birds,-,-,32517.0,Animal,32517.0,29813,0.0,2704.0,0.0,HPAI,32517,2704,29813,-,0,32517,0,,29813.0,animal_record,Jul-Dec,Bauchi,Bauchi,Unchanged (already a state-level value),Bauchi
2021,Jul-Dec 2021,Africa,Nigeria,Bauchi,Rabies virus (Inf. with),RABV,Both animal categories,-,,-,10,,-,,-,,,,Rabies,-,-,-,10,-,-,-,10.0,,outbreak_row_BOTH,Jul-Dec,Bauchi,Bauchi,Unchanged (already a state-level value),Bauchi
2021,Jul-Dec 2021,Africa,Nigeria,Bauchi,Rabies virus (Inf. with),RABV,Domestic,-,Dogs,-,-,451.0,Animal,10.0,5,0.0,5.0,0.0,Rabies,10,5,5,-,0,451,0,,5.0,animal_record,Jul-Dec,Bauchi,Bauchi,Unchanged (already a state-level value),Bauchi
2021,Jul-Dec 2021,Africa,Nigeria,Bauchi,Trypanosomosis (tsetse-transmitted) (-2021),,Domestic,-,,-,4,,-,,-,,,,Trypanosomosis,-,-,-,4,-,-,-,4.0,,outbreak_row_DOMESTIC,Jul-Dec,Bauchi,Bauchi,Unchanged (already a state-level value),Bauchi
2021,Jul-Dec 2021,Africa,Nigeria,Bauchi,Trypanosomosis (tsetse-transmitted) (-2021),,Domestic,-,Cattle,-,-,331.0,Animal,167.0,0,9.0,15.0,0.0,Trypanosomosis,167,15,0,-,9,331,0,,0.0,animal_record,Jul-Dec,Bauchi,Bauchi,Unchanged (already a state-level value),Bauchi
2021,Jul-Dec 2021,Africa,Nigeria,Bayelsa,High pathogenicity avian influenza viruses (Inf. with) (poultry),H5N1,Domestic,-,,-,5,,-,,-,,,,HPAI,-,-,-,5,-,-,-,5.0,,outbreak_row_DOMESTIC,Jul-Dec,Bayelsa,Bayelsa,Unchanged (already a state-level value),Bayelsa
2021,Jul-Dec 2021,Africa,Nigeria,Bayelsa,High pathogenicity avian influenza viruses (Inf. with) (poultry),H5N1,Domestic,-,Birds,-,-,11300.0,Animal,11300.0,7060,0.0,4240.0,0.0,HPAI,11300,4240,7060,-,0,11300,0,,7060.0,animal_record,Jul-Dec,Bayelsa,Bayelsa,Unchanged (already a state-level value),Bayelsa
2021,Jul-Dec 2021,Africa,Nigeria,Benue,Rabies virus (Inf. with),RABV,Both animal categories,-,,-,3,,-,,-,,,,Rabies,-,-,-,3,-,-,-,3.0,,outbreak_row_BOTH,Jul-Dec,Benue,Benue,Unchanged (already a state-level value),Benue
2021,Jul-Dec 2021,Africa,Nigeria,Benue,Rabies virus (Inf. with),RABV,Domestic,-,Dogs,-,-,109.0,Animal,3.0,3,0.0,0.0,0.0,Rabies,3,0,3,-,0,109,0,,3.0,animal_record,Jul-Dec,Benue,Benue,Unchanged (already a state-level value),Benue
2021,Jul-Dec 2021,Africa,Nigeria,Delta,High pathogenicity avian influenza viruses (Inf. with) (poultry),H5N1,Domestic,-,,-,17,,-,,-,,,,HPAI,-,-,-,17,-,-,-,17.0,,outbreak_row_DOMESTIC,Jul-Dec,Delta,Delta,Unchanged (already a state-level value),Delta
2021,Jul-Dec 2021,Africa,Nigeria,Delta,High pathogenicity avian influenza viruses (Inf. with) (poultry),H5N1,Domestic,-,Birds,-,-,286299.0,Animal,286299.0,187031,0.0,99268.0,0.0,HPAI,286299,99268,187031,-,0,286299,0,,187031.0,animal_record,Jul-Dec,Delta,Delta,Unchanged (already a state-level value),Delta
2021,Jul-Dec 2021,Africa,Nigeria,Delta,Rabies virus (Inf. with),RABV,Both animal categories,-,,-,1,,-,,-,,,,Rabies,-,-,-,1,-,-,-,1.0,,outbreak_row_BOTH,Jul-Dec,Delta,Delta,Unchanged (already a state-level value),Delta
2021,Jul-Dec 2021,Africa,Nigeria,Delta,Rabies virus (Inf. with),RABV,Domestic,-,Dogs,-,-,34.0,Animal,1.0,1,0.0,0.0,0.0,Rabies,1,0,1,-,0,34,0,,1.0,animal_record,Jul-Dec,Delta,Delta,Unchanged (already a state-level value),Delta
2021,Jul-Dec 2021,Africa,Nigeria,Ebonyi,Rabies virus (Inf. with),RABV,Both animal categories,-,,-,1,,-,,-,,,,Rabies,-,-,-,1,-,-,-,1.0,,outbreak_row_BOTH,Jul-Dec,Ebonyi,Ebonyi,Unchanged (already a state-level value),Ebonyi
2021,Jul-Dec 2021,Africa,Nigeria,Ebonyi,Rabies virus (Inf. with),RABV,Domestic,-,Dogs,-,-,27.0,Animal,1.0,1,0.0,0.0,0.0,Rabies,1,0,1,-,0,27,0,,1.0,animal_record,Jul-Dec,Ebonyi,Ebonyi,Unchanged (already a state-level value),Ebonyi
2021,Jul-Dec 2021,Africa,Nigeria,Edo,High pathogenicity avian influenza viruses (Inf. with) (poultry),H5N1,Domestic,-,,-,3,,-,,-,,,,HPAI,-,-,-,3,-,-,-,3.0,,outbreak_row_DOMESTIC,Jul-Dec,Edo,Edo,Unchanged (already a state-level value),Edo
2021,Jul-Dec 2021,Africa,Nigeria,Edo,High pathogenicity avian influenza viruses (Inf. with) (poultry),H5N1,Domestic,-,Birds,-,-,8919.0,Animal,8919.0,7751,0.0,1168.0,0.0,HPAI,8919,1168,7751,-,0,8919,0,,7751.0,animal_record,Jul-Dec,Edo,Edo,Unchanged (already a state-level value),Edo
2021,Jul-Dec 2021,Africa,Nigeria,Enugu,High pathogenicity avian influenza viruses (Inf. with) (poultry),H5N1,Domestic,-,,-,2,,-,,-,,,,HPAI,-,-,-,2,-,-,-,2.0,,outbreak_row_DOMESTIC,Jul-Dec,Enugu,Enugu,Unchanged (already a state-level value),Enugu
2021,Jul-Dec 2021,Africa,Nigeria,Enugu,High pathogenicity avian influenza viruses (Inf. with) (poultry),H5N1,Domestic,-,Birds,-,-,3820.0,Animal,3820.0,2815,0.0,1005.0,0.0,HPAI,3820,1005,2815,-,0,3820,0,,2815.0,animal_record,Jul-Dec,Enugu,Enugu,Unchanged (already a state-level value),Enugu
2021,Jul-Dec 2021,Africa,Nigeria,Enugu,Trypanosomosis (tsetse-transmitted) (-2021),,Domestic,-,,-,2,,-,,-,,,,Trypanosomosis,-,-,-,2,-,-,-,2.0,,outbreak_row_DOMESTIC,Jul-Dec,Enugu,Enugu,Unchanged (already a state-level value),Enugu
2021,Jul-Dec 2021,Africa,Nigeria,Enugu,Trypanosomosis (tsetse-transmitted) (-2021),,Domestic,-,Goats,-,-,23.0,Animal,23.0,0,0.0,3.0,0.0,Trypanosomosis,23,3,0,-,0,23,0,,0.0,animal_record,Jul-Dec,Enugu,Enugu,Unchanged (already a state-level value),Enugu
2021,Jul-Dec 2021,Africa,Nigeria,Federal Capital Territory,Rabies virus (Inf. with),RABV,Both animal categories,-,,-,1,,-,,-,,,,Rabies,-,-,-,1,-,-,-,1.0,,outbreak_row_BOTH,Jul-Dec,Federal Capital Territory,Federal Capital Territory,Unchanged (already a state-level value),Federal Capital Territory
2021,Jul-Dec 2021,Africa,Nigeria,Federal Capital Territory,Rabies virus (Inf. with),RABV,Domestic,-,Dogs,-,-,27.0,Animal,1.0,1,0.0,0.0,0.0,Rabies,1,0,1,-,0,27,0,,1.0,animal_record,Jul-Dec,Federal Capital Territory,Federal Capital Territory,Unchanged (already a state-level value),Federal Capital Territory
2021,Jul-Dec 2021,Africa,Nigeria,Gombe,High pathogenicity avian influenza viruses (Inf. with) (poultry),H5N1,Domestic,-,,-,5,,-,,-,,,,HPAI,-,-,-,5,-,-,-,5.0,,outbreak_row_DOMESTIC,Jul-Dec,Gombe,Gombe,Unchanged (already a state-level value),Gombe
2021,Jul-Dec 2021,Africa,Nigeria,Gombe,High pathogenicity avian influenza viruses (Inf. with) (poultry),H5N1,Domestic,-,Birds,-,-,8112.0,Animal,8112.0,5297,0.0,2815.0,0.0,HPAI,8112,2815,5297,-,0,8112,0,,5297.0,animal_record,Jul-Dec,Gombe,Gombe,Unchanged (already a state-level value),Gombe
2021,Jul-Dec 2021,Africa,Nigeria,Imo,Rabies virus (Inf. with),RABV,Both animal categories,-,,-,1,,-,,-,,,,Rabies,-,-,-,1,-,-,-,1.0,,outbreak_row_BOTH,Jul-Dec,Imo,Imo,Unchanged (already a state-level value),Imo
2021,Jul-Dec 2021,Africa,Nigeria,Imo,Rabies virus (Inf. with),RABV,Domestic,-,Dogs,-,-,19.0,Animal,1.0,1,0.0,0.0,0.0,Rabies,1,0,1,-,0,19,0,,1.0,animal_record,Jul-Dec,Imo,Imo,Unchanged (already a state-level value),Imo
2021,Jul-Dec 2021,Africa,Nigeria,Jigawa,Trypanosomosis (tsetse-transmitted) (-2021),,Domestic,-,,-,3,,-,,-,,,,Trypanosomosis,-,-,-,3,-,-,-,3.0,,outbreak_row_DOMESTIC,Jul-Dec,Jigawa,Jigawa,Unchanged (already a state-level value),Jigawa
2021,Jul-Dec 2021,Africa,Nigeria,Jigawa,Trypanosomosis (tsetse-transmitted) (-2021),,Domestic,-,Cattle,-,-,363.0,Animal,38.0,0,0.0,0.0,0.0,Trypanosomosis,38,0,0,-,0,363,0,,0.0,animal_record,Jul-Dec,Jigawa,Jigawa,Unchanged (already a state-level value),Jigawa
2021,Jul-Dec 2021,Africa,Nigeria,Kaduna,Rabies virus (Inf. with),RABV,Both animal categories,-,,-,7,,-,,-,,,,Rabies,-,-,-,7,-,-,-,7.0,,outbreak_row_BOTH,Jul-Dec,Kaduna,Kaduna,Unchanged (already a state-level value),Kaduna
2021,Jul-Dec 2021,Africa,Nigeria,Kaduna,Rabies virus (Inf. with),RABV,Domestic,-,Dogs,-,-,147.0,Animal,7.0,5,0.0,2.0,0.0,Rabies,7,2,5,-,0,147,0,,5.0,animal_record,Jul-Dec,Kaduna,Kaduna,Unchanged (already a state-level value),Kaduna
2021,Jul-Dec 2021,Africa,Nigeria,Kano,High pathogenicity avian influenza viruses (Inf. with) (poultry),H5N1,Domestic,-,,-,8,,-,,-,,,,HPAI,-,-,-,8,-,-,-,8.0,,outbreak_row_DOMESTIC,Jul-Dec,Kano,Kano,Unchanged (already a state-level value),Kano
2021,Jul-Dec 2021,Africa,Nigeria,Kano,High pathogenicity avian influenza viruses (Inf. with) (poultry),H5N1,Domestic,-,Birds,-,-,32950.0,Animal,32950.0,28477,0.0,4473.0,0.0,HPAI,32950,4473,28477,-,0,32950,0,,28477.0,animal_record,Jul-Dec,Kano,Kano,Unchanged (already a state-level value),Kano
2021,Jul-Dec 2021,Africa,Nigeria,Kano,Rabies virus (Inf. with),RABV,Both animal categories,-,,-,10,,-,,-,,,,Rabies,-,-,-,10,-,-,-,10.0,,outbreak_row_BOTH,Jul-Dec,Kano,Kano,Unchanged (already a state-level value),Kano
2021,Jul-Dec 2021,Africa,Nigeria,Kano,Rabies virus (Inf. with),RABV,Domestic,-,Dogs,-,-,1090.0,Animal,9.0,6,0.0,3.0,0.0,Rabies,9,3,6,-,0,1090,0,,6.0,animal_record,Jul-Dec,Kano,Kano,Unchanged (already a state-level value),Kano
2021,Jul-Dec 2021,Africa,Nigeria,Kano,Rabies virus (Inf. with),RABV,Domestic,-,Cats,-,-,16.0,Animal,1.0,1,0.0,0.0,0.0,Rabies,1,0,1,-,0,16,0,,1.0,animal_record,Jul-Dec,Kano,Kano,Unchanged (already a state-level value),Kano
2021,Jul-Dec 2021,Africa,Nigeria,Katsina,Rabies virus (Inf. with),RABV,Both animal categories,-,,-,1,,-,,-,,,,Rabies,-,-,-,1,-,-,-,1.0,,outbreak_row_BOTH,Jul-Dec,Katsina,Katsina,Unchanged (already a state-level value),Katsina
2021,Jul-Dec 2021,Africa,Nigeria,Katsina,Rabies virus (Inf. with),RABV,Domestic,-,Dogs,-,-,32.0,Animal,1.0,1,0.0,0.0,0.0,Rabies,1,0,1,-,0,32,0,,1.0,animal_record,Jul-Dec,Katsina,Katsina,Unchanged (already a state-level value),Katsina
2021,Jul-Dec 2021,Africa,Nigeria,Kebbi,Rabies virus (Inf. with),RABV,Both animal categories,-,,-,8,,-,,-,,,,Rabies,-,-,-,8,-,-,-,8.0,,outbreak_row_BOTH,Jul-Dec,Kebbi,Kebbi,Unchanged (already a state-level value),Kebbi
2021,Jul-Dec 2021,Africa,Nigeria,Kebbi,Rabies virus (Inf. with),RABV,Domestic,-,Dogs,-,-,213.0,Animal,7.0,3,0.0,4.0,0.0,Rabies,7,4,3,-,0,213,0,,3.0,animal_record,Jul-Dec,Kebbi,Kebbi,Unchanged (already a state-level value),Kebbi
2021,Jul-Dec 2021,Africa,Nigeria,Kebbi,Rabies virus (Inf. with),RABV,Wild,-,Cercopithecidae (unidentified),-,-,1.0,Animal,1.0,0,0.0,1.0,0.0,Rabies,1,1,0,-,0,1,0,,0.0,animal_record,Jul-Dec,Kebbi,Kebbi,Unchanged (already a state-level value),Kebbi
2021,Jul-Dec 2021,Africa,Nigeria,Kogi,Trypanosomosis (tsetse-transmitted) (-2021),,Domestic,-,,-,2,,-,,-,,,,Trypanosomosis,-,-,-,2,-,-,-,2.0,,outbreak_row_DOMESTIC,Jul-Dec,Kogi,Kogi,Unchanged (already a state-level value),Kogi
2021,Jul-Dec 2021,Africa,Nigeria,Kogi,Trypanosomosis (tsetse-transmitted) (-2021),,Domestic,-,Cattle,-,-,24.0,Animal,11.0,0,0.0,0.0,0.0,Trypanosomosis,11,0,0,-,0,24,0,,0.0,animal_record,Jul-Dec,Kogi,Kogi,Unchanged (already a state-level value),Kogi
2021,Jul-Dec 2021,Africa,Nigeria,Kwara,Trypanosomosis (tsetse-transmitted) (-2021),,Domestic,-,,-,4,,-,,-,,,,Trypanosomosis,-,-,-,4,-,-,-,4.0,,outbreak_row_DOMESTIC,Jul-Dec,Kwara,Kwara,Unchanged (already a state-level value),Kwara
2021,Jul-Dec 2021,Africa,Nigeria,Kwara,Trypanosomosis (tsetse-transmitted) (-2021),,Domestic,-,Cattle,-,-,117.0,Animal,80.0,0,0.0,0.0,0.0,Trypanosomosis,80,0,0,-,0,117,0,,0.0,animal_record,Jul-Dec,Kwara,Kwara,Unchanged (already a state-level value),Kwara
2021,Jul-Dec 2021,Africa,Nigeria,Kwara,Trypanosomosis (tsetse-transmitted) (-2021),,Domestic,-,Sheep,-,-,5.0,Animal,5.0,0,0.0,0.0,0.0,Trypanosomosis,5,0,0,-,0,5,0,,0.0,animal_record,Jul-Dec,Kwara,Kwara,Unchanged (already a state-level value),Kwara
2021,Jul-Dec 2021,Africa,Nigeria,Lagos,High pathogenicity avian influenza viruses (Inf. with) (poultry),H5N1,Domestic,-,,-,80,,-,,-,,,,HPAI,-,-,-,80,-,-,-,80.0,,outbreak_row_DOMESTIC,Jul-Dec,Lagos,Lagos,Unchanged (already a state-level value),Lagos
2021,Jul-Dec 2021,Africa,Nigeria,Lagos,High pathogenicity avian influenza viruses (Inf. with) (poultry),H5N1,Domestic,-,Birds,-,-,119775.0,Animal,119775.0,105464,0.0,14311.0,0.0,HPAI,119775,14311,105464,-,0,119775,0,,105464.0,animal_record,Jul-Dec,Lagos,Lagos,Unchanged (already a state-level value),Lagos
2021,Jul-Dec 2021,Africa,Nigeria,Lagos,Trypanosomosis (tsetse-transmitted) (-2021),,Domestic,-,,-,1,,-,,-,,,,Trypanosomosis,-,-,-,1,-,-,-,1.0,,outbreak_row_DOMESTIC,Jul-Dec,Lagos,Lagos,Unchanged (already a state-level value),Lagos
2021,Jul-Dec 2021,Africa,Nigeria,Lagos,Trypanosomosis (tsetse-transmitted) (-2021),,Domestic,-,Cattle,-,-,128.0,Animal,10.0,0,5.0,5.0,0.0,Trypanosomosis,10,5,0,-,5,128,0,,0.0,animal_record,Jul-Dec,Lagos,Lagos,Unchanged (already a state-level value),Lagos
2021,Jul-Dec 2021,Africa,Nigeria,Niger,High pathogenicity avian influenza viruses (Inf. with) (poultry),H5N1,Domestic,-,,-,6,,-,,-,,,,HPAI,-,-,-,6,-,-,-,6.0,,outbreak_row_DOMESTIC,Jul-Dec,Niger,Niger,Unchanged (already a state-level value),Niger
2021,Jul-Dec 2021,Africa,Nigeria,Niger,High pathogenicity avian influenza viruses (Inf. with) (poultry),H5N1,Domestic,-,Birds,-,-,14115.0,Animal,14115.0,10295,0.0,3820.0,0.0,HPAI,14115,3820,10295,-,0,14115,0,,10295.0,animal_record,Jul-Dec,Niger,Niger,Unchanged (already a state-level value),Niger
2021,Jul-Dec 2021,Africa,Nigeria,Niger,Trypanosomosis (tsetse-transmitted) (-2021),,Domestic,-,,-,8,,-,,-,,,,Trypanosomosis,-,-,-,8,-,-,-,8.0,,outbreak_row_DOMESTIC,Jul-Dec,Niger,Niger,Unchanged (already a state-level value),Niger
2021,Jul-Dec 2021,Africa,Nigeria,Niger,Trypanosomosis (tsetse-transmitted) (-2021),,Domestic,-,Cattle,-,-,64.0,Animal,13.0,0,1.0,6.0,0.0,Trypanosomosis,13,6,0,-,1,64,0,,0.0,animal_record,Jul-Dec,Niger,Niger,Unchanged (already a state-level value),Niger
2021,Jul-Dec 2021,Africa,Nigeria,Ogun,High pathogenicity avian influenza viruses (Inf. with) (poultry),H5N1,Domestic,-,,-,10,,-,,-,,,,HPAI,-,-,-,10,-,-,-,10.0,,outbreak_row_DOMESTIC,Jul-Dec,Ogun,Ogun,Unchanged (already a state-level value),Ogun
2021,Jul-Dec 2021,Africa,Nigeria,Ogun,High pathogenicity avian influenza viruses (Inf. with) (poultry),H5N1,Domestic,-,Birds,-,-,133064.0,Animal,133064.0,101710,0.0,31354.0,0.0,HPAI,133064,31354,101710,-,0,133064,0,,101710.0,animal_record,Jul-Dec,Ogun,Ogun,Unchanged (already a state-level value),Ogun
2021,Jul-Dec 2021,Africa,Nigeria,Ondo,Trypanosomosis (tsetse-transmitted) (-2021),,Domestic,-,,-,1,,-,,-,,,,Trypanosomosis,-,-,-,1,-,-,-,1.0,,outbreak_row_DOMESTIC,Jul-Dec,Ondo,Ondo,Unchanged (already a state-level value),Ondo
2021,Jul-Dec 2021,Africa,Nigeria,Ondo,Trypanosomosis (tsetse-transmitted) (-2021),,Domestic,-,Sheep,-,-,150.0,Animal,80.0,0,0.0,0.0,0.0,Trypanosomosis,80,0,0,-,0,150,0,,0.0,animal_record,Jul-Dec,Ondo,Ondo,Unchanged (already a state-level value),Ondo
2021,Jul-Dec 2021,Africa,Nigeria,Oyo,High pathogenicity avian influenza viruses (Inf. with) (poultry),H5N1,Domestic,-,,-,6,,-,,-,,,,HPAI,-,-,-,6,-,-,-,6.0,,outbreak_row_DOMESTIC,Jul-Dec,Oyo,Oyo,Unchanged (already a state-level value),Oyo
2021,Jul-Dec 2021,Africa,Nigeria,Oyo,High pathogenicity avian influenza viruses (Inf. with) (poultry),H5N1,Domestic,-,Birds,-,-,17843.0,Animal,17643.0,14077,0.0,3766.0,0.0,HPAI,17643,3766,14077,-,0,17843,0,,14077.0,animal_record,Jul-Dec,Oyo,Oyo,Unchanged (already a state-level value),Oyo
2021,Jul-Dec 2021,Africa,Nigeria,Oyo,Trypanosomosis (tsetse-transmitted) (-2021),,Domestic,-,,-,1,,-,,-,,,,Trypanosomosis,-,-,-,1,-,-,-,1.0,,outbreak_row_DOMESTIC,Jul-Dec,Oyo,Oyo,Unchanged (already a state-level value),Oyo
2021,Jul-Dec 2021,Africa,Nigeria,Oyo,Trypanosomosis (tsetse-transmitted) (-2021),,Domestic,-,Cattle,-,-,80.0,Animal,80.0,0,0.0,6.0,0.0,Trypanosomosis,80,6,0,-,0,80,0,,0.0,animal_record,Jul-Dec,Oyo,Oyo,Unchanged (already a state-level value),Oyo
2021,Jul-Dec 2021,Africa,Nigeria,Plateau,High pathogenicity avian influenza viruses (Inf. with) (poultry),H5N1,Domestic,-,,-,4,,-,,-,,,,HPAI,-,-,-,4,-,-,-,4.0,,outbreak_row_DOMESTIC,Jul-Dec,Plateau,Plateau,Unchanged (already a state-level value),Plateau
2021,Jul-Dec 2021,Africa,Nigeria,Plateau,High pathogenicity avian influenza viruses (Inf. with) (poultry),H5N1,Domestic,-,Birds,-,-,13155.0,Animal,13065.0,11140,0.0,2015.0,0.0,HPAI,13065,2015,11140,-,0,13155,0,,11140.0,animal_record,Jul-Dec,Plateau,Plateau,Unchanged (already a state-level value),Plateau
2021,Jul-Dec 2021,Africa,Nigeria,Plateau,Rabies virus (Inf. with),RABV,Both animal categories,-,,-,39,,-,,-,,,,Rabies,-,-,-,39,-,-,-,39.0,,outbreak_row_BOTH,Jul-Dec,Plateau,Plateau,Unchanged (already a state-level value),Plateau
2021,Jul-Dec 2021,Africa,Nigeria,Plateau,Rabies virus (Inf. with),RABV,Domestic,-,Dogs,-,-,2899.0,Animal,38.0,20,0.0,18.0,0.0,Rabies,38,18,20,-,0,2899,0,,20.0,animal_record,Jul-Dec,Plateau,Plateau,Unchanged (already a state-level value),Plateau
2021,Jul-Dec 2021,Africa,Nigeria,Plateau,Rabies virus (Inf. with),RABV,Domestic,-,Swine,-,-,18.0,Animal,1.0,1,0.0,0.0,0.0,Rabies,1,0,1,-,0,18,0,,1.0,animal_record,Jul-Dec,Plateau,Plateau,Unchanged (already a state-level value),Plateau
2021,Jul-Dec 2021,Africa,Nigeria,Plateau,Trypanosomosis (tsetse-transmitted) (-2021),,Domestic,-,,-,1,,-,,-,,,,Trypanosomosis,-,-,-,1,-,-,-,1.0,,outbreak_row_DOMESTIC,Jul-Dec,Plateau,Plateau,Unchanged (already a state-level value),Plateau
2021,Jul-Dec 2021,Africa,Nigeria,Plateau,Trypanosomosis (tsetse-transmitted) (-2021),,Domestic,-,Cattle,-,-,77.0,Animal,15.0,0,0.0,0.0,0.0,Trypanosomosis,15,0,0,-,0,77,0,,0.0,animal_record,Jul-Dec,Plateau,Plateau,Unchanged (already a state-level value),Plateau
2021,Jul-Dec 2021,Africa,Nigeria,Rivers,High pathogenicity avian influenza viruses (Inf. with) (poultry),H5N1,Domestic,-,,-,11,,-,,-,,,,HPAI,-,-,-,11,-,-,-,11.0,,outbreak_row_DOMESTIC,Jul-Dec,Rivers,Rivers,Unchanged (already a state-level value),Rivers
2021,Jul-Dec 2021,Africa,Nigeria,Rivers,High pathogenicity avian influenza viruses (Inf. with) (poultry),H5N1,Domestic,-,Birds,-,-,45301.0,Animal,45301.0,23342,0.0,21959.0,0.0,HPAI,45301,21959,23342,-,0,45301,0,,23342.0,animal_record,Jul-Dec,Rivers,Rivers,Unchanged (already a state-level value),Rivers
2021,Jul-Dec 2021,Africa,Nigeria,Taraba,High pathogenicity avian influenza viruses (Inf. with) (poultry),H5N1,Domestic,-,,-,1,,-,,-,,,,HPAI,-,-,-,1,-,-,-,1.0,,outbreak_row_DOMESTIC,Jul-Dec,Taraba,Taraba,Unchanged (already a state-level value),Taraba
2021,Jul-Dec 2021,Africa,Nigeria,Taraba,High pathogenicity avian influenza viruses (Inf. with) (poultry),H5N1,Domestic,-,Birds,-,-,2000.0,Animal,2000.0,1313,0.0,687.0,0.0,HPAI,2000,687,1313,-,0,2000,0,,1313.0,animal_record,Jul-Dec,Taraba,Taraba,Unchanged (already a state-level value),Taraba
2022,Jan-Jun 2022,Africa,Nigeria,Abia,High pathogenicity avian influenza viruses (Inf. with) (poultry),H5N1,Domestic,-,,-,1,,-,,-,,,,HPAI,-,-,-,1,-,-,-,1.0,,outbreak_row_DOMESTIC,Jan-Jun,Abia,Abia,Unchanged (already a state-level value),Abia
2022,Jan-Jun 2022,Africa,Nigeria,Abia,High pathogenicity avian influenza viruses (Inf. with) (poultry),H5N1,Domestic,-,Birds,-,-,3000.0,Animal,3000.0,2200,0.0,800.0,0.0,HPAI,3000,800,2200,-,0,3000,0,,2200.0,animal_record,Jan-Jun,Abia,Abia,Unchanged (already a state-level value),Abia
2022,Jan-Jun 2022,Africa,Nigeria,Adamawa,High pathogenicity avian influenza viruses (Inf. with) (poultry),H5N1,Domestic,-,,-,1,,-,,-,,,,HPAI,-,-,-,1,-,-,-,1.0,,outbreak_row_DOMESTIC,Jan-Jun,Adamawa,Adamawa,Unchanged (already a state-level value),Adamawa
2022,Jan-Jun 2022,Africa,Nigeria,Adamawa,High pathogenicity avian influenza viruses (Inf. with) (poultry),H5N1,Domestic,-,Birds,-,-,17000.0,Animal,17000.0,13800,0.0,3200.0,0.0,HPAI,17000,3200,13800,-,0,17000,0,,13800.0,animal_record,Jan-Jun,Adamawa,Adamawa,Unchanged (already a state-level value),Adamawa
2022,Jan-Jun 2022,Africa,Nigeria,Adamawa,Rabies virus (Inf. with),RABV,Both animal categories,-,,-,1,,-,,-,,,,Rabies,-,-,-,1,-,-,-,1.0,,outbreak_row_BOTH,Jan-Jun,Adamawa,Adamawa,Unchanged (already a state-level value),Adamawa
2022,Jan-Jun 2022,Africa,Nigeria,Adamawa,Rabies virus (Inf. with),RABV,Domestic,-,Cats,-,-,9.0,Animal,1.0,1,0.0,0.0,0.0,Rabies,1,0,1,-,0,9,0,,1.0,animal_record,Jan-Jun,Adamawa,Adamawa,Unchanged (already a state-level value),Adamawa
2022,Jan-Jun 2022,Africa,Nigeria,Anambra,High pathogenicity avian influenza viruses (Inf. with) (poultry),H5N1,Domestic,-,,-,1,,-,,-,,,,HPAI,-,-,-,1,-,-,-,1.0,,outbreak_row_DOMESTIC,Jan-Jun,Anambra,Anambra,Unchanged (already a state-level value),Anambra
2022,Jan-Jun 2022,Africa,Nigeria,Anambra,High pathogenicity avian influenza viruses (Inf. with) (poultry),H5N1,Domestic,-,Birds,-,-,3000.0,Animal,3000.0,2850,0.0,150.0,0.0,HPAI,3000,150,2850,-,0,3000,0,,2850.0,animal_record,Jan-Jun,Anambra,Anambra,Unchanged (already a state-level value),Anambra
2022,Jan-Jun 2022,Africa,Nigeria,Bauchi,High pathogenicity avian influenza viruses (Inf. with) (poultry),H5N1,Domestic,-,,-,3,,-,,-,,,,HPAI,-,-,-,3,-,-,-,3.0,,outbreak_row_DOMESTIC,Jan-Jun,Bauchi,Bauchi,Unchanged (already a state-level value),Bauchi
2022,Jan-Jun 2022,Africa,Nigeria,Bauchi,High pathogenicity avian influenza viruses (Inf. with) (poultry),H5N1,Domestic,-,Birds,-,-,8090.0,Animal,8090.0,5585,0.0,2505.0,0.0,HPAI,8090,2505,5585,-,0,8090,0,,5585.0,animal_record,Jan-Jun,Bauchi,Bauchi,Unchanged (already a state-level value),Bauchi
2022,Jan-Jun 2022,Africa,Nigeria,Bauchi,Rabies virus (Inf. with),RABV,Both animal categories,-,,-,5,,-,,-,,,,Rabies,-,-,-,5,-,-,-,5.0,,outbreak_row_BOTH,Jan-Jun,Bauchi,Bauchi,Unchanged (already a state-level value),Bauchi
2022,Jan-Jun 2022,Africa,Nigeria,Bauchi,Rabies virus (Inf. with),RABV,Domestic,-,Dogs,-,-,249.0,Animal,12.0,12,0.0,0.0,0.0,Rabies,12,0,12,-,0,249,0,,12.0,animal_record,Jan-Jun,Bauchi,Bauchi,Unchanged (already a state-level value),Bauchi
2022,Jan-Jun 2022,Africa,Nigeria,Bauchi,Rabies virus (Inf. with),RABV,Domestic,-,Cats,-,-,14.0,Animal,1.0,1,0.0,0.0,0.0,Rabies,1,0,1,-,0,14,0,,1.0,animal_record,Jan-Jun,Bauchi,Bauchi,Unchanged (already a state-level value),Bauchi
2022,Jan-Jun 2022,Africa,Nigeria,Borno,High pathogenicity avian influenza viruses (Inf. with) (poultry),H5N1,Domestic,-,,-,1,,-,,-,,,,HPAI,-,-,-,1,-,-,-,1.0,,outbreak_row_DOMESTIC,Jan-Jun,Borno,Borno,Unchanged (already a state-level value),Borno
2022,Jan-Jun 2022,Africa,Nigeria,Borno,High pathogenicity avian influenza viruses (Inf. with) (poultry),H5N1,Domestic,-,Birds,-,-,37.0,Animal,37.0,17,0.0,20.0,0.0,HPAI,37,20,17,-,0,37,0,,17.0,animal_record,Jan-Jun,Borno,Borno,Unchanged (already a state-level value),Borno
2022,Jan-Jun 2022,Africa,Nigeria,Borno,Rabies virus (Inf. with),RABV,Both animal categories,-,,-,1,,-,,-,,,,Rabies,-,-,-,1,-,-,-,1.0,,outbreak_row_BOTH,Jan-Jun,Borno,Borno,Unchanged (already a state-level value),Borno
2022,Jan-Jun 2022,Africa,Nigeria,Borno,Rabies virus (Inf. with),RABV,Domestic,-,Dogs,-,-,6.0,Animal,1.0,1,0.0,0.0,0.0,Rabies,1,0,1,-,0,6,0,,1.0,animal_record,Jan-Jun,Borno,Borno,Unchanged (already a state-level value),Borno
2022,Jan-Jun 2022,Africa,Nigeria,Delta,Rabies virus (Inf. with),RABV,Both animal categories,-,,-,1,,-,,-,,,,Rabies,-,-,-,1,-,-,-,1.0,,outbreak_row_BOTH,Jan-Jun,Delta,Delta,Unchanged (already a state-level value),Delta
2022,Jan-Jun 2022,Africa,Nigeria,Delta,Rabies virus (Inf. with),RABV,Domestic,-,Goats,-,-,27.0,Animal,1.0,1,0.0,0.0,0.0,Rabies,1,0,1,-,0,27,0,,1.0,animal_record,Jan-Jun,Delta,Delta,Unchanged (already a state-level value),Delta
2022,Jan-Jun 2022,Africa,Nigeria,Ebonyi,High pathogenicity avian influenza viruses (Inf. with) (poultry),H5N1,Domestic,-,,-,1,,-,,-,,,,HPAI,-,-,-,1,-,-,-,1.0,,outbreak_row_DOMESTIC,Jan-Jun,Ebonyi,Ebonyi,Unchanged (already a state-level value),Ebonyi
2022,Jan-Jun 2022,Africa,Nigeria,Ebonyi,High pathogenicity avian influenza viruses (Inf. with) (poultry),H5N1,Domestic,-,Birds,-,-,500.0,Animal,500.0,400,0.0,100.0,0.0,HPAI,500,100,400,-,0,500,0,,400.0,animal_record,Jan-Jun,Ebonyi,Ebonyi,Unchanged (already a state-level value),Ebonyi
2022,Jan-Jun 2022,Africa,Nigeria,Ebonyi,Rabies virus (Inf. with),RABV,Both animal categories,-,,-,1,,-,,-,,,,Rabies,-,-,-,1,-,-,-,1.0,,outbreak_row_BOTH,Jan-Jun,Ebonyi,Ebonyi,Unchanged (already a state-level value),Ebonyi
2022,Jan-Jun 2022,Africa,Nigeria,Ebonyi,Rabies virus (Inf. with),RABV,Domestic,-,Dogs,-,-,79.0,Animal,3.0,3,0.0,0.0,0.0,Rabies,3,0,3,-,0,79,0,,3.0,animal_record,Jan-Jun,Ebonyi,Ebonyi,Unchanged (already a state-level value),Ebonyi
2022,Jan-Jun 2022,Africa,Nigeria,Edo,High pathogenicity avian influenza viruses (Inf. with) (poultry),H5N1,Domestic,-,,-,2,,-,,-,,,,HPAI,-,-,-,2,-,-,-,2.0,,outbreak_row_DOMESTIC,Jan-Jun,Edo,Edo,Unchanged (already a state-level value),Edo
2022,Jan-Jun 2022,Africa,Nigeria,Edo,High pathogenicity avian influenza viruses (Inf. with) (poultry),H5N1,Domestic,-,Birds,-,-,13000.0,Animal,13000.0,12374,0.0,626.0,0.0,HPAI,13000,626,12374,-,0,13000,0,,12374.0,animal_record,Jan-Jun,Edo,Edo,Unchanged (already a state-level value),Edo
2022,Jan-Jun 2022,Africa,Nigeria,Ekiti,Rabies virus (Inf. with),RABV,Both animal categories,-,,-,2,,-,,-,,,,Rabies,-,-,-,2,-,-,-,2.0,,outbreak_row_BOTH,Jan-Jun,Ekiti,Ekiti,Unchanged (already a state-level value),Ekiti
2022,Jan-Jun 2022,Africa,Nigeria,Ekiti,Rabies virus (Inf. with),RABV,Domestic,-,Dogs,-,-,44.0,Animal,2.0,2,0.0,0.0,0.0,Rabies,2,0,2,-,0,44,0,,2.0,animal_record,Jan-Jun,Ekiti,Ekiti,Unchanged (already a state-level value),Ekiti
2022,Jan-Jun 2022,Africa,Nigeria,Federal Capital Territory,High pathogenicity avian influenza viruses (Inf. with) (poultry),H5N1,Domestic,-,,-,6,,-,,-,,,,HPAI,-,-,-,6,-,-,-,6.0,,outbreak_row_DOMESTIC,Jan-Jun,Federal Capital Territory,Federal Capital Territory,Unchanged (already a state-level value),Federal Capital Territory
2022,Jan-Jun 2022,Africa,Nigeria,Federal Capital Territory,High pathogenicity avian influenza viruses (Inf. with) (poultry),H5N1,Domestic,-,Birds,-,-,41809.0,Animal,41809.0,33888,0.0,7921.0,0.0,HPAI,41809,7921,33888,-,0,41809,0,,33888.0,animal_record,Jan-Jun,Federal Capital Territory,Federal Capital Territory,Unchanged (already a state-level value),Federal Capital Territory
2022,Jan-Jun 2022,Africa,Nigeria,Gombe,High pathogenicity avian influenza viruses (Inf. with) (poultry),H5N1,Domestic,-,,-,6,,-,,-,,,,HPAI,-,-,-,6,-,-,-,6.0,,outbreak_row_DOMESTIC,Jan-Jun,Gombe,Gombe,Unchanged (already a state-level value),Gombe
2022,Jan-Jun 2022,Africa,Nigeria,Gombe,High pathogenicity avian influenza viruses (Inf. with) (poultry),H5N1,Domestic,-,Birds,-,-,17584.0,Animal,17584.0,13057,0.0,4527.0,0.0,HPAI,17584,4527,13057,-,0,17584,0,,13057.0,animal_record,Jan-Jun,Gombe,Gombe,Unchanged (already a state-level value),Gombe
2022,Jan-Jun 2022,Africa,Nigeria,Gombe,Rabies virus (Inf. with),RABV,Both animal categories,-,,-,1,,-,,-,,,,Rabies,-,-,-,1,-,-,-,1.0,,outbreak_row_BOTH,Jan-Jun,Gombe,Gombe,Unchanged (already a state-level value),Gombe
2022,Jan-Jun 2022,Africa,Nigeria,Gombe,Rabies virus (Inf. with),RABV,Domestic,-,Dogs,-,-,12.0,Animal,1.0,1,0.0,0.0,0.0,Rabies,1,0,1,-,0,12,0,,1.0,animal_record,Jan-Jun,Gombe,Gombe,Unchanged (already a state-level value),Gombe
2022,Jan-Jun 2022,Africa,Nigeria,Jigawa,High pathogenicity avian influenza viruses (Inf. with) (poultry),H5N1,Domestic,-,,-,1,,-,,-,,,,HPAI,-,-,-,1,-,-,-,1.0,,outbreak_row_DOMESTIC,Jan-Jun,Jigawa,Jigawa,Unchanged (already a state-level value),Jigawa
2022,Jan-Jun 2022,Africa,Nigeria,Jigawa,High pathogenicity avian influenza viruses (Inf. with) (poultry),H5N1,Domestic,-,Birds,-,-,600.0,Animal,600.0,111,0.0,489.0,0.0,HPAI,600,489,111,-,0,600,0,,111.0,animal_record,Jan-Jun,Jigawa,Jigawa,Unchanged (already a state-level value),Jigawa
2022,Jan-Jun 2022,Africa,Nigeria,Kaduna,High pathogenicity avian influenza viruses (Inf. with) (poultry),H5N1,Domestic,-,,-,7,,-,,-,,,,HPAI,-,-,-,7,-,-,-,7.0,,outbreak_row_DOMESTIC,Jan-Jun,Kaduna,Kaduna,Unchanged (already a state-level value),Kaduna
2022,Jan-Jun 2022,Africa,Nigeria,Kaduna,High pathogenicity avian influenza viruses (Inf. with) (poultry),H5N1,Domestic,-,Birds,-,-,114700.0,Animal,114700.0,93537,0.0,21163.0,0.0,HPAI,114700,21163,93537,-,0,114700,0,,93537.0,animal_record,Jan-Jun,Kaduna,Kaduna,Unchanged (already a state-level value),Kaduna
2022,Jan-Jun 2022,Africa,Nigeria,Kaduna,Rabies virus (Inf. with),RABV,Both animal categories,-,,-,2,,-,,-,,,,Rabies,-,-,-,2,-,-,-,2.0,,outbreak_row_BOTH,Jan-Jun,Kaduna,Kaduna,Unchanged (already a state-level value),Kaduna
2022,Jan-Jun 2022,Africa,Nigeria,Kaduna,Rabies virus (Inf. with),RABV,Domestic,-,Goats,-,-,20.0,Animal,1.0,1,0.0,0.0,0.0,Rabies,1,0,1,-,0,20,0,,1.0,animal_record,Jan-Jun,Kaduna,Kaduna,Unchanged (already a state-level value),Kaduna
2022,Jan-Jun 2022,Africa,Nigeria,Kaduna,Rabies virus (Inf. with),RABV,Domestic,-,Dogs,-,-,18.0,Animal,1.0,1,0.0,0.0,0.0,Rabies,1,0,1,-,0,18,0,,1.0,animal_record,Jan-Jun,Kaduna,Kaduna,Unchanged (already a state-level value),Kaduna
2022,Jan-Jun 2022,Africa,Nigeria,Kano,High pathogenicity avian influenza viruses (Inf. with) (poultry),H5N1,Domestic,-,,-,37,,-,,-,,,,HPAI,-,-,-,37,-,-,-,37.0,,outbreak_row_DOMESTIC,Jan-Jun,Kano,Kano,Unchanged (already a state-level value),Kano
2022,Jan-Jun 2022,Africa,Nigeria,Kano,High pathogenicity avian influenza viruses (Inf. with) (poultry),H5N1,Domestic,-,Birds,-,-,187359.0,Animal,187359.0,134299,0.0,53060.0,1500.0,HPAI,187359,53060,134299,-,0,187359,1500,,134299.0,animal_record,Jan-Jun,Kano,Kano,Unchanged (already a state-level value),Kano
2022,Jan-Jun 2022,Africa,Nigeria,Kano,Rabies virus (Inf. with),RABV,Both animal categories,-,,-,11,,-,,-,,,,Rabies,-,-,-,11,-,-,-,11.0,,outbreak_row_BOTH,Jan-Jun,Kano,Kano,Unchanged (already a state-level value),Kano
2022,Jan-Jun 2022,Africa,Nigeria,Kano,Rabies virus (Inf. with),RABV,Domestic,-,Dogs,-,-,238.0,Animal,10.0,7,0.0,3.0,0.0,Rabies,10,3,7,-,0,238,0,,7.0,animal_record,Jan-Jun,Kano,Kano,Unchanged (already a state-level value),Kano
2022,Jan-Jun 2022,Africa,Nigeria,Kano,Rabies virus (Inf. with),RABV,Domestic,-,Sheep,-,-,25.0,Animal,1.0,1,0.0,0.0,0.0,Rabies,1,0,1,-,0,25,0,,1.0,animal_record,Jan-Jun,Kano,Kano,Unchanged (already a state-level value),Kano
2022,Jan-Jun 2022,Africa,Nigeria,Katsina,High pathogenicity avian influenza viruses (Inf. with) (poultry),H5N1,Domestic,-,,-,8,,-,,-,,,,HPAI,-,-,-,8,-,-,-,8.0,,outbreak_row_DOMESTIC,Jan-Jun,Katsina,Katsina,Unchanged (already a state-level value),Katsina
2022,Jan-Jun 2022,Africa,Nigeria,Katsina,High pathogenicity avian influenza viruses (Inf. with) (poultry),H5N1,Domestic,-,Birds,-,-,114539.0,Animal,114539.0,112347,0.0,2192.0,0.0,HPAI,114539,2192,112347,-,0,114539,0,,112347.0,animal_record,Jan-Jun,Katsina,Katsina,Unchanged (already a state-level value),Katsina
2022,Jan-Jun 2022,Africa,Nigeria,Kebbi,High pathogenicity avian influenza viruses (Inf. with) (poultry),H5N1,Domestic,-,,-,2,,-,,-,,,,HPAI,-,-,-,2,-,-,-,2.0,,outbreak_row_DOMESTIC,Jan-Jun,Kebbi,Kebbi,Unchanged (already a state-level value),Kebbi
2022,Jan-Jun 2022,Africa,Nigeria,Kebbi,High pathogenicity avian influenza viruses (Inf. with) (poultry),H5N1,Domestic,-,Birds,-,-,175.0,Animal,175.0,60,0.0,115.0,0.0,HPAI,175,115,60,-,0,175,0,,60.0,animal_record,Jan-Jun,Kebbi,Kebbi,Unchanged (already a state-level value),Kebbi
2022,Jan-Jun 2022,Africa,Nigeria,Kogi,High pathogenicity avian influenza viruses (Inf. with) (poultry),H5N1,Domestic,-,,-,1,,-,,-,,,,HPAI,-,-,-,1,-,-,-,1.0,,outbreak_row_DOMESTIC,Jan-Jun,Kogi,Kogi,Unchanged (already a state-level value),Kogi
2022,Jan-Jun 2022,Africa,Nigeria,Kogi,High pathogenicity avian influenza viruses (Inf. with) (poultry),H5N1,Domestic,-,Birds,-,-,2000.0,Animal,2000.0,1950,0.0,50.0,0.0,HPAI,2000,50,1950,-,0,2000,0,,1950.0,animal_record,Jan-Jun,Kogi,Kogi,Unchanged (already a state-level value),Kogi
2022,Jan-Jun 2022,Africa,Nigeria,Nassarawa,High pathogenicity avian influenza viruses (Inf. with) (poultry),H5N1,Domestic,-,,-,7,,-,,-,,,,HPAI,-,-,-,7,-,-,-,7.0,,outbreak_row_DOMESTIC,Jan-Jun,Nassarawa,Nasarawa,Rename (spelling correction),Nasarawa
2022,Jan-Jun 2022,Africa,Nigeria,Nassarawa,High pathogenicity avian influenza viruses (Inf. with) (poultry),H5N1,Domestic,-,Birds,-,-,30418.0,Animal,30418.0,20638,0.0,9780.0,0.0,HPAI,30418,9780,20638,-,0,30418,0,,20638.0,animal_record,Jan-Jun,Nassarawa,Nasarawa,Rename (spelling correction),Nasarawa
2022,Jan-Jun 2022,Africa,Nigeria,Nassarawa,Rabies virus (Inf. with),RABV,Both animal categories,-,,-,2,,-,,-,,,,Rabies,-,-,-,2,-,-,-,2.0,,outbreak_row_BOTH,Jan-Jun,Nassarawa,Nasarawa,Rename (spelling correction),Nasarawa
2022,Jan-Jun 2022,Africa,Nigeria,Nassarawa,Rabies virus (Inf. with),RABV,Domestic,-,Dogs,-,-,40.0,Animal,2.0,2,0.0,0.0,0.0,Rabies,2,0,2,-,0,40,0,,2.0,animal_record,Jan-Jun,Nassarawa,Nasarawa,Rename (spelling correction),Nasarawa
2022,Jan-Jun 2022,Africa,Nigeria,Niger,High pathogenicity avian influenza viruses (Inf. with) (poultry),H5N1,Domestic,-,,-,3,,-,,-,,,,HPAI,-,-,-,3,-,-,-,3.0,,outbreak_row_DOMESTIC,Jan-Jun,Niger,Niger,Unchanged (already a state-level value),Niger
2022,Jan-Jun 2022,Africa,Nigeria,Niger,High pathogenicity avian influenza viruses (Inf. with) (poultry),H5N1,Domestic,-,Birds,-,-,5600.0,Animal,5600.0,4110,0.0,1490.0,0.0,HPAI,5600,1490,4110,-,0,5600,0,,4110.0,animal_record,Jan-Jun,Niger,Niger,Unchanged (already a state-level value),Niger
2022,Jan-Jun 2022,Africa,Nigeria,Niger,Rabies virus (Inf. with),RABV,Both animal categories,-,,-,2,,-,,-,,,,Rabies,-,-,-,2,-,-,-,2.0,,outbreak_row_BOTH,Jan-Jun,Niger,Niger,Unchanged (already a state-level value),Niger
2022,Jan-Jun 2022,Africa,Nigeria,Niger,Rabies virus (Inf. with),RABV,Domestic,-,Dogs,-,-,37.0,Animal,2.0,1,0.0,1.0,0.0,Rabies,2,1,1,-,0,37,0,,1.0,animal_record,Jan-Jun,Niger,Niger,Unchanged (already a state-level value),Niger
2022,Jan-Jun 2022,Africa,Nigeria,Ogun,High pathogenicity avian influenza viruses (Inf. with) (poultry),H5N1,Domestic,-,,-,1,,-,,-,,,,HPAI,-,-,-,1,-,-,-,1.0,,outbreak_row_DOMESTIC,Jan-Jun,Ogun,Ogun,Unchanged (already a state-level value),Ogun
2022,Jan-Jun 2022,Africa,Nigeria,Ogun,High pathogenicity avian influenza viruses (Inf. with) (poultry),H5N1,Domestic,-,Birds,-,-,90000.0,Animal,90000.0,83264,0.0,6736.0,0.0,HPAI,90000,6736,83264,-,0,90000,0,,83264.0,animal_record,Jan-Jun,Ogun,Ogun,Unchanged (already a state-level value),Ogun
2022,Jan-Jun 2022,Africa,Nigeria,Osun,Rabies virus (Inf. with),RABV,Both animal categories,-,,-,1,,-,,-,,,,Rabies,-,-,-,1,-,-,-,1.0,,outbreak_row_BOTH,Jan-Jun,Osun,Osun,Unchanged (already a state-level value),Osun
2022,Jan-Jun 2022,Africa,Nigeria,Osun,Rabies virus (Inf. with),RABV,Domestic,-,Dogs,-,-,7.0,Animal,1.0,1,0.0,0.0,0.0,Rabies,1,0,1,-,0,7,0,,1.0,animal_record,Jan-Jun,Osun,Osun,Unchanged (already a state-level value),Osun
2022,Jan-Jun 2022,Africa,Nigeria,Oyo,High pathogenicity avian influenza viruses (Inf. with) (poultry),H5N1,Domestic,-,,-,1,,-,,-,,,,HPAI,-,-,-,1,-,-,-,1.0,,outbreak_row_DOMESTIC,Jan-Jun,Oyo,Oyo,Unchanged (already a state-level value),Oyo
2022,Jan-Jun 2022,Africa,Nigeria,Oyo,High pathogenicity avian influenza viruses (Inf. with) (poultry),H5N1,Domestic,-,Birds,-,-,5.0,Animal,5.0,1,0.0,4.0,0.0,HPAI,5,4,1,-,0,5,0,,1.0,animal_record,Jan-Jun,Oyo,Oyo,Unchanged (already a state-level value),Oyo
2022,Jan-Jun 2022,Africa,Nigeria,Plateau,High pathogenicity avian influenza viruses (Inf. with) (poultry),H5N1,Domestic,-,,-,17,,-,,-,,,,HPAI,-,-,-,17,-,-,-,17.0,,outbreak_row_DOMESTIC,Jan-Jun,Plateau,Plateau,Unchanged (already a state-level value),Plateau
2022,Jan-Jun 2022,Africa,Nigeria,Plateau,High pathogenicity avian influenza viruses (Inf. with) (poultry),H5N1,Domestic,-,Birds,-,-,16493.0,Animal,15993.0,13774,0.0,2719.0,0.0,HPAI,15993,2719,13774,-,0,16493,0,,13774.0,animal_record,Jan-Jun,Plateau,Plateau,Unchanged (already a state-level value),Plateau
2022,Jan-Jun 2022,Africa,Nigeria,Plateau,Rabies virus (Inf. with),RABV,Both animal categories,-,,-,37,,-,,-,,,,Rabies,-,-,-,37,-,-,-,37.0,,outbreak_row_BOTH,Jan-Jun,Plateau,Plateau,Unchanged (already a state-level value),Plateau
2022,Jan-Jun 2022,Africa,Nigeria,Plateau,Rabies virus (Inf. with),RABV,Domestic,-,Dogs,-,-,655.0,Animal,35.0,21,0.0,14.0,0.0,Rabies,35,14,21,-,0,655,0,,21.0,animal_record,Jan-Jun,Plateau,Plateau,Unchanged (already a state-level value),Plateau
2022,Jan-Jun 2022,Africa,Nigeria,Plateau,Rabies virus (Inf. with),RABV,Domestic,-,Cats,-,-,4.0,Animal,1.0,1,0.0,0.0,0.0,Rabies,1,0,1,-,0,4,0,,1.0,animal_record,Jan-Jun,Plateau,Plateau,Unchanged (already a state-level value),Plateau
2022,Jan-Jun 2022,Africa,Nigeria,Plateau,Rabies virus (Inf. with),RABV,Wild,-,Lion,-,-,6.0,Animal,1.0,1,0.0,0.0,0.0,Rabies,1,0,1,-,0,6,0,,1.0,animal_record,Jan-Jun,Plateau,Plateau,Unchanged (already a state-level value),Plateau
2022,Jan-Jun 2022,Africa,Nigeria,Zamfara,High pathogenicity avian influenza viruses (Inf. with) (poultry),H5N1,Domestic,-,,-,2,,-,,-,,,,HPAI,-,-,-,2,-,-,-,2.0,,outbreak_row_DOMESTIC,Jan-Jun,Zamfara,Zamfara,Unchanged (already a state-level value),Zamfara
2022,Jan-Jun 2022,Africa,Nigeria,Zamfara,High pathogenicity avian influenza viruses (Inf. with) (poultry),H5N1,Domestic,-,Birds,-,-,188000.0,Animal,188000.0,157500,0.0,30500.0,0.0,HPAI,188000,30500,157500,-,0,188000,0,,157500.0,animal_record,Jan-Jun,Zamfara,Zamfara,Unchanged (already a state-level value),Zamfara
2022,Jul-Dec 2022,Africa,Nigeria,Akwa Ibom,Rabies virus (Inf. with),RABV,Both animal categories,-,,-,8,,-,,-,,,,Rabies,-,-,-,8,-,-,-,8.0,,outbreak_row_BOTH,Jul-Dec,Akwa Ibom,Akwa Ibom,Unchanged (already a state-level value),Akwa Ibom
2022,Jul-Dec 2022,Africa,Nigeria,Akwa Ibom,Rabies virus (Inf. with),RABV,Domestic,-,Dogs,-,-,74.0,Animal,8.0,5,0.0,4.0,0.0,Rabies,8,4,5,-,0,74,0,,5.0,animal_record,Jul-Dec,Akwa Ibom,Akwa Ibom,Unchanged (already a state-level value),Akwa Ibom
2022,Jul-Dec 2022,Africa,Nigeria,Bauchi,Rabies virus (Inf. with),RABV,Both animal categories,-,,-,8,,-,,-,,,,Rabies,-,-,-,8,-,-,-,8.0,,outbreak_row_BOTH,Jul-Dec,Bauchi,Bauchi,Unchanged (already a state-level value),Bauchi
2022,Jul-Dec 2022,Africa,Nigeria,Bauchi,Rabies virus (Inf. with),RABV,Domestic,-,Dogs,-,-,114.0,Animal,7.0,4,0.0,3.0,0.0,Rabies,7,3,4,-,0,114,0,,4.0,animal_record,Jul-Dec,Bauchi,Bauchi,Unchanged (already a state-level value),Bauchi
2022,Jul-Dec 2022,Africa,Nigeria,Bauchi,Rabies virus (Inf. with),RABV,Domestic,-,Cats,-,-,6.0,Animal,1.0,1,0.0,0.0,0.0,Rabies,1,0,1,-,0,6,0,,1.0,animal_record,Jul-Dec,Bauchi,Bauchi,Unchanged (already a state-level value),Bauchi
2022,Jul-Dec 2022,Africa,Nigeria,Bayelsa,High pathogenicity avian influenza viruses (Inf. with) (poultry),H5N1,Domestic,-,,-,2,,-,,-,,,,HPAI,-,-,-,2,-,-,-,2.0,,outbreak_row_DOMESTIC,Jul-Dec,Bayelsa,Bayelsa,Unchanged (already a state-level value),Bayelsa
2022,Jul-Dec 2022,Africa,Nigeria,Bayelsa,High pathogenicity avian influenza viruses (Inf. with) (poultry),H5N1,Domestic,-,Birds,-,-,4000.0,Animal,4000.0,3259,0.0,741.0,0.0,HPAI,4000,741,3259,-,0,4000,0,,3259.0,animal_record,Jul-Dec,Bayelsa,Bayelsa,Unchanged (already a state-level value),Bayelsa
2022,Jul-Dec 2022,Africa,Nigeria,Benue,Rabies virus (Inf. with),RABV,Both animal categories,-,,-,1,,-,,-,,,,Rabies,-,-,-,1,-,-,-,1.0,,outbreak_row_BOTH,Jul-Dec,Benue,Benue,Unchanged (already a state-level value),Benue
2022,Jul-Dec 2022,Africa,Nigeria,Benue,Rabies virus (Inf. with),RABV,Domestic,-,Dogs,-,-,19.0,Animal,1.0,1,0.0,0.0,0.0,Rabies,1,0,1,-,0,19,0,,1.0,animal_record,Jul-Dec,Benue,Benue,Unchanged (already a state-level value),Benue
2022,Jul-Dec 2022,Africa,Nigeria,Cross River,Rabies virus (Inf. with),RABV,Both animal categories,-,,-,2,,-,,-,,,,Rabies,-,-,-,2,-,-,-,2.0,,outbreak_row_BOTH,Jul-Dec,Cross River,Cross River,Unchanged (already a state-level value),Cross River
2022,Jul-Dec 2022,Africa,Nigeria,Cross River,Rabies virus (Inf. with),RABV,Domestic,-,Dogs,-,-,22.0,Animal,2.0,2,0.0,0.0,0.0,Rabies,2,0,2,-,0,22,0,,2.0,animal_record,Jul-Dec,Cross River,Cross River,Unchanged (already a state-level value),Cross River
2022,Jul-Dec 2022,Africa,Nigeria,Delta,High pathogenicity avian influenza viruses (Inf. with) (poultry),H5N1,Domestic,-,,-,13,,-,,-,,,,HPAI,-,-,-,13,-,-,-,13.0,,outbreak_row_DOMESTIC,Jul-Dec,Delta,Delta,Unchanged (already a state-level value),Delta
2022,Jul-Dec 2022,Africa,Nigeria,Delta,High pathogenicity avian influenza viruses (Inf. with) (poultry),H5N1,Domestic,-,Birds,-,-,38320.0,Animal,38320.0,5788,0.0,32532.0,0.0,HPAI,38320,32532,5788,-,0,38320,0,,5788.0,animal_record,Jul-Dec,Delta,Delta,Unchanged (already a state-level value),Delta
2022,Jul-Dec 2022,Africa,Nigeria,Delta,Rabies virus (Inf. with),RABV,Both animal categories,-,,-,2,,-,,-,,,,Rabies,-,-,-,2,-,-,-,2.0,,outbreak_row_BOTH,Jul-Dec,Delta,Delta,Unchanged (already a state-level value),Delta
2022,Jul-Dec 2022,Africa,Nigeria,Delta,Rabies virus (Inf. with),RABV,Domestic,-,Dogs,-,-,22.0,Animal,2.0,2,0.0,1.0,0.0,Rabies,2,1,2,-,0,22,0,,2.0,animal_record,Jul-Dec,Delta,Delta,Unchanged (already a state-level value),Delta
2022,Jul-Dec 2022,Africa,Nigeria,Ebonyi,Rabies virus (Inf. with),RABV,Both animal categories,-,,-,5,,-,,-,,,,Rabies,-,-,-,5,-,-,-,5.0,,outbreak_row_BOTH,Jul-Dec,Ebonyi,Ebonyi,Unchanged (already a state-level value),Ebonyi
2022,Jul-Dec 2022,Africa,Nigeria,Ebonyi,Rabies virus (Inf. with),RABV,Domestic,-,Dogs,-,-,104.0,Animal,5.0,5,0.0,0.0,0.0,Rabies,5,0,5,-,0,104,0,,5.0,animal_record,Jul-Dec,Ebonyi,Ebonyi,Unchanged (already a state-level value),Ebonyi
2022,Jul-Dec 2022,Africa,Nigeria,Ekiti,Rabies virus (Inf. with),RABV,Both animal categories,-,,-,1,,-,,-,,,,Rabies,-,-,-,1,-,-,-,1.0,,outbreak_row_BOTH,Jul-Dec,Ekiti,Ekiti,Unchanged (already a state-level value),Ekiti
2022,Jul-Dec 2022,Africa,Nigeria,Ekiti,Rabies virus (Inf. with),RABV,Domestic,-,Dogs,-,-,8.0,Animal,1.0,1,0.0,0.0,0.0,Rabies,1,0,1,-,0,8,0,,1.0,animal_record,Jul-Dec,Ekiti,Ekiti,Unchanged (already a state-level value),Ekiti
2022,Jul-Dec 2022,Africa,Nigeria,Enugu,Rabies virus (Inf. with),RABV,Both animal categories,-,,-,1,,-,,-,,,,Rabies,-,-,-,1,-,-,-,1.0,,outbreak_row_BOTH,Jul-Dec,Enugu,Enugu,Unchanged (already a state-level value),Enugu
2022,Jul-Dec 2022,Africa,Nigeria,Enugu,Rabies virus (Inf. with),RABV,Domestic,-,Dogs,-,-,17.0,Animal,1.0,1,0.0,0.0,0.0,Rabies,1,0,1,-,0,17,0,,1.0,animal_record,Jul-Dec,Enugu,Enugu,Unchanged (already a state-level value),Enugu
2022,Jul-Dec 2022,Africa,Nigeria,Gombe,Rabies virus (Inf. with),RABV,Both animal categories,-,,-,3,,-,,-,,,,Rabies,-,-,-,3,-,-,-,3.0,,outbreak_row_BOTH,Jul-Dec,Gombe,Gombe,Unchanged (already a state-level value),Gombe
2022,Jul-Dec 2022,Africa,Nigeria,Gombe,Rabies virus (Inf. with),RABV,Domestic,-,Dogs,-,-,59.0,Animal,3.0,3,0.0,0.0,0.0,Rabies,3,0,3,-,0,59,0,,3.0,animal_record,Jul-Dec,Gombe,Gombe,Unchanged (already a state-level value),Gombe
2022,Jul-Dec 2022,Africa,Nigeria,Kaduna,Rabies virus (Inf. with),RABV,Both animal categories,-,,-,2,,-,,-,,,,Rabies,-,-,-,2,-,-,-,2.0,,outbreak_row_BOTH,Jul-Dec,Kaduna,Kaduna,Unchanged (already a state-level value),Kaduna
2022,Jul-Dec 2022,Africa,Nigeria,Kaduna,Rabies virus (Inf. with),RABV,Domestic,-,Dogs,-,-,26.0,Animal,2.0,2,0.0,0.0,0.0,Rabies,2,0,2,-,0,26,0,,2.0,animal_record,Jul-Dec,Kaduna,Kaduna,Unchanged (already a state-level value),Kaduna
2022,Jul-Dec 2022,Africa,Nigeria,Kano,Rabies virus (Inf. with),RABV,Both animal categories,-,,-,2,,-,,-,,,,Rabies,-,-,-,2,-,-,-,2.0,,outbreak_row_BOTH,Jul-Dec,Kano,Kano,Unchanged (already a state-level value),Kano
2022,Jul-Dec 2022,Africa,Nigeria,Kano,Rabies virus (Inf. with),RABV,Domestic,-,Cattle,-,-,27.0,Animal,1.0,1,0.0,0.0,0.0,Rabies,1,0,1,-,0,27,0,,1.0,animal_record,Jul-Dec,Kano,Kano,Unchanged (already a state-level value),Kano
2022,Jul-Dec 2022,Africa,Nigeria,Kano,Rabies virus (Inf. with),RABV,Domestic,-,Dogs,-,-,21.0,Animal,1.0,1,0.0,0.0,0.0,Rabies,1,0,1,-,0,21,0,,1.0,animal_record,Jul-Dec,Kano,Kano,Unchanged (already a state-level value),Kano
2022,Jul-Dec 2022,Africa,Nigeria,Lagos,High pathogenicity avian influenza viruses (Inf. with) (poultry),H5N1,Domestic,-,,-,8,,-,,-,,,,HPAI,-,-,-,8,-,-,-,8.0,,outbreak_row_DOMESTIC,Jul-Dec,Lagos,Lagos,Unchanged (already a state-level value),Lagos
2022,Jul-Dec 2022,Africa,Nigeria,Lagos,High pathogenicity avian influenza viruses (Inf. with) (poultry),H5N1,Domestic,-,Birds,-,-,21435.0,Animal,21435.0,20750,0.0,685.0,0.0,HPAI,21435,685,20750,-,0,21435,0,,20750.0,animal_record,Jul-Dec,Lagos,Lagos,Unchanged (already a state-level value),Lagos
2022,Jul-Dec 2022,Africa,Nigeria,Niger,High pathogenicity avian influenza viruses (Inf. with) (poultry),H5N1,Domestic,-,,-,1,,-,,-,,,,HPAI,-,-,-,1,-,-,-,1.0,,outbreak_row_DOMESTIC,Jul-Dec,Niger,Niger,Unchanged (already a state-level value),Niger
2022,Jul-Dec 2022,Africa,Nigeria,Niger,High pathogenicity avian influenza viruses (Inf. with) (poultry),H5N1,Domestic,-,Birds,-,-,300.0,Animal,300.0,0,0.0,300.0,0.0,HPAI,300,300,0,-,0,300,0,,0.0,animal_record,Jul-Dec,Niger,Niger,Unchanged (already a state-level value),Niger
2022,Jul-Dec 2022,Africa,Nigeria,Ogun,High pathogenicity avian influenza viruses (Inf. with) (poultry),H5N1,Domestic,-,,-,2,,-,,-,,,,HPAI,-,-,-,2,-,-,-,2.0,,outbreak_row_DOMESTIC,Jul-Dec,Ogun,Ogun,Unchanged (already a state-level value),Ogun
2022,Jul-Dec 2022,Africa,Nigeria,Ogun,High pathogenicity avian influenza viruses (Inf. with) (poultry),H5N1,Domestic,-,Birds,-,-,3250.0,Animal,3250.0,1080,0.0,2170.0,0.0,HPAI,3250,2170,1080,-,0,3250,0,,1080.0,animal_record,Jul-Dec,Ogun,Ogun,Unchanged (already a state-level value),Ogun
2022,Jul-Dec 2022,Africa,Nigeria,Ogun,Rabies virus (Inf. with),RABV,Both animal categories,-,,-,1,,-,,-,,,,Rabies,-,-,-,1,-,-,-,1.0,,outbreak_row_BOTH,Jul-Dec,Ogun,Ogun,Unchanged (already a state-level value),Ogun
2022,Jul-Dec 2022,Africa,Nigeria,Ogun,Rabies virus (Inf. with),RABV,Domestic,-,Dogs,-,-,13.0,Animal,1.0,1,0.0,0.0,0.0,Rabies,1,0,1,-,0,13,0,,1.0,animal_record,Jul-Dec,Ogun,Ogun,Unchanged (already a state-level value),Ogun
2022,Jul-Dec 2022,Africa,Nigeria,Osun,High pathogenicity avian influenza viruses (Inf. with) (poultry),H5N1,Domestic,-,,-,1,,-,,-,,,,HPAI,-,-,-,1,-,-,-,1.0,,outbreak_row_DOMESTIC,Jul-Dec,Osun,Osun,Unchanged (already a state-level value),Osun
2022,Jul-Dec 2022,Africa,Nigeria,Osun,High pathogenicity avian influenza viruses (Inf. with) (poultry),H5N1,Domestic,-,Birds,-,-,350.0,Animal,350.0,105,0.0,245.0,0.0,HPAI,350,245,105,-,0,350,0,,105.0,animal_record,Jul-Dec,Osun,Osun,Unchanged (already a state-level value),Osun
2022,Jul-Dec 2022,Africa,Nigeria,Oyo,High pathogenicity avian influenza viruses (Inf. with) (poultry),H5N1,Domestic,-,,-,1,,-,,-,,,,HPAI,-,-,-,1,-,-,-,1.0,,outbreak_row_DOMESTIC,Jul-Dec,Oyo,Oyo,Unchanged (already a state-level value),Oyo
2022,Jul-Dec 2022,Africa,Nigeria,Oyo,High pathogenicity avian influenza viruses (Inf. with) (poultry),H5N1,Domestic,-,Birds,-,-,2000.0,Animal,2000.0,1500,0.0,500.0,0.0,HPAI,2000,500,1500,-,0,2000,0,,1500.0,animal_record,Jul-Dec,Oyo,Oyo,Unchanged (already a state-level value),Oyo
2022,Jul-Dec 2022,Africa,Nigeria,Oyo,Rabies virus (Inf. with),RABV,Both animal categories,-,,-,1,,-,,-,,,,Rabies,-,-,-,1,-,-,-,1.0,,outbreak_row_BOTH,Jul-Dec,Oyo,Oyo,Unchanged (already a state-level value),Oyo
2022,Jul-Dec 2022,Africa,Nigeria,Oyo,Rabies virus (Inf. with),RABV,Domestic,-,Dogs,-,-,16.0,Animal,1.0,1,0.0,0.0,0.0,Rabies,1,0,1,-,0,16,0,,1.0,animal_record,Jul-Dec,Oyo,Oyo,Unchanged (already a state-level value),Oyo
2022,Jul-Dec 2022,Africa,Nigeria,Plateau,High pathogenicity avian influenza viruses (Inf. with) (poultry),H5N1,Domestic,-,,-,1,,-,,-,,,,HPAI,-,-,-,1,-,-,-,1.0,,outbreak_row_DOMESTIC,Jul-Dec,Plateau,Plateau,Unchanged (already a state-level value),Plateau
2022,Jul-Dec 2022,Africa,Nigeria,Plateau,High pathogenicity avian influenza viruses (Inf. with) (poultry),H5N1,Domestic,-,Birds,-,-,30000.0,Animal,30000.0,18000,0.0,12000.0,0.0,HPAI,30000,12000,18000,-,0,30000,0,,18000.0,animal_record,Jul-Dec,Plateau,Plateau,Unchanged (already a state-level value),Plateau
2022,Jul-Dec 2022,Africa,Nigeria,Plateau,Rabies virus (Inf. with),RABV,Both animal categories,-,,-,73,,-,,-,,,,Rabies,-,-,-,73,-,-,-,73.0,,outbreak_row_BOTH,Jul-Dec,Plateau,Plateau,Unchanged (already a state-level value),Plateau
2022,Jul-Dec 2022,Africa,Nigeria,Plateau,Rabies virus (Inf. with),RABV,Domestic,-,Dogs,-,-,2100.0,Animal,71.0,51,0.0,20.0,0.0,Rabies,71,20,51,-,0,2100,0,,51.0,animal_record,Jul-Dec,Plateau,Plateau,Unchanged (already a state-level value),Plateau
2022,Jul-Dec 2022,Africa,Nigeria,Plateau,Rabies virus (Inf. with),RABV,Domestic,-,Cats,-,-,17.0,Animal,2.0,2,0.0,0.0,0.0,Rabies,2,0,2,-,0,17,0,,2.0,animal_record,Jul-Dec,Plateau,Plateau,Unchanged (already a state-level value),Plateau
2022,Jul-Dec 2022,Africa,Nigeria,Rivers,High pathogenicity avian influenza viruses (Inf. with) (poultry),H5N1,Domestic,-,,-,1,,-,,-,,,,HPAI,-,-,-,1,-,-,-,1.0,,outbreak_row_DOMESTIC,Jul-Dec,Rivers,Rivers,Unchanged (already a state-level value),Rivers
2022,Jul-Dec 2022,Africa,Nigeria,Rivers,High pathogenicity avian influenza viruses (Inf. with) (poultry),H5N1,Domestic,-,Birds,-,-,1450.0,Animal,1450.0,625,0.0,825.0,0.0,HPAI,1450,825,625,-,0,1450,0,,625.0,animal_record,Jul-Dec,Rivers,Rivers,Unchanged (already a state-level value),Rivers
2022,Jul-Dec 2022,Africa,Nigeria,Sokoto,High pathogenicity avian influenza viruses (Inf. with) (poultry),H5N1,Domestic,-,,-,1,,-,,-,,,,HPAI,-,-,-,1,-,-,-,1.0,,outbreak_row_DOMESTIC,Jul-Dec,Sokoto,Sokoto,Unchanged (already a state-level value),Sokoto
2022,Jul-Dec 2022,Africa,Nigeria,Sokoto,High pathogenicity avian influenza viruses (Inf. with) (poultry),H5N1,Domestic,-,Birds,-,-,700.0,Animal,700.0,200,0.0,500.0,0.0,HPAI,700,500,200,-,0,700,0,,200.0,animal_record,Jul-Dec,Sokoto,Sokoto,Unchanged (already a state-level value),Sokoto
2022,Jul-Dec 2022,Africa,Nigeria,Yobe,Rabies virus (Inf. with),RABV,Both animal categories,-,,-,1,,-,,-,,,,Rabies,-,-,-,1,-,-,-,1.0,,outbreak_row_BOTH,Jul-Dec,Yobe,Yobe,Unchanged (already a state-level value),Yobe
2022,Jul-Dec 2022,Africa,Nigeria,Yobe,Rabies virus (Inf. with),RABV,Domestic,-,Cats,-,-,5.0,Animal,1.0,1,0.0,0.0,0.0,Rabies,1,0,1,-,0,5,0,,1.0,animal_record,Jul-Dec,Yobe,Yobe,Unchanged (already a state-level value),Yobe
2023,Jan-Jun 2023,Africa,Nigeria,Bauchi,High pathogenicity avian influenza viruses (Inf. with) (poultry),H5N1,Domestic,-,,-,1,,-,,-,,,,HPAI,-,-,-,1,-,-,-,1.0,,outbreak_row_DOMESTIC,Jan-Jun,Bauchi,Bauchi,Unchanged (already a state-level value),Bauchi
2023,Jan-Jun 2023,Africa,Nigeria,Bauchi,High pathogenicity avian influenza viruses (Inf. with) (poultry),H5N1,Domestic,-,Birds,-,-,1000.0,Animal,1000.0,800,0.0,200.0,0.0,HPAI,1000,200,800,-,0,1000,0,,800.0,animal_record,Jan-Jun,Bauchi,Bauchi,Unchanged (already a state-level value),Bauchi
2023,Jan-Jun 2023,Africa,Nigeria,Bauchi,Rabies virus (Inf. with),RABV,Both animal categories,-,,-,7,,-,,-,,,,Rabies,-,-,-,7,-,-,-,7.0,,outbreak_row_BOTH,Jan-Jun,Bauchi,Bauchi,Unchanged (already a state-level value),Bauchi
2023,Jan-Jun 2023,Africa,Nigeria,Bauchi,Rabies virus (Inf. with),RABV,Domestic,-,Dogs,-,-,65.0,Animal,5.0,5,0.0,0.0,0.0,Rabies,5,0,5,-,0,65,0,,5.0,animal_record,Jan-Jun,Bauchi,Bauchi,Unchanged (already a state-level value),Bauchi
2023,Jan-Jun 2023,Africa,Nigeria,Bauchi,Rabies virus (Inf. with),RABV,Domestic,-,Cats,-,-,13.0,Animal,2.0,2,0.0,0.0,0.0,Rabies,2,0,2,-,0,13,0,,2.0,animal_record,Jan-Jun,Bauchi,Bauchi,Unchanged (already a state-level value),Bauchi
2023,Jan-Jun 2023,Africa,Nigeria,Ekiti,High pathogenicity avian influenza viruses (Inf. with) (poultry),H5N1,Domestic,-,,-,1,,-,,-,,,,HPAI,-,-,-,1,-,-,-,1.0,,outbreak_row_DOMESTIC,Jan-Jun,Ekiti,Ekiti,Unchanged (already a state-level value),Ekiti
2023,Jan-Jun 2023,Africa,Nigeria,Ekiti,High pathogenicity avian influenza viruses (Inf. with) (poultry),H5N1,Domestic,-,Birds,-,-,609.0,Animal,609.0,304,0.0,305.0,0.0,HPAI,609,305,304,-,0,609,0,,304.0,animal_record,Jan-Jun,Ekiti,Ekiti,Unchanged (already a state-level value),Ekiti
2023,Jan-Jun 2023,Africa,Nigeria,Gombe,Rabies virus (Inf. with),,Domestic,-,Dogs,-,-,29.0,Animal,2.0,2,0.0,0.0,0.0,Rabies,2,0,2,-,0,29,0,,2.0,animal_record,Jan-Jun,Gombe,Gombe,Unchanged (already a state-level value),Gombe
2023,Jan-Jun 2023,Africa,Nigeria,Gombe,Rabies virus (Inf. with),RABV,Both animal categories,-,,-,7,,-,,-,,,,Rabies,-,-,-,7,-,-,-,7.0,,outbreak_row_BOTH,Jan-Jun,Gombe,Gombe,Unchanged (already a state-level value),Gombe
2023,Jan-Jun 2023,Africa,Nigeria,Gombe,Rabies virus (Inf. with),RABV,Domestic,-,Dogs,-,-,104.0,Animal,7.0,7,0.0,0.0,22.0,Rabies,7,0,7,-,0,104,22,,7.0,animal_record,Jan-Jun,Gombe,Gombe,Unchanged (already a state-level value),Gombe
2023,Jan-Jun 2023,Africa,Nigeria,Imo,High pathogenicity avian influenza viruses (Inf. with) (poultry),H5N1,Domestic,-,,-,1,,-,,-,,,,HPAI,-,-,-,1,-,-,-,1.0,,outbreak_row_DOMESTIC,Jan-Jun,Imo,Imo,Unchanged (already a state-level value),Imo
2023,Jan-Jun 2023,Africa,Nigeria,Imo,High pathogenicity avian influenza viruses (Inf. with) (poultry),H5N1,Domestic,-,Birds,-,-,1000.0,Animal,1000.0,825,0.0,175.0,0.0,HPAI,1000,175,825,-,0,1000,0,,825.0,animal_record,Jan-Jun,Imo,Imo,Unchanged (already a state-level value),Imo
2023,Jan-Jun 2023,Africa,Nigeria,Kaduna,Rabies virus (Inf. with),RABV,Both animal categories,-,,-,3,,-,,-,,,,Rabies,-,-,-,3,-,-,-,3.0,,outbreak_row_BOTH,Jan-Jun,Kaduna,Kaduna,Unchanged (already a state-level value),Kaduna
2023,Jan-Jun 2023,Africa,Nigeria,Kaduna,Rabies virus (Inf. with),RABV,Domestic,-,Dogs,-,-,44.0,Animal,3.0,3,0.0,0.0,0.0,Rabies,3,0,3,-,0,44,0,,3.0,animal_record,Jan-Jun,Kaduna,Kaduna,Unchanged (already a state-level value),Kaduna
2023,Jan-Jun 2023,Africa,Nigeria,Kano,High pathogenicity avian influenza viruses (Inf. with) (poultry),H5N1,Domestic,-,,-,10,,-,,-,,,,HPAI,-,-,-,10,-,-,-,10.0,,outbreak_row_DOMESTIC,Jan-Jun,Kano,Kano,Unchanged (already a state-level value),Kano
2023,Jan-Jun 2023,Africa,Nigeria,Kano,High pathogenicity avian influenza viruses (Inf. with) (poultry),H5N1,Domestic,-,Birds,-,-,26541.0,Animal,26541.0,20467,0.0,6074.0,0.0,HPAI,26541,6074,20467,-,0,26541,0,,20467.0,animal_record,Jan-Jun,Kano,Kano,Unchanged (already a state-level value),Kano
2023,Jan-Jun 2023,Africa,Nigeria,Kano,Rabies virus (Inf. with),RABV,Both animal categories,-,,-,4,,-,,-,,,,Rabies,-,-,-,4,-,-,-,4.0,,outbreak_row_BOTH,Jan-Jun,Kano,Kano,Unchanged (already a state-level value),Kano
2023,Jan-Jun 2023,Africa,Nigeria,Kano,Rabies virus (Inf. with),RABV,Domestic,-,Dogs,-,-,70.0,Animal,4.0,4,0.0,0.0,0.0,Rabies,4,0,4,-,0,70,0,,4.0,animal_record,Jan-Jun,Kano,Kano,Unchanged (already a state-level value),Kano
2023,Jan-Jun 2023,Africa,Nigeria,Katsina,High pathogenicity avian influenza viruses (Inf. with) (poultry),H5N1,Domestic,-,,-,2,,-,,-,,,,HPAI,-,-,-,2,-,-,-,2.0,,outbreak_row_DOMESTIC,Jan-Jun,Katsina,Katsina,Unchanged (already a state-level value),Katsina
2023,Jan-Jun 2023,Africa,Nigeria,Katsina,High pathogenicity avian influenza viruses (Inf. with) (poultry),H5N1,Domestic,-,Birds,-,-,41200.0,Animal,41200.0,29804,0.0,11396.0,0.0,HPAI,41200,11396,29804,-,0,41200,0,,29804.0,animal_record,Jan-Jun,Katsina,Katsina,Unchanged (already a state-level value),Katsina
2023,Jan-Jun 2023,Africa,Nigeria,Ogun,Rabies virus (Inf. with),RABV,Both animal categories,-,,-,1,,-,,-,,,,Rabies,-,-,-,1,-,-,-,1.0,,outbreak_row_BOTH,Jan-Jun,Ogun,Ogun,Unchanged (already a state-level value),Ogun
2023,Jan-Jun 2023,Africa,Nigeria,Ogun,Rabies virus (Inf. with),RABV,Domestic,-,Dogs,-,-,17.0,Animal,1.0,1,0.0,0.0,0.0,Rabies,1,0,1,-,0,17,0,,1.0,animal_record,Jan-Jun,Ogun,Ogun,Unchanged (already a state-level value),Ogun
2023,Jan-Jun 2023,Africa,Nigeria,Plateau,High pathogenicity avian influenza viruses (Inf. with) (poultry),H5N1,Domestic,-,,-,1,,-,,-,,,,HPAI,-,-,-,1,-,-,-,1.0,,outbreak_row_DOMESTIC,Jan-Jun,Plateau,Plateau,Unchanged (already a state-level value),Plateau
2023,Jan-Jun 2023,Africa,Nigeria,Plateau,High pathogenicity avian influenza viruses (Inf. with) (poultry),H5N1,Domestic,-,Birds,-,-,1000.0,Animal,1000.0,820,0.0,180.0,0.0,HPAI,1000,180,820,-,0,1000,0,,820.0,animal_record,Jan-Jun,Plateau,Plateau,Unchanged (already a state-level value),Plateau
2023,Jan-Jun 2023,Africa,Nigeria,Plateau,Rabies virus (Inf. with),RABV,Both animal categories,-,,-,21,,-,,-,,,,Rabies,-,-,-,21,-,-,-,21.0,,outbreak_row_BOTH,Jan-Jun,Plateau,Plateau,Unchanged (already a state-level value),Plateau
2023,Jan-Jun 2023,Africa,Nigeria,Plateau,Rabies virus (Inf. with),RABV,Domestic,-,Dogs,-,-,276.0,Animal,21.0,18,1.0,3.0,0.0,Rabies,21,3,18,-,1,276,0,,18.0,animal_record,Jan-Jun,Plateau,Plateau,Unchanged (already a state-level value),Plateau
2023,Jan-Jun 2023,Africa,Nigeria,Rivers,High pathogenicity avian influenza viruses (Inf. with) (poultry),H5N1,Domestic,-,,-,1,,-,,-,,,,HPAI,-,-,-,1,-,-,-,1.0,,outbreak_row_DOMESTIC,Jan-Jun,Rivers,Rivers,Unchanged (already a state-level value),Rivers
2023,Jan-Jun 2023,Africa,Nigeria,Rivers,High pathogenicity avian influenza viruses (Inf. with) (poultry),H5N1,Domestic,-,Birds,-,-,1800.0,Animal,1800.0,1650,0.0,150.0,0.0,HPAI,1800,150,1650,-,0,1800,0,,1650.0,animal_record,Jan-Jun,Rivers,Rivers,Unchanged (already a state-level value),Rivers
2023,Jul-Dec 2023,Africa,Nigeria,Bauchi,Rabies virus (Inf. with),RABV,Both animal categories,-,,-,17,,-,,-,,,,Rabies,-,-,-,17,-,-,-,17.0,,outbreak_row_BOTH,Jul-Dec,Bauchi,Bauchi,Unchanged (already a state-level value),Bauchi
2023,Jul-Dec 2023,Africa,Nigeria,Bauchi,Rabies virus (Inf. with),RABV,Domestic,-,Dogs,-,-,254.0,Animal,9.0,8,0.0,0.0,0.0,Rabies,9,0,8,-,0,254,0,,8.0,animal_record,Jul-Dec,Bauchi,Bauchi,Unchanged (already a state-level value),Bauchi
2023,Jul-Dec 2023,Africa,Nigeria,Bauchi,Rabies virus (Inf. with),RABV,Domestic,-,Cats,-,-,93.0,Animal,7.0,6,0.0,1.0,0.0,Rabies,7,1,6,-,0,93,0,,6.0,animal_record,Jul-Dec,Bauchi,Bauchi,Unchanged (already a state-level value),Bauchi
2023,Jul-Dec 2023,Africa,Nigeria,Bauchi,Rabies virus (Inf. with),RABV,Domestic,-,Equidae,-,-,20.0,Animal,1.0,1,0.0,0.0,0.0,Rabies,1,0,1,-,0,20,0,,1.0,animal_record,Jul-Dec,Bauchi,Bauchi,Unchanged (already a state-level value),Bauchi
2023,Jul-Dec 2023,Africa,Nigeria,Cross River,Rabies virus (Inf. with),RABV,Both animal categories,-,,-,4,,-,,-,,,,Rabies,-,-,-,4,-,-,-,4.0,,outbreak_row_BOTH,Jul-Dec,Cross River,Cross River,Unchanged (already a state-level value),Cross River
2023,Jul-Dec 2023,Africa,Nigeria,Cross River,Rabies virus (Inf. with),RABV,Domestic,-,Dogs,-,-,89.0,Animal,4.0,4,0.0,0.0,0.0,Rabies,4,0,4,-,0,89,0,,4.0,animal_record,Jul-Dec,Cross River,Cross River,Unchanged (already a state-level value),Cross River
2023,Jul-Dec 2023,Africa,Nigeria,Delta,Rabies virus (Inf. with),RABV,Both animal categories,-,,-,5,,-,,-,,,,Rabies,-,-,-,5,-,-,-,5.0,,outbreak_row_BOTH,Jul-Dec,Delta,Delta,Unchanged (already a state-level value),Delta
2023,Jul-Dec 2023,Africa,Nigeria,Delta,Rabies virus (Inf. with),RABV,Domestic,-,Dogs,-,-,116.0,Animal,5.0,4,0.0,1.0,0.0,Rabies,5,1,4,-,0,116,0,,4.0,animal_record,Jul-Dec,Delta,Delta,Unchanged (already a state-level value),Delta
2023,Jul-Dec 2023,Africa,Nigeria,Ebonyi,Rabies virus (Inf. with),RABV,Both animal categories,-,,-,2,,-,,-,,,,Rabies,-,-,-,2,-,-,-,2.0,,outbreak_row_BOTH,Jul-Dec,Ebonyi,Ebonyi,Unchanged (already a state-level value),Ebonyi
2023,Jul-Dec 2023,Africa,Nigeria,Ebonyi,Rabies virus (Inf. with),RABV,Domestic,-,Dogs,-,-,39.0,Animal,1.0,1,0.0,0.0,0.0,Rabies,1,0,1,-,0,39,0,,1.0,animal_record,Jul-Dec,Ebonyi,Ebonyi,Unchanged (already a state-level value),Ebonyi
2023,Jul-Dec 2023,Africa,Nigeria,Ebonyi,Rabies virus (Inf. with),RABV,Domestic,-,Goats,-,-,36.0,Animal,1.0,1,0.0,0.0,0.0,Rabies,1,0,1,-,0,36,0,,1.0,animal_record,Jul-Dec,Ebonyi,Ebonyi,Unchanged (already a state-level value),Ebonyi
2023,Jul-Dec 2023,Africa,Nigeria,Ekiti,Rabies virus (Inf. with),RABV,Both animal categories,-,,-,2,,-,,-,,,,Rabies,-,-,-,2,-,-,-,2.0,,outbreak_row_BOTH,Jul-Dec,Ekiti,Ekiti,Unchanged (already a state-level value),Ekiti
2023,Jul-Dec 2023,Africa,Nigeria,Ekiti,Rabies virus (Inf. with),RABV,Domestic,-,Dogs,-,-,46.0,Animal,2.0,2,0.0,0.0,0.0,Rabies,2,0,2,-,0,46,0,,2.0,animal_record,Jul-Dec,Ekiti,Ekiti,Unchanged (already a state-level value),Ekiti
2023,Jul-Dec 2023,Africa,Nigeria,Federal Capital Territory,Rabies virus (Inf. with),RABV,Both animal categories,-,,-,1,,-,,-,,,,Rabies,-,-,-,1,-,-,-,1.0,,outbreak_row_BOTH,Jul-Dec,Federal Capital Territory,Federal Capital Territory,Unchanged (already a state-level value),Federal Capital Territory
2023,Jul-Dec 2023,Africa,Nigeria,Federal Capital Territory,Rabies virus (Inf. with),RABV,Domestic,-,Dogs,-,-,13.0,Animal,1.0,1,0.0,0.0,0.0,Rabies,1,0,1,-,0,13,0,,1.0,animal_record,Jul-Dec,Federal Capital Territory,Federal Capital Territory,Unchanged (already a state-level value),Federal Capital Territory
2023,Jul-Dec 2023,Africa,Nigeria,Gombe,Rabies virus (Inf. with),RABV,Both animal categories,-,,-,9,,-,,-,,,,Rabies,-,-,-,9,-,-,-,9.0,,outbreak_row_BOTH,Jul-Dec,Gombe,Gombe,Unchanged (already a state-level value),Gombe
2023,Jul-Dec 2023,Africa,Nigeria,Gombe,Rabies virus (Inf. with),RABV,Domestic,-,Dogs,-,-,202.0,Animal,8.0,8,0.0,0.0,0.0,Rabies,8,0,8,-,0,202,0,,8.0,animal_record,Jul-Dec,Gombe,Gombe,Unchanged (already a state-level value),Gombe
2023,Jul-Dec 2023,Africa,Nigeria,Gombe,Rabies virus (Inf. with),RABV,Domestic,-,Cats,-,-,20.0,Animal,1.0,1,0.0,0.0,0.0,Rabies,1,0,1,-,0,20,0,,1.0,animal_record,Jul-Dec,Gombe,Gombe,Unchanged (already a state-level value),Gombe
2023,Jul-Dec 2023,Africa,Nigeria,Jigawa,Rabies virus (Inf. with),RABV,Both animal categories,-,,-,1,,-,,-,,,,Rabies,-,-,-,1,-,-,-,1.0,,outbreak_row_BOTH,Jul-Dec,Jigawa,Jigawa,Unchanged (already a state-level value),Jigawa
2023,Jul-Dec 2023,Africa,Nigeria,Jigawa,Rabies virus (Inf. with),RABV,Domestic,-,Dogs,-,-,47.0,Animal,1.0,1,0.0,0.0,0.0,Rabies,1,0,1,-,0,47,0,,1.0,animal_record,Jul-Dec,Jigawa,Jigawa,Unchanged (already a state-level value),Jigawa
2023,Jul-Dec 2023,Africa,Nigeria,Kaduna,Rabies virus (Inf. with),RABV,Both animal categories,-,,-,7,,-,,-,,,,Rabies,-,-,-,7,-,-,-,7.0,,outbreak_row_BOTH,Jul-Dec,Kaduna,Kaduna,Unchanged (already a state-level value),Kaduna
2023,Jul-Dec 2023,Africa,Nigeria,Kaduna,Rabies virus (Inf. with),RABV,Domestic,-,Dogs,-,-,204.0,Animal,7.0,7,0.0,0.0,0.0,Rabies,7,0,7,-,0,204,0,,7.0,animal_record,Jul-Dec,Kaduna,Kaduna,Unchanged (already a state-level value),Kaduna
2023,Jul-Dec 2023,Africa,Nigeria,Kano,Rabies virus (Inf. with),RABV,Both animal categories,-,,-,14,,-,,-,,,,Rabies,-,-,-,14,-,-,-,14.0,,outbreak_row_BOTH,Jul-Dec,Kano,Kano,Unchanged (already a state-level value),Kano
2023,Jul-Dec 2023,Africa,Nigeria,Kano,Rabies virus (Inf. with),RABV,Domestic,-,Dogs,-,-,495.0,Animal,13.0,12,0.0,1.0,0.0,Rabies,13,1,12,-,0,495,0,,12.0,animal_record,Jul-Dec,Kano,Kano,Unchanged (already a state-level value),Kano
2023,Jul-Dec 2023,Africa,Nigeria,Kano,Rabies virus (Inf. with),RABV,Domestic,-,Cattle,-,-,57.0,Animal,1.0,1,0.0,0.0,0.0,Rabies,1,0,1,-,0,57,0,,1.0,animal_record,Jul-Dec,Kano,Kano,Unchanged (already a state-level value),Kano
2023,Jul-Dec 2023,Africa,Nigeria,Kebbi,Rabies virus (Inf. with),RABV,Both animal categories,-,,-,1,,-,,-,,,,Rabies,-,-,-,1,-,-,-,1.0,,outbreak_row_BOTH,Jul-Dec,Kebbi,Kebbi,Unchanged (already a state-level value),Kebbi
2023,Jul-Dec 2023,Africa,Nigeria,Kebbi,Rabies virus (Inf. with),RABV,Domestic,-,Dogs,-,-,21.0,Animal,1.0,1,0.0,0.0,0.0,Rabies,1,0,1,-,0,21,0,,1.0,animal_record,Jul-Dec,Kebbi,Kebbi,Unchanged (already a state-level value),Kebbi
2023,Jul-Dec 2023,Africa,Nigeria,Kogi,Rabies virus (Inf. with),RABV,Both animal categories,-,,-,1,,-,,-,,,,Rabies,-,-,-,1,-,-,-,1.0,,outbreak_row_BOTH,Jul-Dec,Kogi,Kogi,Unchanged (already a state-level value),Kogi
2023,Jul-Dec 2023,Africa,Nigeria,Kogi,Rabies virus (Inf. with),RABV,Domestic,-,Dogs,-,-,9.0,Animal,1.0,1,0.0,0.0,0.0,Rabies,1,0,1,-,0,9,0,,1.0,animal_record,Jul-Dec,Kogi,Kogi,Unchanged (already a state-level value),Kogi
2023,Jul-Dec 2023,Africa,Nigeria,Lagos,High pathogenicity avian influenza viruses (Inf. with) (poultry),H5N1,Domestic,-,,-,1,,-,,-,,,,HPAI,-,-,-,1,-,-,-,1.0,,outbreak_row_DOMESTIC,Jul-Dec,Lagos,Lagos,Unchanged (already a state-level value),Lagos
2023,Jul-Dec 2023,Africa,Nigeria,Lagos,High pathogenicity avian influenza viruses (Inf. with) (poultry),H5N1,Domestic,-,Birds,-,-,6500.0,Animal,6500.0,5500,0.0,1000.0,0.0,HPAI,6500,1000,5500,-,0,6500,0,,5500.0,animal_record,Jul-Dec,Lagos,Lagos,Unchanged (already a state-level value),Lagos
2023,Jul-Dec 2023,Africa,Nigeria,Niger,Rabies virus (Inf. with),RABV,Both animal categories,-,,-,1,,-,,-,,,,Rabies,-,-,-,1,-,-,-,1.0,,outbreak_row_BOTH,Jul-Dec,Niger,Niger,Unchanged (already a state-level value),Niger
2023,Jul-Dec 2023,Africa,Nigeria,Niger,Rabies virus (Inf. with),RABV,Domestic,-,Dogs,-,-,38.0,Animal,1.0,1,0.0,0.0,0.0,Rabies,1,0,1,-,0,38,0,,1.0,animal_record,Jul-Dec,Niger,Niger,Unchanged (already a state-level value),Niger
2023,Jul-Dec 2023,Africa,Nigeria,Ogun,High pathogenicity avian influenza viruses (Inf. with) (poultry),H5N1,Domestic,-,,-,1,,-,,-,,,,HPAI,-,-,-,1,-,-,-,1.0,,outbreak_row_DOMESTIC,Jul-Dec,Ogun,Ogun,Unchanged (already a state-level value),Ogun
2023,Jul-Dec 2023,Africa,Nigeria,Ogun,High pathogenicity avian influenza viruses (Inf. with) (poultry),H5N1,Domestic,-,Birds,-,-,5098.0,Animal,5098.0,3220,0.0,1878.0,0.0,HPAI,5098,1878,3220,-,0,5098,0,,3220.0,animal_record,Jul-Dec,Ogun,Ogun,Unchanged (already a state-level value),Ogun
2023,Jul-Dec 2023,Africa,Nigeria,Ondo,Rabies virus (Inf. with),RABV,Both animal categories,-,,-,1,,-,,-,,,,Rabies,-,-,-,1,-,-,-,1.0,,outbreak_row_BOTH,Jul-Dec,Ondo,Ondo,Unchanged (already a state-level value),Ondo
2023,Jul-Dec 2023,Africa,Nigeria,Ondo,Rabies virus (Inf. with),RABV,Domestic,-,Dogs,-,-,39.0,Animal,1.0,1,0.0,0.0,0.0,Rabies,1,0,1,-,0,39,0,,1.0,animal_record,Jul-Dec,Ondo,Ondo,Unchanged (already a state-level value),Ondo
2023,Jul-Dec 2023,Africa,Nigeria,Plateau,Rabies virus (Inf. with),RABV,Both animal categories,-,,-,38,,-,,-,,,,Rabies,-,-,-,38,-,-,-,38.0,,outbreak_row_BOTH,Jul-Dec,Plateau,Plateau,Unchanged (already a state-level value),Plateau
2023,Jul-Dec 2023,Africa,Nigeria,Plateau,Rabies virus (Inf. with),RABV,Domestic,-,Dogs,-,-,2283.0,Animal,38.0,35,0.0,3.0,0.0,Rabies,38,3,35,-,0,2283,0,,35.0,animal_record,Jul-Dec,Plateau,Plateau,Unchanged (already a state-level value),Plateau
2023,Jul-Dec 2023,Africa,Nigeria,Yobe,Rabies virus (Inf. with),RABV,Both animal categories,-,,-,1,,-,,-,,,,Rabies,-,-,-,1,-,-,-,1.0,,outbreak_row_BOTH,Jul-Dec,Yobe,Yobe,Unchanged (already a state-level value),Yobe
2023,Jul-Dec 2023,Africa,Nigeria,Yobe,Rabies virus (Inf. with),RABV,Domestic,-,Dogs,-,-,31.0,Animal,11.0,1,0.0,0.0,0.0,Rabies,11,0,1,-,0,31,0,,1.0,animal_record,Jul-Dec,Yobe,Yobe,Unchanged (already a state-level value),Yobe
2023,Jul-Dec 2023,Africa,Nigeria,Zamfara,Rabies virus (Inf. with),RABV,Both animal categories,-,,-,2,,-,,-,,,,Rabies,-,-,-,2,-,-,-,2.0,,outbreak_row_BOTH,Jul-Dec,Zamfara,Zamfara,Unchanged (already a state-level value),Zamfara
2023,Jul-Dec 2023,Africa,Nigeria,Zamfara,Rabies virus (Inf. with),RABV,Domestic,-,Dogs,-,-,37.0,Animal,1.0,1,0.0,0.0,0.0,Rabies,1,0,1,-,0,37,0,,1.0,animal_record,Jul-Dec,Zamfara,Zamfara,Unchanged (already a state-level value),Zamfara
2023,Jul-Dec 2023,Africa,Nigeria,Zamfara,Rabies virus (Inf. with),RABV,Domestic,-,Sheep,-,-,23.0,Animal,1.0,1,0.0,0.0,0.0,Rabies,1,0,1,-,0,23,0,,1.0,animal_record,Jul-Dec,Zamfara,Zamfara,Unchanged (already a state-level value),Zamfara
2024,Jan-Jun 2024,Africa,Nigeria,Akwa Ibom,Rabies virus (Inf. with),RABV,Domestic,-,,-,1,,-,,-,,,,Rabies,-,-,-,1,-,-,-,1.0,,outbreak_row_DOMESTIC,Jan-Jun,Akwa Ibom,Akwa Ibom,Unchanged (already a state-level value),Akwa Ibom
2024,Jan-Jun 2024,Africa,Nigeria,Akwa Ibom,Rabies virus (Inf. with),RABV,Domestic,-,Cats,-,-,15.0,Animal,1.0,0,0.0,1.0,0.0,Rabies,1,1,0,-,0,15,0,,0.0,animal_record,Jan-Jun,Akwa Ibom,Akwa Ibom,Unchanged (already a state-level value),Akwa Ibom
2024,Jan-Jun 2024,Africa,Nigeria,Bauchi,Rabies virus (Inf. with),RABV,Domestic,-,,-,3,,-,,-,,,,Rabies,-,-,-,3,-,-,-,3.0,,outbreak_row_DOMESTIC,Jan-Jun,Bauchi,Bauchi,Unchanged (already a state-level value),Bauchi
2024,Jan-Jun 2024,Africa,Nigeria,Bauchi,Rabies virus (Inf. with),RABV,Domestic,-,Dogs,-,-,78.0,Animal,3.0,3,0.0,1.0,0.0,Rabies,3,1,3,-,0,78,0,,3.0,animal_record,Jan-Jun,Bauchi,Bauchi,Unchanged (already a state-level value),Bauchi
2024,Jan-Jun 2024,Africa,Nigeria,Cross River,Rabies virus (Inf. with),RABV,Domestic,-,,-,1,,-,,-,,,,Rabies,-,-,-,1,-,-,-,1.0,,outbreak_row_DOMESTIC,Jan-Jun,Cross River,Cross River,Unchanged (already a state-level value),Cross River
2024,Jan-Jun 2024,Africa,Nigeria,Cross River,Rabies virus (Inf. with),RABV,Domestic,-,Dogs,-,-,38.0,Animal,1.0,1,0.0,0.0,0.0,Rabies,1,0,1,-,0,38,0,,1.0,animal_record,Jan-Jun,Cross River,Cross River,Unchanged (already a state-level value),Cross River
2024,Jan-Jun 2024,Africa,Nigeria,Delta,Rabies virus (Inf. with),RABV,Domestic,-,,-,2,,-,,-,,,,Rabies,-,-,-,2,-,-,-,2.0,,outbreak_row_DOMESTIC,Jan-Jun,Delta,Delta,Unchanged (already a state-level value),Delta
2024,Jan-Jun 2024,Africa,Nigeria,Delta,Rabies virus (Inf. with),RABV,Domestic,-,Dogs,-,-,42.0,Animal,2.0,2,0.0,0.0,0.0,Rabies,2,0,2,-,0,42,0,,2.0,animal_record,Jan-Jun,Delta,Delta,Unchanged (already a state-level value),Delta
2024,Jan-Jun 2024,Africa,Nigeria,Ebonyi,Rabies virus (Inf. with),RABV,Domestic,-,,-,1,,-,,-,,,,Rabies,-,-,-,1,-,-,-,1.0,,outbreak_row_DOMESTIC,Jan-Jun,Ebonyi,Ebonyi,Unchanged (already a state-level value),Ebonyi
2024,Jan-Jun 2024,Africa,Nigeria,Ebonyi,Rabies virus (Inf. with),RABV,Domestic,-,Dogs,-,-,17.0,Animal,1.0,1,0.0,0.0,0.0,Rabies,1,0,1,-,0,17,0,,1.0,animal_record,Jan-Jun,Ebonyi,Ebonyi,Unchanged (already a state-level value),Ebonyi
2024,Jan-Jun 2024,Africa,Nigeria,Federal Capital Territory,Rabies virus (Inf. with),RABV,Domestic,-,,-,1,,-,,-,,,,Rabies,-,-,-,1,-,-,-,1.0,,outbreak_row_DOMESTIC,Jan-Jun,Federal Capital Territory,Federal Capital Territory,Unchanged (already a state-level value),Federal Capital Territory
2024,Jan-Jun 2024,Africa,Nigeria,Federal Capital Territory,Rabies virus (Inf. with),RABV,Domestic,-,Dogs,-,-,3.0,Animal,1.0,1,0.0,0.0,0.0,Rabies,1,0,1,-,0,3,0,,1.0,animal_record,Jan-Jun,Federal Capital Territory,Federal Capital Territory,Unchanged (already a state-level value),Federal Capital Territory
2024,Jan-Jun 2024,Africa,Nigeria,Gombe,Rabies virus (Inf. with),RABV,Domestic,-,,-,5,,-,,-,,,,Rabies,-,-,-,5,-,-,-,5.0,,outbreak_row_DOMESTIC,Jan-Jun,Gombe,Gombe,Unchanged (already a state-level value),Gombe
2024,Jan-Jun 2024,Africa,Nigeria,Gombe,Rabies virus (Inf. with),RABV,Domestic,-,Dogs,-,-,79.0,Animal,5.0,4,0.0,1.0,0.0,Rabies,5,1,4,-,0,79,0,,4.0,animal_record,Jan-Jun,Gombe,Gombe,Unchanged (already a state-level value),Gombe
2024,Jan-Jun 2024,Africa,Nigeria,Gombe,Rabies virus (Inf. with),RABV,Domestic,-,Sheep,-,-,37.0,Animal,1.0,1,0.0,0.0,0.0,Rabies,1,0,1,-,0,37,0,,1.0,animal_record,Jan-Jun,Gombe,Gombe,Unchanged (already a state-level value),Gombe
2024,Jan-Jun 2024,Africa,Nigeria,Kaduna,Rabies virus (Inf. with),RABV,Domestic,-,,-,5,,-,,-,,,,Rabies,-,-,-,5,-,-,-,5.0,,outbreak_row_DOMESTIC,Jan-Jun,Kaduna,Kaduna,Unchanged (already a state-level value),Kaduna
2024,Jan-Jun 2024,Africa,Nigeria,Kaduna,Rabies virus (Inf. with),RABV,Domestic,-,Dogs,-,-,137.0,Animal,6.0,5,0.0,1.0,0.0,Rabies,6,1,5,-,0,137,0,,5.0,animal_record,Jan-Jun,Kaduna,Kaduna,Unchanged (already a state-level value),Kaduna
2024,Jan-Jun 2024,Africa,Nigeria,Kano,Rabies virus (Inf. with),RABV,Domestic,-,,-,9,,-,,-,,,,Rabies,-,-,-,9,-,-,-,9.0,,outbreak_row_DOMESTIC,Jan-Jun,Kano,Kano,Unchanged (already a state-level value),Kano
2024,Jan-Jun 2024,Africa,Nigeria,Kano,Rabies virus (Inf. with),RABV,Domestic,-,Dogs,-,-,267.0,Animal,10.0,8,0.0,2.0,0.0,Rabies,10,2,8,-,0,267,0,,8.0,animal_record,Jan-Jun,Kano,Kano,Unchanged (already a state-level value),Kano
2024,Jan-Jun 2024,Africa,Nigeria,Kebbi,High pathogenicity avian influenza viruses (Inf. with) (poultry),H5N1,Domestic,-,,-,1,,-,,-,,,,HPAI,-,-,-,1,-,-,-,1.0,,outbreak_row_DOMESTIC,Jan-Jun,Kebbi,Kebbi,Unchanged (already a state-level value),Kebbi
2024,Jan-Jun 2024,Africa,Nigeria,Kebbi,High pathogenicity avian influenza viruses (Inf. with) (poultry),H5N1,Domestic,-,Birds,-,-,14.0,Animal,14.0,4,0.0,10.0,0.0,HPAI,14,10,4,-,0,14,0,,4.0,animal_record,Jan-Jun,Kebbi,Kebbi,Unchanged (already a state-level value),Kebbi
2024,Jan-Jun 2024,Africa,Nigeria,Kebbi,Rabies virus (Inf. with),RABV,Domestic,-,,-,3,,-,,-,,,,Rabies,-,-,-,3,-,-,-,3.0,,outbreak_row_DOMESTIC,Jan-Jun,Kebbi,Kebbi,Unchanged (already a state-level value),Kebbi
2024,Jan-Jun 2024,Africa,Nigeria,Kebbi,Rabies virus (Inf. with),RABV,Domestic,-,Dogs,-,-,75.0,Animal,3.0,3,0.0,0.0,0.0,Rabies,3,0,3,-,0,75,0,,3.0,animal_record,Jan-Jun,Kebbi,Kebbi,Unchanged (already a state-level value),Kebbi
2024,Jan-Jun 2024,Africa,Nigeria,Niger,Rabies virus (Inf. with),RABV,Domestic,-,,-,2,,-,,-,,,,Rabies,-,-,-,2,-,-,-,2.0,,outbreak_row_DOMESTIC,Jan-Jun,Niger,Niger,Unchanged (already a state-level value),Niger
2024,Jan-Jun 2024,Africa,Nigeria,Niger,Rabies virus (Inf. with),RABV,Domestic,-,Dogs,-,-,50.0,Animal,2.0,1,0.0,1.0,0.0,Rabies,2,1,1,-,0,50,0,,1.0,animal_record,Jan-Jun,Niger,Niger,Unchanged (already a state-level value),Niger
2024,Jan-Jun 2024,Africa,Nigeria,Ogun,Rabies virus (Inf. with),RABV,Domestic,-,,-,1,,-,,-,,,,Rabies,-,-,-,1,-,-,-,1.0,,outbreak_row_DOMESTIC,Jan-Jun,Ogun,Ogun,Unchanged (already a state-level value),Ogun
2024,Jan-Jun 2024,Africa,Nigeria,Ogun,Rabies virus (Inf. with),RABV,Domestic,-,Cattle,-,-,75.0,Animal,1.0,1,0.0,0.0,0.0,Rabies,1,0,1,-,0,75,0,,1.0,animal_record,Jan-Jun,Ogun,Ogun,Unchanged (already a state-level value),Ogun
2024,Jan-Jun 2024,Africa,Nigeria,Plateau,High pathogenicity avian influenza viruses (Inf. with) (poultry),H5N1,Domestic,-,,-,2,,-,,-,,,,HPAI,-,-,-,2,-,-,-,2.0,,outbreak_row_DOMESTIC,Jan-Jun,Plateau,Plateau,Unchanged (already a state-level value),Plateau
2024,Jan-Jun 2024,Africa,Nigeria,Plateau,High pathogenicity avian influenza viruses (Inf. with) (poultry),H5N1,Domestic,-,Birds,-,-,2502.0,Animal,2502.0,2473,0.0,29.0,0.0,HPAI,2502,29,2473,-,0,2502,0,,2473.0,animal_record,Jan-Jun,Plateau,Plateau,Unchanged (already a state-level value),Plateau
2024,Jan-Jun 2024,Africa,Nigeria,Plateau,Rabies virus (Inf. with),RABV,Domestic,-,,-,45,,-,,-,,,,Rabies,-,-,-,45,-,-,-,45.0,,outbreak_row_DOMESTIC,Jan-Jun,Plateau,Plateau,Unchanged (already a state-level value),Plateau
2024,Jan-Jun 2024,Africa,Nigeria,Plateau,Rabies virus (Inf. with),RABV,Domestic,-,Dogs,-,-,823.0,Animal,45.0,38,0.0,7.0,0.0,Rabies,45,7,38,-,0,823,0,,38.0,animal_record,Jan-Jun,Plateau,Plateau,Unchanged (already a state-level value),Plateau
2024,Jan-Jun 2024,Africa,Nigeria,Taraba,Rabies virus (Inf. with),RABV,Domestic,-,,-,1,,-,,-,,,,Rabies,-,-,-,1,-,-,-,1.0,,outbreak_row_DOMESTIC,Jan-Jun,Taraba,Taraba,Unchanged (already a state-level value),Taraba
2024,Jan-Jun 2024,Africa,Nigeria,Taraba,Rabies virus (Inf. with),RABV,Domestic,-,Dogs,-,-,26.0,Animal,0.0,0,0.0,1.0,0.0,Rabies,0,1,0,-,0,26,0,,0.0,animal_record,Jan-Jun,Taraba,Taraba,Unchanged (already a state-level value),Taraba
2024,Jan-Jun 2024,Africa,Nigeria,Yobe,Rabies virus (Inf. with),RABV,Domestic,-,,-,2,,-,,-,,,,Rabies,-,-,-,2,-,-,-,2.0,,outbreak_row_DOMESTIC,Jan-Jun,Yobe,Yobe,Unchanged (already a state-level value),Yobe
2024,Jan-Jun 2024,Africa,Nigeria,Yobe,Rabies virus (Inf. with),RABV,Domestic,-,Dogs,-,-,47.0,Animal,2.0,1,0.0,1.0,0.0,Rabies,2,1,1,-,0,47,0,,1.0,animal_record,Jan-Jun,Yobe,Yobe,Unchanged (already a state-level value),Yobe
2024,Jan-Jun 2024,Africa,Nigeria,Zamfara,Rabies virus (Inf. with),RABV,Domestic,-,,-,1,,-,,-,,,,Rabies,-,-,-,1,-,-,-,1.0,,outbreak_row_DOMESTIC,Jan-Jun,Zamfara,Zamfara,Unchanged (already a state-level value),Zamfara
2024,Jan-Jun 2024,Africa,Nigeria,Zamfara,Rabies virus (Inf. with),RABV,Domestic,-,Dogs,-,-,21.0,Animal,1.0,1,0.0,0.0,0.0,Rabies,1,0,1,-,0,21,0,,1.0,animal_record,Jan-Jun,Zamfara,Zamfara,Unchanged (already a state-level value),Zamfara
2024,Jul-Dec 2024,Africa,Nigeria,Adamawa,Rabies virus (Inf. with),RABV,Domestic,-,,-,1,,-,,-,,,,Rabies,-,-,-,1,-,-,-,1.0,,outbreak_row_DOMESTIC,Jul-Dec,Adamawa,Adamawa,Unchanged (already a state-level value),Adamawa
2024,Jul-Dec 2024,Africa,Nigeria,Adamawa,Rabies virus (Inf. with),RABV,Domestic,-,Cats,-,-,7.0,Animal,1.0,1,0.0,0.0,0.0,Rabies,1,0,1,-,0,7,0,,1.0,animal_record,Jul-Dec,Adamawa,Adamawa,Unchanged (already a state-level value),Adamawa
2024,Jul-Dec 2024,Africa,Nigeria,Anambra,Rabies virus (Inf. with),RABV,Domestic,-,,-,1,,-,,-,,,,Rabies,-,-,-,1,-,-,-,1.0,,outbreak_row_DOMESTIC,Jul-Dec,Anambra,Anambra,Unchanged (already a state-level value),Anambra
2024,Jul-Dec 2024,Africa,Nigeria,Anambra,Rabies virus (Inf. with),RABV,Domestic,-,Dogs,-,-,11.0,Animal,1.0,1,0.0,0.0,0.0,Rabies,1,0,1,-,0,11,0,,1.0,animal_record,Jul-Dec,Anambra,Anambra,Unchanged (already a state-level value),Anambra
2024,Jul-Dec 2024,Africa,Nigeria,Bauchi,Rabies virus (Inf. with),RABV,Domestic,-,,-,5,,-,,-,,,,Rabies,-,-,-,5,-,-,-,5.0,,outbreak_row_DOMESTIC,Jul-Dec,Bauchi,Bauchi,Unchanged (already a state-level value),Bauchi
2024,Jul-Dec 2024,Africa,Nigeria,Bauchi,Rabies virus (Inf. with),RABV,Domestic,-,Dogs,-,-,52.0,Animal,5.0,5,0.0,0.0,0.0,Rabies,5,0,5,-,0,52,0,,5.0,animal_record,Jul-Dec,Bauchi,Bauchi,Unchanged (already a state-level value),Bauchi
2024,Jul-Dec 2024,Africa,Nigeria,Benue,Rabies virus (Inf. with),RABV,Domestic,-,,-,3,,-,,-,,,,Rabies,-,-,-,3,-,-,-,3.0,,outbreak_row_DOMESTIC,Jul-Dec,Benue,Benue,Unchanged (already a state-level value),Benue
2024,Jul-Dec 2024,Africa,Nigeria,Benue,Rabies virus (Inf. with),RABV,Domestic,-,Dogs,-,-,35.0,Animal,3.0,3,0.0,0.0,0.0,Rabies,3,0,3,-,0,35,0,,3.0,animal_record,Jul-Dec,Benue,Benue,Unchanged (already a state-level value),Benue
2024,Jul-Dec 2024,Africa,Nigeria,Cross River,Rabies virus (Inf. with),RABV,Domestic,-,,-,4,,-,,-,,,,Rabies,-,-,-,4,-,-,-,4.0,,outbreak_row_DOMESTIC,Jul-Dec,Cross River,Cross River,Unchanged (already a state-level value),Cross River
2024,Jul-Dec 2024,Africa,Nigeria,Cross River,Rabies virus (Inf. with),RABV,Domestic,-,Dogs,-,-,29.0,Animal,4.0,4,0.0,0.0,0.0,Rabies,4,0,4,-,0,29,0,,4.0,animal_record,Jul-Dec,Cross River,Cross River,Unchanged (already a state-level value),Cross River
2024,Jul-Dec 2024,Africa,Nigeria,Delta,High pathogenicity avian influenza viruses (Inf. with) (poultry),H5N1,Domestic,-,,-,1,,-,,-,,,,HPAI,-,-,-,1,-,-,-,1.0,,outbreak_row_DOMESTIC,Jul-Dec,Delta,Delta,Unchanged (already a state-level value),Delta
2024,Jul-Dec 2024,Africa,Nigeria,Delta,High pathogenicity avian influenza viruses (Inf. with) (poultry),H5N1,Domestic,-,Birds,-,-,1590.0,Animal,1590.0,0,0.0,1590.0,0.0,HPAI,1590,1590,0,-,0,1590,0,,0.0,animal_record,Jul-Dec,Delta,Delta,Unchanged (already a state-level value),Delta
2024,Jul-Dec 2024,Africa,Nigeria,Delta,Rabies virus (Inf. with),RABV,Domestic,-,Dogs,-,-,11.0,Animal,1.0,1,0.0,0.0,0.0,Rabies,1,0,1,-,0,11,0,,1.0,animal_record,Jul-Dec,Delta,Delta,Unchanged (already a state-level value),Delta
2024,Jul-Dec 2024,Africa,Nigeria,Gombe,Rabies virus (Inf. with),RABV,Domestic,-,,-,5,,-,,-,,,,Rabies,-,-,-,5,-,-,-,5.0,,outbreak_row_DOMESTIC,Jul-Dec,Gombe,Gombe,Unchanged (already a state-level value),Gombe
2024,Jul-Dec 2024,Africa,Nigeria,Gombe,Rabies virus (Inf. with),RABV,Domestic,-,Dogs,-,-,62.0,Animal,5.0,5,0.0,0.0,0.0,Rabies,5,0,5,-,0,62,0,,5.0,animal_record,Jul-Dec,Gombe,Gombe,Unchanged (already a state-level value),Gombe
2024,Jul-Dec 2024,Africa,Nigeria,Jigawa,Rabies virus (Inf. with),RABV,Domestic,-,,-,4,,-,,-,,,,Rabies,-,-,-,4,-,-,-,4.0,,outbreak_row_DOMESTIC,Jul-Dec,Jigawa,Jigawa,Unchanged (already a state-level value),Jigawa
2024,Jul-Dec 2024,Africa,Nigeria,Jigawa,Rabies virus (Inf. with),RABV,Domestic,-,Dogs,-,-,45.0,Animal,4.0,4,0.0,0.0,0.0,Rabies,4,0,4,-,0,45,0,,4.0,animal_record,Jul-Dec,Jigawa,Jigawa,Unchanged (already a state-level value),Jigawa
2024,Jul-Dec 2024,Africa,Nigeria,Kaduna,Rabies virus (Inf. with),RABV,Domestic,-,,-,9,,-,,-,,,,Rabies,-,-,-,9,-,-,-,9.0,,outbreak_row_DOMESTIC,Jul-Dec,Kaduna,Kaduna,Unchanged (already a state-level value),Kaduna
2024,Jul-Dec 2024,Africa,Nigeria,Kaduna,Rabies virus (Inf. with),RABV,Domestic,-,Dogs,-,-,84.0,Animal,8.0,8,0.0,0.0,0.0,Rabies,8,0,8,-,0,84,0,,8.0,animal_record,Jul-Dec,Kaduna,Kaduna,Unchanged (already a state-level value),Kaduna
2024,Jul-Dec 2024,Africa,Nigeria,Kaduna,Rabies virus (Inf. with),RABV,Domestic,-,Goats,-,-,12.0,Animal,1.0,1,0.0,0.0,0.0,Rabies,1,0,1,-,0,12,0,,1.0,animal_record,Jul-Dec,Kaduna,Kaduna,Unchanged (already a state-level value),Kaduna
2024,Jul-Dec 2024,Africa,Nigeria,Kano,High pathogenicity avian influenza viruses (Inf. with) (poultry),H5N1,Domestic,-,,-,1,,-,,-,,,,HPAI,-,-,-,1,-,-,-,1.0,,outbreak_row_DOMESTIC,Jul-Dec,Kano,Kano,Unchanged (already a state-level value),Kano
2024,Jul-Dec 2024,Africa,Nigeria,Kano,High pathogenicity avian influenza viruses (Inf. with) (poultry),H5N1,Domestic,-,Birds,-,-,50.0,Animal,50.0,43,0.0,7.0,0.0,HPAI,50,7,43,-,0,50,0,,43.0,animal_record,Jul-Dec,Kano,Kano,Unchanged (already a state-level value),Kano
2024,Jul-Dec 2024,Africa,Nigeria,Kano,Rabies virus (Inf. with),RABV,Domestic,-,Dogs,-,-,37.0,Animal,3.0,3,0.0,0.0,0.0,Rabies,3,0,3,-,0,37,0,,3.0,animal_record,Jul-Dec,Kano,Kano,Unchanged (already a state-level value),Kano
2024,Jul-Dec 2024,Africa,Nigeria,Kebbi,Rabies virus (Inf. with),RABV,Domestic,-,,-,2,,-,,-,,,,Rabies,-,-,-,2,-,-,-,2.0,,outbreak_row_DOMESTIC,Jul-Dec,Kebbi,Kebbi,Unchanged (already a state-level value),Kebbi
2024,Jul-Dec 2024,Africa,Nigeria,Kebbi,Rabies virus (Inf. with),RABV,Domestic,-,Dogs,-,-,27.0,Animal,2.0,2,0.0,0.0,0.0,Rabies,2,0,2,-,0,27,0,,2.0,animal_record,Jul-Dec,Kebbi,Kebbi,Unchanged (already a state-level value),Kebbi
2024,Jul-Dec 2024,Africa,Nigeria,Ogun,Rabies virus (Inf. with),RABV,Domestic,-,,-,2,,-,,-,,,,Rabies,-,-,-,2,-,-,-,2.0,,outbreak_row_DOMESTIC,Jul-Dec,Ogun,Ogun,Unchanged (already a state-level value),Ogun
2024,Jul-Dec 2024,Africa,Nigeria,Ogun,Rabies virus (Inf. with),RABV,Domestic,-,Dogs,-,-,14.0,Animal,2.0,2,0.0,0.0,0.0,Rabies,2,0,2,-,0,14,0,,2.0,animal_record,Jul-Dec,Ogun,Ogun,Unchanged (already a state-level value),Ogun
2024,Jul-Dec 2024,Africa,Nigeria,Osun,Rabies virus (Inf. with),RABV,Domestic,-,,-,1,,-,,-,,,,Rabies,-,-,-,1,-,-,-,1.0,,outbreak_row_DOMESTIC,Jul-Dec,Osun,Osun,Unchanged (already a state-level value),Osun
2024,Jul-Dec 2024,Africa,Nigeria,Osun,Rabies virus (Inf. with),RABV,Domestic,-,Dogs,-,-,8.0,Animal,1.0,1,0.0,0.0,0.0,Rabies,1,0,1,-,0,8,0,,1.0,animal_record,Jul-Dec,Osun,Osun,Unchanged (already a state-level value),Osun
2024,Jul-Dec 2024,Africa,Nigeria,Plateau,Rabies virus (Inf. with),RABV,Domestic,-,,-,60,,-,,-,,,,Rabies,-,-,-,60,-,-,-,60.0,,outbreak_row_DOMESTIC,Jul-Dec,Plateau,Plateau,Unchanged (already a state-level value),Plateau
2024,Jul-Dec 2024,Africa,Nigeria,Plateau,Rabies virus (Inf. with),RABV,Domestic,-,Dogs,-,-,648.0,Animal,57.0,52,0.0,5.0,1500.0,Rabies,57,5,52,-,0,648,1500,,52.0,animal_record,Jul-Dec,Plateau,Plateau,Unchanged (already a state-level value),Plateau
2024,Jul-Dec 2024,Africa,Nigeria,Plateau,Rabies virus (Inf. with),RABV,Domestic,-,Cats,-,-,12.0,Animal,3.0,3,0.0,0.0,0.0,Rabies,3,0,3,-,0,12,0,,3.0,animal_record,Jul-Dec,Plateau,Plateau,Unchanged (already a state-level value),Plateau
2024,Jul-Dec 2024,Africa,Nigeria,Sokoto,Rabies virus (Inf. with),RABV,Domestic,-,,-,1,,-,,-,,,,Rabies,-,-,-,1,-,-,-,1.0,,outbreak_row_DOMESTIC,Jul-Dec,Sokoto,Sokoto,Unchanged (already a state-level value),Sokoto
2024,Jul-Dec 2024,Africa,Nigeria,Sokoto,Rabies virus (Inf. with),RABV,Domestic,-,Dogs,-,-,12.0,Animal,1.0,1,0.0,0.0,0.0,Rabies,1,0,1,-,0,12,0,,1.0,animal_record,Jul-Dec,Sokoto,Sokoto,Unchanged (already a state-level value),Sokoto
2024,Jul-Dec 2024,Africa,Nigeria,Taraba,Rabies virus (Inf. with),RABV,Domestic,-,,-,1,,-,,-,,,,Rabies,-,-,-,1,-,-,-,1.0,,outbreak_row_DOMESTIC,Jul-Dec,Taraba,Taraba,Unchanged (already a state-level value),Taraba
2024,Jul-Dec 2024,Africa,Nigeria,Taraba,Rabies virus (Inf. with),RABV,Domestic,-,Dogs,-,-,11.0,Animal,1.0,1,0.0,0.0,0.0,Rabies,1,0,1,-,0,11,0,,1.0,animal_record,Jul-Dec,Taraba,Taraba,Unchanged (already a state-level value),Taraba
2024,Jul-Dec 2024,Africa,Nigeria,Zamfara,Rabies virus (Inf. with),RABV,Domestic,-,,-,2,,-,,-,,,,Rabies,-,-,-,2,-,-,-,2.0,,outbreak_row_DOMESTIC,Jul-Dec,Zamfara,Zamfara,Unchanged (already a state-level value),Zamfara
2024,Jul-Dec 2024,Africa,Nigeria,Zamfara,Rabies virus (Inf. with),RABV,Domestic,-,Dogs,-,-,24.0,Animal,2.0,2,0.0,0.0,0.0,Rabies,2,0,2,-,0,24,0,,2.0,animal_record,Jul-Dec,Zamfara,Zamfara,Unchanged (already a state-level value),Zamfara
2025,Jan-Jun 2025,Africa,Nigeria,Abia,Rabies virus (Inf. with),RABV,Domestic,-,,-,1,,-,,-,,,,Rabies,-,-,-,1,-,-,-,1.0,,outbreak_row_DOMESTIC,Jan-Jun,Abia,Abia,Unchanged (already a state-level value),Abia
2025,Jan-Jun 2025,Africa,Nigeria,Abia,Rabies virus (Inf. with),RABV,Domestic,-,Dogs,-,-,8.0,Animal,1.0,0,0.0,1.0,0.0,Rabies,1,1,0,-,0,8,0,,0.0,animal_record,Jan-Jun,Abia,Abia,Unchanged (already a state-level value),Abia
2025,Jan-Jun 2025,Africa,Nigeria,Adamawa,Rabies virus (Inf. with),RABV,Domestic,-,,-,1,,-,,-,,,,Rabies,-,-,-,1,-,-,-,1.0,,outbreak_row_DOMESTIC,Jan-Jun,Adamawa,Adamawa,Unchanged (already a state-level value),Adamawa
2025,Jan-Jun 2025,Africa,Nigeria,Adamawa,Rabies virus (Inf. with),RABV,Domestic,-,Dogs,-,-,13.0,Animal,1.0,1,0.0,0.0,0.0,Rabies,1,0,1,-,0,13,0,,1.0,animal_record,Jan-Jun,Adamawa,Adamawa,Unchanged (already a state-level value),Adamawa
2025,Jan-Jun 2025,Africa,Nigeria,Bauchi,Rabies virus (Inf. with),RABV,Domestic,-,,-,8,,-,,-,,,,Rabies,-,-,-,8,-,-,-,8.0,,outbreak_row_DOMESTIC,Jan-Jun,Bauchi,Bauchi,Unchanged (already a state-level value),Bauchi
2025,Jan-Jun 2025,Africa,Nigeria,Bauchi,Rabies virus (Inf. with),RABV,Domestic,-,Dogs,-,-,257.0,Animal,8.0,6,0.0,2.0,0.0,Rabies,8,2,6,-,0,257,0,,6.0,animal_record,Jan-Jun,Bauchi,Bauchi,Unchanged (already a state-level value),Bauchi
2025,Jan-Jun 2025,Africa,Nigeria,Benue,Rabies virus (Inf. with),RABV,Domestic,-,,-,3,,-,,-,,,,Rabies,-,-,-,3,-,-,-,3.0,,outbreak_row_DOMESTIC,Jan-Jun,Benue,Benue,Unchanged (already a state-level value),Benue
2025,Jan-Jun 2025,Africa,Nigeria,Benue,Rabies virus (Inf. with),RABV,Domestic,-,Dogs,-,-,18.0,Animal,3.0,2,0.0,1.0,0.0,Rabies,3,1,2,-,0,18,0,,2.0,animal_record,Jan-Jun,Benue,Benue,Unchanged (already a state-level value),Benue
2025,Jan-Jun 2025,Africa,Nigeria,Borno,Rabies virus (Inf. with),RABV,Domestic,-,,-,1,,-,,-,,,,Rabies,-,-,-,1,-,-,-,1.0,,outbreak_row_DOMESTIC,Jan-Jun,Borno,Borno,Unchanged (already a state-level value),Borno
2025,Jan-Jun 2025,Africa,Nigeria,Borno,Rabies virus (Inf. with),RABV,Domestic,-,Dogs,-,-,11.0,Animal,1.0,1,0.0,0.0,0.0,Rabies,1,0,1,-,0,11,0,,1.0,animal_record,Jan-Jun,Borno,Borno,Unchanged (already a state-level value),Borno
2025,Jan-Jun 2025,Africa,Nigeria,Cross River,Rabies virus (Inf. with),RABV,Domestic,-,,-,2,,-,,-,,,,Rabies,-,-,-,2,-,-,-,2.0,,outbreak_row_DOMESTIC,Jan-Jun,Cross River,Cross River,Unchanged (already a state-level value),Cross River
2025,Jan-Jun 2025,Africa,Nigeria,Cross River,Rabies virus (Inf. with),RABV,Domestic,-,Dogs,-,-,17.0,Animal,2.0,2,0.0,0.0,0.0,Rabies,2,0,2,-,0,17,0,,2.0,animal_record,Jan-Jun,Cross River,Cross River,Unchanged (already a state-level value),Cross River
2025,Jan-Jun 2025,Africa,Nigeria,Federal Capital Territory,High pathogenicity avian influenza viruses (Inf. with) (poultry),H5N1,Domestic,-,,-,2,,-,,-,,,,HPAI,-,-,-,2,-,-,-,2.0,,outbreak_row_DOMESTIC,Jan-Jun,Federal Capital Territory,Federal Capital Territory,Unchanged (already a state-level value),Federal Capital Territory
2025,Jan-Jun 2025,Africa,Nigeria,Federal Capital Territory,High pathogenicity avian influenza viruses (Inf. with) (poultry),H5N1,Domestic,-,Birds,-,-,7300.0,Animal,7300.0,6900,0.0,400.0,0.0,HPAI,7300,400,6900,-,0,7300,0,,6900.0,animal_record,Jan-Jun,Federal Capital Territory,Federal Capital Territory,Unchanged (already a state-level value),Federal Capital Territory
2025,Jan-Jun 2025,Africa,Nigeria,Federal Capital Territory,Rabies virus (Inf. with),RABV,Domestic,-,,-,1,,-,,-,,,,Rabies,-,-,-,1,-,-,-,1.0,,outbreak_row_DOMESTIC,Jan-Jun,Federal Capital Territory,Federal Capital Territory,Unchanged (already a state-level value),Federal Capital Territory
2025,Jan-Jun 2025,Africa,Nigeria,Federal Capital Territory,Rabies virus (Inf. with),RABV,Domestic,-,Dogs,-,-,15.0,Animal,1.0,0,0.0,1.0,0.0,Rabies,1,1,0,-,0,15,0,,0.0,animal_record,Jan-Jun,Federal Capital Territory,Federal Capital Territory,Unchanged (already a state-level value),Federal Capital Territory
2025,Jan-Jun 2025,Africa,Nigeria,Gombe,Rabies virus (Inf. with),RABV,Domestic,-,,-,4,,-,,-,,,,Rabies,-,-,-,4,-,-,-,4.0,,outbreak_row_DOMESTIC,Jan-Jun,Gombe,Gombe,Unchanged (already a state-level value),Gombe
2025,Jan-Jun 2025,Africa,Nigeria,Gombe,Rabies virus (Inf. with),RABV,Domestic,-,Dogs,-,-,51.0,Animal,3.0,2,0.0,1.0,0.0,Rabies,3,1,2,-,0,51,0,,2.0,animal_record,Jan-Jun,Gombe,Gombe,Unchanged (already a state-level value),Gombe
2025,Jan-Jun 2025,Africa,Nigeria,Gombe,Rabies virus (Inf. with),RABV,Domestic,-,Sheep,-,-,20.0,Animal,1.0,0,0.0,1.0,0.0,Rabies,1,1,0,-,0,20,0,,0.0,animal_record,Jan-Jun,Gombe,Gombe,Unchanged (already a state-level value),Gombe
2025,Jan-Jun 2025,Africa,Nigeria,Imo,Rabies virus (Inf. with),RABV,Domestic,-,,-,1,,-,,-,,,,Rabies,-,-,-,1,-,-,-,1.0,,outbreak_row_DOMESTIC,Jan-Jun,Imo,Imo,Unchanged (already a state-level value),Imo
2025,Jan-Jun 2025,Africa,Nigeria,Imo,Rabies virus (Inf. with),RABV,Domestic,-,Dogs,-,-,13.0,Animal,1.0,1,0.0,0.0,0.0,Rabies,1,0,1,-,0,13,0,,1.0,animal_record,Jan-Jun,Imo,Imo,Unchanged (already a state-level value),Imo
2025,Jan-Jun 2025,Africa,Nigeria,Jigawa,Rabies virus (Inf. with),RABV,Domestic,-,,-,2,,-,,-,,,,Rabies,-,-,-,2,-,-,-,2.0,,outbreak_row_DOMESTIC,Jan-Jun,Jigawa,Jigawa,Unchanged (already a state-level value),Jigawa
2025,Jan-Jun 2025,Africa,Nigeria,Jigawa,Rabies virus (Inf. with),RABV,Domestic,-,Dogs,-,-,26.0,Animal,2.0,2,0.0,0.0,0.0,Rabies,2,0,2,-,0,26,0,,2.0,animal_record,Jan-Jun,Jigawa,Jigawa,Unchanged (already a state-level value),Jigawa
2025,Jan-Jun 2025,Africa,Nigeria,Kaduna,High pathogenicity avian influenza viruses (Inf. with) (poultry),H5N1,Domestic,-,,-,2,,-,,-,,,,HPAI,-,-,-,2,-,-,-,2.0,,outbreak_row_DOMESTIC,Jan-Jun,Kaduna,Kaduna,Unchanged (already a state-level value),Kaduna
2025,Jan-Jun 2025,Africa,Nigeria,Kaduna,High pathogenicity avian influenza viruses (Inf. with) (poultry),H5N1,Domestic,-,Birds,-,-,66500.0,Animal,66500.0,64243,0.0,2257.0,0.0,HPAI,66500,2257,64243,-,0,66500,0,,64243.0,animal_record,Jan-Jun,Kaduna,Kaduna,Unchanged (already a state-level value),Kaduna
2025,Jan-Jun 2025,Africa,Nigeria,Kaduna,Rabies virus (Inf. with),RABV,Domestic,-,,-,4,,-,,-,,,,Rabies,-,-,-,4,-,-,-,4.0,,outbreak_row_DOMESTIC,Jan-Jun,Kaduna,Kaduna,Unchanged (already a state-level value),Kaduna
2025,Jan-Jun 2025,Africa,Nigeria,Kaduna,Rabies virus (Inf. with),RABV,Domestic,-,Dogs,-,-,99.0,Animal,4.0,3,0.0,1.0,0.0,Rabies,4,1,3,-,0,99,0,,3.0,animal_record,Jan-Jun,Kaduna,Kaduna,Unchanged (already a state-level value),Kaduna
2025,Jan-Jun 2025,Africa,Nigeria,Kano,High pathogenicity avian influenza viruses (Inf. with) (poultry),H5N1,Domestic,-,,-,10,,-,,-,,,,HPAI,-,-,-,10,-,-,-,10.0,,outbreak_row_DOMESTIC,Jan-Jun,Kano,Kano,Unchanged (already a state-level value),Kano
2025,Jan-Jun 2025,Africa,Nigeria,Kano,High pathogenicity avian influenza viruses (Inf. with) (poultry),H5N1,Domestic,-,Birds,-,-,9621.0,Animal,9621.0,7929,0.0,1692.0,0.0,HPAI,9621,1692,7929,-,0,9621,0,,7929.0,animal_record,Jan-Jun,Kano,Kano,Unchanged (already a state-level value),Kano
2025,Jan-Jun 2025,Africa,Nigeria,Kano,Rabies virus (Inf. with),RABV,Domestic,-,,-,3,,-,,-,,,,Rabies,-,-,-,3,-,-,-,3.0,,outbreak_row_DOMESTIC,Jan-Jun,Kano,Kano,Unchanged (already a state-level value),Kano
2025,Jan-Jun 2025,Africa,Nigeria,Kano,Rabies virus (Inf. with),RABV,Domestic,-,Dogs,-,-,51.0,Animal,3.0,2,0.0,1.0,0.0,Rabies,3,1,2,-,0,51,0,,2.0,animal_record,Jan-Jun,Kano,Kano,Unchanged (already a state-level value),Kano
2025,Jan-Jun 2025,Africa,Nigeria,Katsina,High pathogenicity avian influenza viruses (Inf. with) (poultry),H5N1,Domestic,-,,-,1,,-,,-,,,,HPAI,-,-,-,1,-,-,-,1.0,,outbreak_row_DOMESTIC,Jan-Jun,Katsina,Katsina,Unchanged (already a state-level value),Katsina
2025,Jan-Jun 2025,Africa,Nigeria,Katsina,High pathogenicity avian influenza viruses (Inf. with) (poultry),H5N1,Domestic,-,Birds,-,-,325.0,Animal,325.0,160,,165.0,,HPAI,325,165,160,-,-,325,-,,160.0,animal_record,Jan-Jun,Katsina,Katsina,Unchanged (already a state-level value),Katsina
2025,Jan-Jun 2025,Africa,Nigeria,Kwara,Rabies virus (Inf. with),RABV,Domestic,-,,-,1,,-,,-,,,,Rabies,-,-,-,1,-,-,-,1.0,,outbreak_row_DOMESTIC,Jan-Jun,Kwara,Kwara,Unchanged (already a state-level value),Kwara
2025,Jan-Jun 2025,Africa,Nigeria,Kwara,Rabies virus (Inf. with),RABV,Domestic,-,Dogs,-,-,23.0,Animal,1.0,1,0.0,0.0,0.0,Rabies,1,0,1,-,0,23,0,,1.0,animal_record,Jan-Jun,Kwara,Kwara,Unchanged (already a state-level value),Kwara
2025,Jan-Jun 2025,Africa,Nigeria,Osun,Rabies virus (Inf. with),RABV,Domestic,-,,-,2,,-,,-,,,,Rabies,-,-,-,2,-,-,-,2.0,,outbreak_row_DOMESTIC,Jan-Jun,Osun,Osun,Unchanged (already a state-level value),Osun
2025,Jan-Jun 2025,Africa,Nigeria,Osun,Rabies virus (Inf. with),RABV,Domestic,-,Dogs,-,-,23.0,Animal,2.0,2,0.0,0.0,0.0,Rabies,2,0,2,-,0,23,0,,2.0,animal_record,Jan-Jun,Osun,Osun,Unchanged (already a state-level value),Osun
2025,Jan-Jun 2025,Africa,Nigeria,Plateau,High pathogenicity avian influenza viruses (Inf. with) (poultry),H5N1,Domestic,-,,-,2,,-,,-,,,,HPAI,-,-,-,2,-,-,-,2.0,,outbreak_row_DOMESTIC,Jan-Jun,Plateau,Plateau,Unchanged (already a state-level value),Plateau
2025,Jan-Jun 2025,Africa,Nigeria,Plateau,High pathogenicity avian influenza viruses (Inf. with) (poultry),H5N1,Domestic,-,Birds,-,-,3300.0,Animal,3300.0,2500,0.0,800.0,0.0,HPAI,3300,800,2500,-,0,3300,0,,2500.0,animal_record,Jan-Jun,Plateau,Plateau,Unchanged (already a state-level value),Plateau
2025,Jan-Jun 2025,Africa,Nigeria,Plateau,Rabies virus (Inf. with),RABV,Domestic,-,,-,39,,-,,-,,,,Rabies,-,-,-,39,-,-,-,39.0,,outbreak_row_DOMESTIC,Jan-Jun,Plateau,Plateau,Unchanged (already a state-level value),Plateau
2025,Jan-Jun 2025,Africa,Nigeria,Plateau,Rabies virus (Inf. with),RABV,Domestic,-,Dogs,-,-,814.0,Animal,38.0,33,0.0,6.0,0.0,Rabies,38,6,33,-,0,814,0,,33.0,animal_record,Jan-Jun,Plateau,Plateau,Unchanged (already a state-level value),Plateau
2025,Jan-Jun 2025,Africa,Nigeria,Plateau,Rabies virus (Inf. with),RABV,Domestic,-,Cats,-,-,5.0,Animal,1.0,1,0.0,0.0,0.0,Rabies,1,0,1,-,0,5,0,,1.0,animal_record,Jan-Jun,Plateau,Plateau,Unchanged (already a state-level value),Plateau
2025,Jan-Jun 2025,Africa,Nigeria,Zamfara,High pathogenicity avian influenza viruses (Inf. with) (poultry),H5N1,Domestic,-,,-,1,,-,,-,,,,HPAI,-,-,-,1,-,-,-,1.0,,outbreak_row_DOMESTIC,Jan-Jun,Zamfara,Zamfara,Unchanged (already a state-level value),Zamfara
2025,Jan-Jun 2025,Africa,Nigeria,Zamfara,High pathogenicity avian influenza viruses (Inf. with) (poultry),H5N1,Domestic,-,Birds,-,-,6500.0,Animal,6500.0,2830,0.0,3670.0,0.0,HPAI,6500,3670,2830,-,0,6500,0,,2830.0,animal_record,Jan-Jun,Zamfara,Zamfara,Unchanged (already a state-level value),Zamfara
2025,Jul-Dec 2025,Africa,Nigeria,Bauchi,Rabies virus (Inf. with),RABV,Domestic,-,,-,7,,-,,-,,,,Rabies,-,-,-,7,-,-,-,7.0,,outbreak_row_DOMESTIC,Jul-Dec,Bauchi,Bauchi,Unchanged (already a state-level value),Bauchi
2025,Jul-Dec 2025,Africa,Nigeria,Bauchi,Rabies virus (Inf. with),RABV,Domestic,-,Dogs,-,-,53.0,Animal,6.0,3,0.0,3.0,0.0,Rabies,6,3,3,-,0,53,0,,3.0,animal_record,Jul-Dec,Bauchi,Bauchi,Unchanged (already a state-level value),Bauchi
2025,Jul-Dec 2025,Africa,Nigeria,Bauchi,Rabies virus (Inf. with),RABV,Domestic,-,Cattle,-,-,27.0,Animal,1.0,0,0.0,1.0,0.0,Rabies,1,1,0,-,0,27,0,,0.0,animal_record,Jul-Dec,Bauchi,Bauchi,Unchanged (already a state-level value),Bauchi
2025,Jul-Dec 2025,Africa,Nigeria,Benue,Rabies virus (Inf. with),RABV,Domestic,-,,-,4,,-,,-,,,,Rabies,-,-,-,4,-,-,-,4.0,,outbreak_row_DOMESTIC,Jul-Dec,Benue,Benue,Unchanged (already a state-level value),Benue
2025,Jul-Dec 2025,Africa,Nigeria,Benue,Rabies virus (Inf. with),RABV,Domestic,-,Dogs,-,-,36.0,Animal,4.0,0,0.0,4.0,0.0,Rabies,4,4,0,-,0,36,0,,0.0,animal_record,Jul-Dec,Benue,Benue,Unchanged (already a state-level value),Benue
2025,Jul-Dec 2025,Africa,Nigeria,Gombe,Rabies virus (Inf. with),RABV,Domestic,-,,-,1,,-,,-,,,,Rabies,-,-,-,1,-,-,-,1.0,,outbreak_row_DOMESTIC,Jul-Dec,Gombe,Gombe,Unchanged (already a state-level value),Gombe
2025,Jul-Dec 2025,Africa,Nigeria,Gombe,Rabies virus (Inf. with),RABV,Domestic,-,Dogs,-,-,8.0,Animal,1.0,0,0.0,1.0,0.0,Rabies,1,1,0,-,0,8,0,,0.0,animal_record,Jul-Dec,Gombe,Gombe,Unchanged (already a state-level value),Gombe
2025,Jul-Dec 2025,Africa,Nigeria,Jigawa,Rabies virus (Inf. with),RABV,Domestic,-,,-,1,,-,,-,,,,Rabies,-,-,-,1,-,-,-,1.0,,outbreak_row_DOMESTIC,Jul-Dec,Jigawa,Jigawa,Unchanged (already a state-level value),Jigawa
2025,Jul-Dec 2025,Africa,Nigeria,Jigawa,Rabies virus (Inf. with),RABV,Domestic,-,Dogs,-,-,12.0,Animal,1.0,0,0.0,1.0,0.0,Rabies,1,1,0,-,0,12,0,,0.0,animal_record,Jul-Dec,Jigawa,Jigawa,Unchanged (already a state-level value),Jigawa
2025,Jul-Dec 2025,Africa,Nigeria,Kaduna,Rabies virus (Inf. with),RABV,Domestic,-,,-,7,,-,,-,,,,Rabies,-,-,-,7,-,-,-,7.0,,outbreak_row_DOMESTIC,Jul-Dec,Kaduna,Kaduna,Unchanged (already a state-level value),Kaduna
2025,Jul-Dec 2025,Africa,Nigeria,Kaduna,Rabies virus (Inf. with),RABV,Domestic,-,Dogs,-,-,70.0,Animal,7.0,3,0.0,4.0,0.0,Rabies,7,4,3,-,0,70,0,,3.0,animal_record,Jul-Dec,Kaduna,Kaduna,Unchanged (already a state-level value),Kaduna
2025,Jul-Dec 2025,Africa,Nigeria,Kano,High pathogenicity avian influenza viruses (Inf. with) (poultry),H5N1,Domestic,-,,-,1,,-,,-,,,,HPAI,-,-,-,1,-,-,-,1.0,,outbreak_row_DOMESTIC,Jul-Dec,Kano,Kano,Unchanged (already a state-level value),Kano
2025,Jul-Dec 2025,Africa,Nigeria,Kano,High pathogenicity avian influenza viruses (Inf. with) (poultry),H5N1,Domestic,-,Birds,-,-,2958.0,Animal,2958.0,2274,0.0,684.0,0.0,HPAI,2958,684,2274,-,0,2958,0,,2274.0,animal_record,Jul-Dec,Kano,Kano,Unchanged (already a state-level value),Kano
2025,Jul-Dec 2025,Africa,Nigeria,Kano,Rabies virus (Inf. with),RABV,Domestic,-,,-,5,,-,,-,,,,Rabies,-,-,-,5,-,-,-,5.0,,outbreak_row_DOMESTIC,Jul-Dec,Kano,Kano,Unchanged (already a state-level value),Kano
2025,Jul-Dec 2025,Africa,Nigeria,Kano,Rabies virus (Inf. with),RABV,Domestic,-,Dogs,-,-,67.0,Animal,5.0,2,0.0,3.0,0.0,Rabies,5,3,2,-,0,67,0,,2.0,animal_record,Jul-Dec,Kano,Kano,Unchanged (already a state-level value),Kano
2025,Jul-Dec 2025,Africa,Nigeria,Katsina,Rabies virus (Inf. with),RABV,Domestic,-,,-,1,,-,,-,,,,Rabies,-,-,-,1,-,-,-,1.0,,outbreak_row_DOMESTIC,Jul-Dec,Katsina,Katsina,Unchanged (already a state-level value),Katsina
2025,Jul-Dec 2025,Africa,Nigeria,Katsina,Rabies virus (Inf. with),RABV,Domestic,-,Goats,-,-,23.0,Animal,1.0,0,0.0,1.0,0.0,Rabies,1,1,0,-,0,23,0,,0.0,animal_record,Jul-Dec,Katsina,Katsina,Unchanged (already a state-level value),Katsina
2025,Jul-Dec 2025,Africa,Nigeria,Kebbi,High pathogenicity avian influenza viruses (Inf. with) (poultry),H5N1,Domestic,-,,-,1,,-,,-,,,,HPAI,-,-,-,1,-,-,-,1.0,,outbreak_row_DOMESTIC,Jul-Dec,Kebbi,Kebbi,Unchanged (already a state-level value),Kebbi
2025,Jul-Dec 2025,Africa,Nigeria,Kebbi,High pathogenicity avian influenza viruses (Inf. with) (poultry),H5N1,Domestic,-,Birds,-,-,13425.0,Animal,13425.0,12739,0.0,686.0,0.0,HPAI,13425,686,12739,-,0,13425,0,,12739.0,animal_record,Jul-Dec,Kebbi,Kebbi,Unchanged (already a state-level value),Kebbi
2025,Jul-Dec 2025,Africa,Nigeria,Ogun,High pathogenicity avian influenza viruses (Inf. with) (poultry),H5N1,Domestic,-,,-,1,,-,,-,,,,HPAI,-,-,-,1,-,-,-,1.0,,outbreak_row_DOMESTIC,Jul-Dec,Ogun,Ogun,Unchanged (already a state-level value),Ogun
2025,Jul-Dec 2025,Africa,Nigeria,Ogun,High pathogenicity avian influenza viruses (Inf. with) (poultry),H5N1,Domestic,-,Birds,-,-,6500.0,Animal,6200.0,300,0.0,6200.0,0.0,HPAI,6200,6200,300,-,0,6500,0,,300.0,animal_record,Jul-Dec,Ogun,Ogun,Unchanged (already a state-level value),Ogun
2025,Jul-Dec 2025,Africa,Nigeria,Plateau,High pathogenicity avian influenza viruses (Inf. with) (poultry),H5N1,Domestic,-,,-,1,,-,,-,,,,HPAI,-,-,-,1,-,-,-,1.0,,outbreak_row_DOMESTIC,Jul-Dec,Plateau,Plateau,Unchanged (already a state-level value),Plateau
2025,Jul-Dec 2025,Africa,Nigeria,Plateau,High pathogenicity avian influenza viruses (Inf. with) (poultry),H5N1,Domestic,-,Birds,-,-,216.0,Animal,216.0,166,0.0,50.0,0.0,HPAI,216,50,166,-,0,216,0,,166.0,animal_record,Jul-Dec,Plateau,Plateau,Unchanged (already a state-level value),Plateau
2025,Jul-Dec 2025,Africa,Nigeria,Plateau,Rabies virus (Inf. with),RABV,Domestic,-,,-,19,,-,,-,,,,Rabies,-,-,-,19,-,-,-,19.0,,outbreak_row_DOMESTIC,Jul-Dec,Plateau,Plateau,Unchanged (already a state-level value),Plateau
2025,Jul-Dec 2025,Africa,Nigeria,Plateau,Rabies virus (Inf. with),RABV,Domestic,-,Dogs,-,-,144.0,Animal,14.0,7,0.0,7.0,0.0,Rabies,14,7,7,-,0,144,0,,7.0,animal_record,Jul-Dec,Plateau,Plateau,Unchanged (already a state-level value),Plateau
2025,Jul-Dec 2025,Africa,Nigeria,Plateau,Rabies virus (Inf. with),RABV,Domestic,-,Cats,-,-,22.0,Animal,4.0,1,0.0,3.0,0.0,Rabies,4,3,1,-,0,22,0,,1.0,animal_record,Jul-Dec,Plateau,Plateau,Unchanged (already a state-level value),Plateau
2025,Jul-Dec 2025,Africa,Nigeria,Plateau,Rabies virus (Inf. with),RABV,Domestic,-,Goats,-,-,21.0,Animal,1.0,1,0.0,0.0,0.0,Rabies,1,0,1,-,0,21,0,,1.0,animal_record,Jul-Dec,Plateau,Plateau,Unchanged (already a state-level value),Plateau
2025,Jul-Dec 2025,Africa,Nigeria,Sokoto,Rabies virus (Inf. with),RABV,Domestic,-,,-,1,,-,,-,,,,Rabies,-,-,-,1,-,-,-,1.0,,outbreak_row_DOMESTIC,Jul-Dec,Sokoto,Sokoto,Unchanged (already a state-level value),Sokoto
2025,Jul-Dec 2025,Africa,Nigeria,Sokoto,Rabies virus (Inf. with),RABV,Domestic,-,Dogs,-,-,11.0,Animal,1.0,1,0.0,0.0,0.0,Rabies,1,0,1,-,0,11,0,,1.0,animal_record,Jul-Dec,Sokoto,Sokoto,Unchanged (already a state-level value),Sokoto
2025,Jul-Dec 2025,Africa,Nigeria,Taraba,High pathogenicity avian influenza viruses (Inf. with) (poultry),H5N1,Domestic,-,,-,14,,-,,-,,,,HPAI,-,-,-,14,-,-,-,14.0,,outbreak_row_DOMESTIC,Jul-Dec,Taraba,Taraba,Unchanged (already a state-level value),Taraba
2025,Jul-Dec 2025,Africa,Nigeria,Taraba,High pathogenicity avian influenza viruses (Inf. with) (poultry),H5N1,Domestic,-,Birds,-,-,687.0,Animal,687.0,311,0.0,376.0,0.0,HPAI,687,376,311,-,0,687,0,,311.0,animal_record,Jul-Dec,Taraba,Taraba,Unchanged (already a state-level value),Taraba
2025,Jul-Dec 2025,Africa,Nigeria,Yobe,Rabies virus (Inf. with),RABV,Domestic,-,,-,3,,-,,-,,,,Rabies,-,-,-,3,-,-,-,3.0,,outbreak_row_DOMESTIC,Jul-Dec,Yobe,Yobe,Unchanged (already a state-level value),Yobe
2025,Jul-Dec 2025,Africa,Nigeria,Yobe,Rabies virus (Inf. with),RABV,Domestic,-,Dogs,-,-,35.0,Animal,3.0,1,0.0,2.0,0.0,Rabies,3,2,1,-,0,35,0,,1.0,animal_record,Jul-Dec,Yobe,Yobe,Unchanged (already a state-level value),Yobe
2025,Jul-Dec 2025,Africa,Nigeria,Zamfara,Rabies virus (Inf. with),RABV,Domestic,-,,-,3,,-,,-,,,,Rabies,-,-,-,3,-,-,-,3.0,,outbreak_row_DOMESTIC,Jul-Dec,Zamfara,Zamfara,Unchanged (already a state-level value),Zamfara
2025,Jul-Dec 2025,Africa,Nigeria,Zamfara,Rabies virus (Inf. with),RABV,Domestic,-,Goats,-,-,17.0,Animal,1.0,0,0.0,1.0,0.0,Rabies,1,1,0,-,0,17,0,,0.0,animal_record,Jul-Dec,Zamfara,Zamfara,Unchanged (already a state-level value),Zamfara
2025,Jul-Dec 2025,Africa,Nigeria,Zamfara,Rabies virus (Inf. with),RABV,Domestic,-,Dogs,-,-,16.0,Animal,2.0,0,0.0,2.0,0.0,Rabies,2,2,0,-,0,16,0,,0.0,animal_record,Jul-Dec,Zamfara,Zamfara,Unchanged (already a state-level value),Zamfara
