FacilityKey,MonthDate,IndicatorKey,Value,ValueStatus
1,2026-01-01,1,318,Reported
1,2026-01-01,2,119,Reported
1,2026-01-01,3,17,Reported
1,2026-01-01,4,0,Reported zero
1,2026-01-01,5,9,Reported
1,2026-01-01,6,2,Reported
1,2026-01-01,7,1,Reported
1,2026-01-01,8,4,Reported
1,2026-01-01,9,6,Reported
1,2026-01-01,10,2,Reported
1,2026-01-01,11,191,Reported
1,2026-01-01,12,50,Reported
1,2026-01-01,13,86,Reported
1,2026-01-01,14,8,Reported
1,2026-01-01,15,,Not captured on form
1,2026-01-01,16,,Not captured on form
1,2026-01-01,17,,Not captured on form
1,2026-01-01,18,,Not captured on form
1,2026-01-01,19,,Not captured on form
1,2026-01-01,20,,Not captured on form
1,2026-01-01,21,30,Reported
1,2026-01-01,22,20,Reported
1,2026-01-01,23,20,Reported
1,2026-01-01,24,100,Reported
1,2026-01-01,25,81,Reported
1,2026-01-01,26,81,Reported
1,2026-01-01,27,1,Reported
1,2026-02-01,1,324,Reported
1,2026-02-01,2,94,Reported
1,2026-02-01,3,16,Reported
1,2026-02-01,4,2,Reported
1,2026-02-01,5,6,Reported
1,2026-02-01,6,8,Reported
1,2026-02-01,7,6,Reported
1,2026-02-01,8,4,Reported
1,2026-02-01,9,4,Reported
1,2026-02-01,10,2,Reported
1,2026-02-01,11,223,Reported
1,2026-02-01,12,61,Reported
1,2026-02-01,13,90,Reported
1,2026-02-01,14,5,Reported
1,2026-02-01,15,,Not captured on form
1,2026-02-01,16,,Not captured on form
1,2026-02-01,17,,Not captured on form
1,2026-02-01,18,,Not captured on form
1,2026-02-01,19,,Not captured on form
1,2026-02-01,20,,Not captured on form
1,2026-02-01,21,36,Reported
1,2026-02-01,22,4,Reported
1,2026-02-01,23,4,Reported
1,2026-02-01,24,58,Reported
1,2026-02-01,25,14,Reported
1,2026-02-01,26,14,Reported
1,2026-02-01,27,2,Reported
1,2026-03-01,1,,No report submitted
1,2026-03-01,2,,No report submitted
1,2026-03-01,3,,No report submitted
1,2026-03-01,4,,No report submitted
1,2026-03-01,5,,No report submitted
1,2026-03-01,6,,No report submitted
1,2026-03-01,7,,No report submitted
1,2026-03-01,8,,No report submitted
1,2026-03-01,9,,No report submitted
1,2026-03-01,10,,No report submitted
1,2026-03-01,11,,No report submitted
1,2026-03-01,12,,No report submitted
1,2026-03-01,13,,No report submitted
1,2026-03-01,14,,No report submitted
1,2026-03-01,15,,No report submitted
1,2026-03-01,16,,No report submitted
1,2026-03-01,17,,No report submitted
1,2026-03-01,18,,No report submitted
1,2026-03-01,19,,No report submitted
1,2026-03-01,20,,No report submitted
1,2026-03-01,21,,No report submitted
1,2026-03-01,22,,No report submitted
1,2026-03-01,23,,No report submitted
1,2026-03-01,24,,No report submitted
1,2026-03-01,25,,No report submitted
1,2026-03-01,26,,No report submitted
1,2026-03-01,27,,No report submitted
1,2026-04-01,1,,No report submitted
1,2026-04-01,2,,No report submitted
1,2026-04-01,3,,No report submitted
1,2026-04-01,4,,No report submitted
1,2026-04-01,5,,No report submitted
1,2026-04-01,6,,No report submitted
1,2026-04-01,7,,No report submitted
1,2026-04-01,8,,No report submitted
1,2026-04-01,9,,No report submitted
1,2026-04-01,10,,No report submitted
1,2026-04-01,11,,No report submitted
1,2026-04-01,12,,No report submitted
1,2026-04-01,13,,No report submitted
1,2026-04-01,14,,No report submitted
1,2026-04-01,15,,No report submitted
1,2026-04-01,16,,No report submitted
1,2026-04-01,17,,No report submitted
1,2026-04-01,18,,No report submitted
1,2026-04-01,19,,No report submitted
1,2026-04-01,20,,No report submitted
1,2026-04-01,21,,No report submitted
1,2026-04-01,22,,No report submitted
1,2026-04-01,23,,No report submitted
1,2026-04-01,24,,No report submitted
1,2026-04-01,25,,No report submitted
1,2026-04-01,26,,No report submitted
1,2026-04-01,27,,No report submitted
1,2026-05-01,1,,No report submitted
1,2026-05-01,2,,No report submitted
1,2026-05-01,3,,No report submitted
1,2026-05-01,4,,No report submitted
1,2026-05-01,5,,No report submitted
1,2026-05-01,6,,No report submitted
1,2026-05-01,7,,No report submitted
1,2026-05-01,8,,No report submitted
1,2026-05-01,9,,No report submitted
1,2026-05-01,10,,No report submitted
1,2026-05-01,11,,No report submitted
1,2026-05-01,12,,No report submitted
1,2026-05-01,13,,No report submitted
1,2026-05-01,14,,No report submitted
1,2026-05-01,15,,No report submitted
1,2026-05-01,16,,No report submitted
1,2026-05-01,17,,No report submitted
1,2026-05-01,18,,No report submitted
1,2026-05-01,19,,No report submitted
1,2026-05-01,20,,No report submitted
1,2026-05-01,21,,No report submitted
1,2026-05-01,22,,No report submitted
1,2026-05-01,23,,No report submitted
1,2026-05-01,24,,No report submitted
1,2026-05-01,25,,No report submitted
1,2026-05-01,26,,No report submitted
1,2026-05-01,27,,No report submitted
1,2026-06-01,1,,No report submitted
1,2026-06-01,2,,No report submitted
1,2026-06-01,3,,No report submitted
1,2026-06-01,4,,No report submitted
1,2026-06-01,5,,No report submitted
1,2026-06-01,6,,No report submitted
1,2026-06-01,7,,No report submitted
1,2026-06-01,8,,No report submitted
1,2026-06-01,9,,No report submitted
1,2026-06-01,10,,No report submitted
1,2026-06-01,11,,No report submitted
1,2026-06-01,12,,No report submitted
1,2026-06-01,13,,No report submitted
1,2026-06-01,14,,No report submitted
1,2026-06-01,15,,No report submitted
1,2026-06-01,16,,No report submitted
1,2026-06-01,17,,No report submitted
1,2026-06-01,18,,No report submitted
1,2026-06-01,19,,No report submitted
1,2026-06-01,20,,No report submitted
1,2026-06-01,21,,No report submitted
1,2026-06-01,22,,No report submitted
1,2026-06-01,23,,No report submitted
1,2026-06-01,24,,No report submitted
1,2026-06-01,25,,No report submitted
1,2026-06-01,26,,No report submitted
1,2026-06-01,27,,No report submitted
1,2026-07-01,1,,No report submitted
1,2026-07-01,2,,No report submitted
1,2026-07-01,3,,No report submitted
1,2026-07-01,4,,No report submitted
1,2026-07-01,5,,No report submitted
1,2026-07-01,6,,No report submitted
1,2026-07-01,7,,No report submitted
1,2026-07-01,8,,No report submitted
1,2026-07-01,9,,No report submitted
1,2026-07-01,10,,No report submitted
1,2026-07-01,11,,No report submitted
1,2026-07-01,12,,No report submitted
1,2026-07-01,13,,No report submitted
1,2026-07-01,14,,No report submitted
1,2026-07-01,15,,No report submitted
1,2026-07-01,16,,No report submitted
1,2026-07-01,17,,No report submitted
1,2026-07-01,18,,No report submitted
1,2026-07-01,19,,No report submitted
1,2026-07-01,20,,No report submitted
1,2026-07-01,21,,No report submitted
1,2026-07-01,22,,No report submitted
1,2026-07-01,23,,No report submitted
1,2026-07-01,24,,No report submitted
1,2026-07-01,25,,No report submitted
1,2026-07-01,26,,No report submitted
1,2026-07-01,27,,No report submitted
1,2026-08-01,1,,No report submitted
1,2026-08-01,2,,No report submitted
1,2026-08-01,3,,No report submitted
1,2026-08-01,4,,No report submitted
1,2026-08-01,5,,No report submitted
1,2026-08-01,6,,No report submitted
1,2026-08-01,7,,No report submitted
1,2026-08-01,8,,No report submitted
1,2026-08-01,9,,No report submitted
1,2026-08-01,10,,No report submitted
1,2026-08-01,11,,No report submitted
1,2026-08-01,12,,No report submitted
1,2026-08-01,13,,No report submitted
1,2026-08-01,14,,No report submitted
1,2026-08-01,15,,No report submitted
1,2026-08-01,16,,No report submitted
1,2026-08-01,17,,No report submitted
1,2026-08-01,18,,No report submitted
1,2026-08-01,19,,No report submitted
1,2026-08-01,20,,No report submitted
1,2026-08-01,21,,No report submitted
1,2026-08-01,22,,No report submitted
1,2026-08-01,23,,No report submitted
1,2026-08-01,24,,No report submitted
1,2026-08-01,25,,No report submitted
1,2026-08-01,26,,No report submitted
1,2026-08-01,27,,No report submitted
1,2026-09-01,1,,No report submitted
1,2026-09-01,2,,No report submitted
1,2026-09-01,3,,No report submitted
1,2026-09-01,4,,No report submitted
1,2026-09-01,5,,No report submitted
1,2026-09-01,6,,No report submitted
1,2026-09-01,7,,No report submitted
1,2026-09-01,8,,No report submitted
1,2026-09-01,9,,No report submitted
1,2026-09-01,10,,No report submitted
1,2026-09-01,11,,No report submitted
1,2026-09-01,12,,No report submitted
1,2026-09-01,13,,No report submitted
1,2026-09-01,14,,No report submitted
1,2026-09-01,15,,No report submitted
1,2026-09-01,16,,No report submitted
1,2026-09-01,17,,No report submitted
1,2026-09-01,18,,No report submitted
1,2026-09-01,19,,No report submitted
1,2026-09-01,20,,No report submitted
1,2026-09-01,21,,No report submitted
1,2026-09-01,22,,No report submitted
1,2026-09-01,23,,No report submitted
1,2026-09-01,24,,No report submitted
1,2026-09-01,25,,No report submitted
1,2026-09-01,26,,No report submitted
1,2026-09-01,27,,No report submitted
2,2026-01-01,1,573,Reported
2,2026-01-01,2,573,Reported
2,2026-01-01,3,197,Reported
2,2026-01-01,4,56,Reported
2,2026-01-01,5,25,Reported
2,2026-01-01,6,0,Reported zero
2,2026-01-01,7,59,Reported
2,2026-01-01,8,38,Reported
2,2026-01-01,9,17,Reported
2,2026-01-01,10,11,Reported
2,2026-01-01,11,649,Reported
2,2026-01-01,12,70,Reported
2,2026-01-01,13,50,Reported
2,2026-01-01,14,45,Reported
2,2026-01-01,15,,Not captured on form
2,2026-01-01,16,,Not captured on form
2,2026-01-01,17,,Not captured on form
2,2026-01-01,18,,Not captured on form
2,2026-01-01,19,,Not captured on form
2,2026-01-01,20,,Not captured on form
2,2026-01-01,21,54,Reported
2,2026-01-01,22,35,Reported
2,2026-01-01,23,35,Reported
2,2026-01-01,24,202,Reported
2,2026-01-01,25,54,Reported
2,2026-01-01,26,54,Reported
2,2026-01-01,27,8,Reported
2,2026-02-01,1,365,Reported
2,2026-02-01,2,121,Reported
2,2026-02-01,3,122,Reported
2,2026-02-01,4,32,Reported
2,2026-02-01,5,12,Reported
2,2026-02-01,6,2,Reported
2,2026-02-01,7,28,Reported
2,2026-02-01,8,24,Reported
2,2026-02-01,9,12,Reported
2,2026-02-01,10,9,Reported
2,2026-02-01,11,538,Reported
2,2026-02-01,12,68,Reported
2,2026-02-01,13,43,Reported
2,2026-02-01,14,4,Reported
2,2026-02-01,15,,Not captured on form
2,2026-02-01,16,,Not captured on form
2,2026-02-01,17,,Not captured on form
2,2026-02-01,18,,Not captured on form
2,2026-02-01,19,,Not captured on form
2,2026-02-01,20,,Not captured on form
2,2026-02-01,21,43,Reported
2,2026-02-01,22,21,Reported
2,2026-02-01,23,21,Reported
2,2026-02-01,24,60,Reported
2,2026-02-01,25,38,Reported
2,2026-02-01,26,38,Reported
2,2026-02-01,27,4,Reported
2,2026-03-01,1,415,Reported
2,2026-03-01,2,232,Reported
2,2026-03-01,3,197,Reported
2,2026-03-01,4,134,Reported
2,2026-03-01,5,29,Reported
2,2026-03-01,6,5,Reported
2,2026-03-01,7,41,Reported
2,2026-03-01,8,28,Reported
2,2026-03-01,9,12,Reported
2,2026-03-01,10,6,Reported
2,2026-03-01,11,832,Reported
2,2026-03-01,12,113,Reported
2,2026-03-01,13,31,Reported
2,2026-03-01,14,15,Reported
2,2026-03-01,15,,Not captured on form
2,2026-03-01,16,,Not captured on form
2,2026-03-01,17,,Not captured on form
2,2026-03-01,18,,Not captured on form
2,2026-03-01,19,,Not captured on form
2,2026-03-01,20,,Not captured on form
2,2026-03-01,21,19,Reported
2,2026-03-01,22,8,Reported
2,2026-03-01,23,8,Reported
2,2026-03-01,24,35,Reported
2,2026-03-01,25,16,Reported
2,2026-03-01,26,16,Reported
2,2026-03-01,27,0,Reported zero
2,2026-04-01,1,286,Reported
2,2026-04-01,2,180,Reported
2,2026-04-01,3,231,Reported
2,2026-04-01,4,55,Reported
2,2026-04-01,5,28,Reported
2,2026-04-01,6,11,Reported
2,2026-04-01,7,45,Reported
2,2026-04-01,8,29,Reported
2,2026-04-01,9,19,Reported
2,2026-04-01,10,17,Reported
2,2026-04-01,11,647,Reported
2,2026-04-01,12,97,Reported
2,2026-04-01,13,7,Reported
2,2026-04-01,14,7,Reported
2,2026-04-01,15,,Not captured on form
2,2026-04-01,16,,Not captured on form
2,2026-04-01,17,,Not captured on form
2,2026-04-01,18,,Not captured on form
2,2026-04-01,19,,Not captured on form
2,2026-04-01,20,,Not captured on form
2,2026-04-01,21,20,Reported
2,2026-04-01,22,20,Reported
2,2026-04-01,23,20,Reported
2,2026-04-01,24,40,Reported
2,2026-04-01,25,40,Reported
2,2026-04-01,26,40,Reported
2,2026-04-01,27,5,Reported
2,2026-05-01,1,280,Reported
2,2026-05-01,2,220,Reported
2,2026-05-01,3,192,Reported
2,2026-05-01,4,58,Reported
2,2026-05-01,5,25,Reported
2,2026-05-01,6,3,Reported
2,2026-05-01,7,28,Reported
2,2026-05-01,8,24,Reported
2,2026-05-01,9,11,Reported
2,2026-05-01,10,4,Reported
2,2026-05-01,11,1072,Reported
2,2026-05-01,12,194,Reported
2,2026-05-01,13,26,Reported
2,2026-05-01,14,26,Reported
2,2026-05-01,15,,Not captured on form
2,2026-05-01,16,,Not captured on form
2,2026-05-01,17,,Not captured on form
2,2026-05-01,18,,Not captured on form
2,2026-05-01,19,,Not captured on form
2,2026-05-01,20,,Not captured on form
2,2026-05-01,21,46,Reported
2,2026-05-01,22,25,Reported
2,2026-05-01,23,25,Reported
2,2026-05-01,24,151,Reported
2,2026-05-01,25,92,Reported
2,2026-05-01,26,92,Reported
2,2026-05-01,27,1,Reported
2,2026-06-01,1,498,Reported
2,2026-06-01,2,225,Reported
2,2026-06-01,3,203,Reported
2,2026-06-01,4,52,Reported
2,2026-06-01,5,22,Reported
2,2026-06-01,6,8,Reported
2,2026-06-01,7,48,Reported
2,2026-06-01,8,42,Reported
2,2026-06-01,9,20,Reported
2,2026-06-01,10,17,Reported
2,2026-06-01,11,2412,Reported
2,2026-06-01,12,151,Reported
2,2026-06-01,13,8,Reported
2,2026-06-01,14,8,Reported
2,2026-06-01,15,7,Reported
2,2026-06-01,16,0,Reported zero
2,2026-06-01,17,2,Reported
2,2026-06-01,18,32,Reported
2,2026-06-01,19,7,Reported
2,2026-06-01,20,2,Reported
2,2026-06-01,21,20,Reported
2,2026-06-01,22,20,Reported
2,2026-06-01,23,20,Reported
2,2026-06-01,24,59,Reported
2,2026-06-01,25,59,Reported
2,2026-06-01,26,59,Reported
2,2026-06-01,27,9,Reported
2,2026-07-01,1,667,Reported
2,2026-07-01,2,250,Reported
2,2026-07-01,3,182,Reported
2,2026-07-01,4,28,Reported
2,2026-07-01,5,19,Reported
2,2026-07-01,6,6,Reported
2,2026-07-01,7,51,Reported
2,2026-07-01,8,26,Reported
2,2026-07-01,9,12,Reported
2,2026-07-01,10,17,Reported
2,2026-07-01,11,828,Reported
2,2026-07-01,12,69,Reported
2,2026-07-01,13,34,Reported
2,2026-07-01,14,2,Reported
2,2026-07-01,15,0,Reported zero
2,2026-07-01,16,0,Reported zero
2,2026-07-01,17,0,Reported zero
2,2026-07-01,18,20,Reported
2,2026-07-01,19,14,Reported
2,2026-07-01,20,0,Reported zero
2,2026-07-01,21,30,Reported
2,2026-07-01,22,21,Reported
2,2026-07-01,23,21,Reported
2,2026-07-01,24,157,Reported
2,2026-07-01,25,94,Reported
2,2026-07-01,26,94,Reported
2,2026-07-01,27,7,Reported
2,2026-08-01,1,569,Reported
2,2026-08-01,2,330,Reported
2,2026-08-01,3,202,Reported
2,2026-08-01,4,42,Reported
2,2026-08-01,5,25,Reported
2,2026-08-01,6,6,Reported
2,2026-08-01,7,33,Reported
2,2026-08-01,8,46,Reported
2,2026-08-01,9,14,Reported
2,2026-08-01,10,18,Reported
2,2026-08-01,11,910,Reported
2,2026-08-01,12,180,Reported
2,2026-08-01,13,43,Reported
2,2026-08-01,14,6,Reported
2,2026-08-01,15,3,Reported
2,2026-08-01,16,0,Reported zero
2,2026-08-01,17,3,Reported
2,2026-08-01,18,18,Reported
2,2026-08-01,19,16,Reported
2,2026-08-01,20,0,Reported zero
2,2026-08-01,21,55,Reported
2,2026-08-01,22,37,Reported
2,2026-08-01,23,37,Reported
2,2026-08-01,24,230,Reported
2,2026-08-01,25,151,Reported
2,2026-08-01,26,151,Reported
2,2026-08-01,27,10,Reported
2,2026-09-01,1,495,Reported
2,2026-09-01,2,257,Reported
2,2026-09-01,3,246,Reported
2,2026-09-01,4,54,Reported
2,2026-09-01,5,34,Reported
2,2026-09-01,6,5,Reported
2,2026-09-01,7,40,Reported
2,2026-09-01,8,33,Reported
2,2026-09-01,9,22,Reported
2,2026-09-01,10,13,Reported
2,2026-09-01,11,1185,Reported
2,2026-09-01,12,187,Reported
2,2026-09-01,13,49,Reported
2,2026-09-01,14,49,Reported
2,2026-09-01,15,2,Reported
2,2026-09-01,16,0,Reported zero
2,2026-09-01,17,3,Reported
2,2026-09-01,18,32,Reported
2,2026-09-01,19,12,Reported
2,2026-09-01,20,0,Reported zero
2,2026-09-01,21,25,Reported
2,2026-09-01,22,15,Reported
2,2026-09-01,23,15,Reported
2,2026-09-01,24,142,Reported
2,2026-09-01,25,95,Reported
2,2026-09-01,26,95,Reported
2,2026-09-01,27,11,Reported
3,2026-01-01,1,96,Reported
3,2026-01-01,2,35,Reported
3,2026-01-01,3,1,Reported
3,2026-01-01,4,1,Reported
3,2026-01-01,5,0,Reported zero
3,2026-01-01,6,0,Reported zero
3,2026-01-01,7,8,Reported
3,2026-01-01,8,7,Reported
3,2026-01-01,9,6,Reported
3,2026-01-01,10,0,Reported zero
3,2026-01-01,11,98,Reported
3,2026-01-01,12,6,Reported
3,2026-01-01,13,27,Reported
3,2026-01-01,14,27,Reported
3,2026-01-01,15,,Not captured on form
3,2026-01-01,16,,Not captured on form
3,2026-01-01,17,,Not captured on form
3,2026-01-01,18,,Not captured on form
3,2026-01-01,19,,Not captured on form
3,2026-01-01,20,,Not captured on form
3,2026-01-01,21,25,Reported
3,2026-01-01,22,20,Reported
3,2026-01-01,23,20,Reported
3,2026-01-01,24,80,Reported
3,2026-01-01,25,55,Reported
3,2026-01-01,26,55,Reported
3,2026-01-01,27,2,Reported
3,2026-02-01,1,120,Reported
3,2026-02-01,2,42,Reported
3,2026-02-01,3,3,Reported
3,2026-02-01,4,2,Reported
3,2026-02-01,5,1,Reported
3,2026-02-01,6,0,Reported zero
3,2026-02-01,7,7,Reported
3,2026-02-01,8,4,Reported
3,2026-02-01,9,3,Reported
3,2026-02-01,10,0,Reported zero
3,2026-02-01,11,75,Reported
3,2026-02-01,12,6,Reported
3,2026-02-01,13,28,Reported
3,2026-02-01,14,25,Reported
3,2026-02-01,15,,Not captured on form
3,2026-02-01,16,,Not captured on form
3,2026-02-01,17,,Not captured on form
3,2026-02-01,18,,Not captured on form
3,2026-02-01,19,,Not captured on form
3,2026-02-01,20,,Not captured on form
3,2026-02-01,21,5,Reported
3,2026-02-01,22,3,Reported
3,2026-02-01,23,3,Reported
3,2026-02-01,24,25,Reported
3,2026-02-01,25,24,Reported
3,2026-02-01,26,24,Reported
3,2026-02-01,27,3,Reported
3,2026-03-01,1,168,Reported
3,2026-03-01,2,57,Reported
3,2026-03-01,3,21,Reported
3,2026-03-01,4,21,Reported
3,2026-03-01,5,15,Reported
3,2026-03-01,6,0,Reported zero
3,2026-03-01,7,10,Reported
3,2026-03-01,8,9,Reported
3,2026-03-01,9,7,Reported
3,2026-03-01,10,0,Reported zero
3,2026-03-01,11,103,Reported
3,2026-03-01,12,8,Reported
3,2026-03-01,13,38,Reported
3,2026-03-01,14,29,Reported
3,2026-03-01,15,,Not captured on form
3,2026-03-01,16,,Not captured on form
3,2026-03-01,17,,Not captured on form
3,2026-03-01,18,,Not captured on form
3,2026-03-01,19,,Not captured on form
3,2026-03-01,20,,Not captured on form
3,2026-03-01,21,35,Reported
3,2026-03-01,22,30,Reported
3,2026-03-01,23,30,Reported
3,2026-03-01,24,95,Reported
3,2026-03-01,25,72,Reported
3,2026-03-01,26,72,Reported
3,2026-03-01,27,4,Reported
3,2026-04-01,1,180,Reported
3,2026-04-01,2,80,Reported
3,2026-04-01,3,3,Reported
3,2026-04-01,4,3,Reported
3,2026-04-01,5,0,Reported zero
3,2026-04-01,6,0,Reported zero
3,2026-04-01,7,12,Reported
3,2026-04-01,8,10,Reported
3,2026-04-01,9,8,Reported
3,2026-04-01,10,0,Reported zero
3,2026-04-01,11,112,Reported
3,2026-04-01,12,7,Reported
3,2026-04-01,13,13,Reported
3,2026-04-01,14,11,Reported
3,2026-04-01,15,,Not captured on form
3,2026-04-01,16,,Not captured on form
3,2026-04-01,17,,Not captured on form
3,2026-04-01,18,,Not captured on form
3,2026-04-01,19,,Not captured on form
3,2026-04-01,20,,Not captured on form
3,2026-04-01,21,50,Reported
3,2026-04-01,22,35,Reported
3,2026-04-01,23,35,Reported
3,2026-04-01,24,80,Reported
3,2026-04-01,25,60,Reported
3,2026-04-01,26,60,Reported
3,2026-04-01,27,4,Reported
3,2026-05-01,1,72,Reported
3,2026-05-01,2,56,Reported
3,2026-05-01,3,3,Reported
3,2026-05-01,4,3,Reported
3,2026-05-01,5,3,Reported
3,2026-05-01,6,3,Reported
3,2026-05-01,7,6,Reported
3,2026-05-01,8,7,Reported
3,2026-05-01,9,8,Reported
3,2026-05-01,10,1,Reported
3,2026-05-01,11,162,Reported
3,2026-05-01,12,7,Reported
3,2026-05-01,13,50,Reported
3,2026-05-01,14,30,Reported
3,2026-05-01,15,,Not captured on form
3,2026-05-01,16,,Not captured on form
3,2026-05-01,17,,Not captured on form
3,2026-05-01,18,,Not captured on form
3,2026-05-01,19,,Not captured on form
3,2026-05-01,20,,Not captured on form
3,2026-05-01,21,35,Reported
3,2026-05-01,22,25,Reported
3,2026-05-01,23,25,Reported
3,2026-05-01,24,72,Reported
3,2026-05-01,25,56,Reported
3,2026-05-01,26,56,Reported
3,2026-05-01,27,4,Reported
3,2026-06-01,1,270,Reported
3,2026-06-01,2,83,Reported
3,2026-06-01,3,5,Reported
3,2026-06-01,4,2,Reported
3,2026-06-01,5,1,Reported
3,2026-06-01,6,0,Reported zero
3,2026-06-01,7,30,Reported
3,2026-06-01,8,27,Reported
3,2026-06-01,9,23,Reported
3,2026-06-01,10,1,Reported
3,2026-06-01,11,256,Reported
3,2026-06-01,12,6,Reported
3,2026-06-01,13,50,Reported
3,2026-06-01,14,40,Reported
3,2026-06-01,15,15,Reported
3,2026-06-01,16,0,Reported zero
3,2026-06-01,17,3,Reported
3,2026-06-01,18,10,Reported
3,2026-06-01,19,5,Reported
3,2026-06-01,20,0,Reported zero
3,2026-06-01,21,50,Reported
3,2026-06-01,22,35,Reported
3,2026-06-01,23,35,Reported
3,2026-06-01,24,140,Reported
3,2026-06-01,25,105,Reported
3,2026-06-01,26,105,Reported
3,2026-06-01,27,4,Reported
3,2026-07-01,1,110,Reported
3,2026-07-01,2,10,Reported
3,2026-07-01,3,28,Reported
3,2026-07-01,4,10,Reported
3,2026-07-01,5,8,Reported
3,2026-07-01,6,10,Reported
3,2026-07-01,7,10,Reported
3,2026-07-01,8,8,Reported
3,2026-07-01,9,10,Reported
3,2026-07-01,10,1,Reported
3,2026-07-01,11,123,Reported
3,2026-07-01,12,9,Reported
3,2026-07-01,13,50,Reported
3,2026-07-01,14,50,Reported
3,2026-07-01,15,30,Reported
3,2026-07-01,16,20,Reported
3,2026-07-01,17,4,Reported
3,2026-07-01,18,7,Reported
3,2026-07-01,19,9,Reported
3,2026-07-01,20,0,Reported zero
3,2026-07-01,21,25,Reported
3,2026-07-01,22,20,Reported
3,2026-07-01,23,20,Reported
3,2026-07-01,24,85,Reported
3,2026-07-01,25,65,Reported
3,2026-07-01,26,65,Reported
3,2026-07-01,27,2,Reported
3,2026-08-01,1,104,Reported
3,2026-08-01,2,64,Reported
3,2026-08-01,3,0,Reported zero
3,2026-08-01,4,0,Reported zero
3,2026-08-01,5,0,Reported zero
3,2026-08-01,6,0,Reported zero
3,2026-08-01,7,11,Reported
3,2026-08-01,8,8,Reported
3,2026-08-01,9,7,Reported
3,2026-08-01,10,0,Reported zero
3,2026-08-01,11,92,Reported
3,2026-08-01,12,9,Reported
3,2026-08-01,13,50,Reported
3,2026-08-01,14,30,Reported
3,2026-08-01,15,19,Reported
3,2026-08-01,16,0,Reported zero
3,2026-08-01,17,4,Reported
3,2026-08-01,18,5,Reported
3,2026-08-01,19,4,Reported
3,2026-08-01,20,0,Reported zero
3,2026-08-01,21,25,Reported
3,2026-08-01,22,20,Reported
3,2026-08-01,23,20,Reported
3,2026-08-01,24,85,Reported
3,2026-08-01,25,65,Reported
3,2026-08-01,26,65,Reported
3,2026-08-01,27,3,Reported
3,2026-09-01,1,86,Reported
3,2026-09-01,2,35,Reported
3,2026-09-01,3,4,Reported
3,2026-09-01,4,6,Reported
3,2026-09-01,5,5,Reported
3,2026-09-01,6,6,Reported
3,2026-09-01,7,10,Reported
3,2026-09-01,8,7,Reported
3,2026-09-01,9,8,Reported
3,2026-09-01,10,0,Reported zero
3,2026-09-01,11,114,Reported
3,2026-09-01,12,10,Reported
3,2026-09-01,13,60,Reported
3,2026-09-01,14,55,Reported
3,2026-09-01,15,35,Reported
3,2026-09-01,16,2,Reported
3,2026-09-01,17,4,Reported
3,2026-09-01,18,5,Reported
3,2026-09-01,19,2,Reported
3,2026-09-01,20,0,Reported zero
3,2026-09-01,21,40,Reported
3,2026-09-01,22,28,Reported
3,2026-09-01,23,28,Reported
3,2026-09-01,24,68,Reported
3,2026-09-01,25,50,Reported
3,2026-09-01,26,50,Reported
3,2026-09-01,27,4,Reported
4,2026-01-01,1,222,Reported
4,2026-01-01,2,0,Reported zero
4,2026-01-01,3,0,Reported zero
4,2026-01-01,4,0,Reported zero
4,2026-01-01,5,0,Reported zero
4,2026-01-01,6,0,Reported zero
4,2026-01-01,7,0,Reported zero
4,2026-01-01,8,0,Reported zero
4,2026-01-01,9,0,Reported zero
4,2026-01-01,10,0,Reported zero
4,2026-01-01,11,76,Reported
4,2026-01-01,12,8,Reported
4,2026-01-01,13,15,Reported
4,2026-01-01,14,9,Reported
4,2026-01-01,15,,Not captured on form
4,2026-01-01,16,,Not captured on form
4,2026-01-01,17,,Not captured on form
4,2026-01-01,18,,Not captured on form
4,2026-01-01,19,,Not captured on form
4,2026-01-01,20,,Not captured on form
4,2026-01-01,21,0,Reported zero
4,2026-01-01,22,0,Reported zero
4,2026-01-01,23,0,Reported zero
4,2026-01-01,24,3,Reported
4,2026-01-01,25,3,Reported
4,2026-01-01,26,3,Reported
4,2026-01-01,27,0,Reported zero
4,2026-02-01,1,146,Reported
4,2026-02-01,2,15,Reported
4,2026-02-01,3,0,Reported zero
4,2026-02-01,4,0,Reported zero
4,2026-02-01,5,0,Reported zero
4,2026-02-01,6,0,Reported zero
4,2026-02-01,7,0,Reported zero
4,2026-02-01,8,0,Reported zero
4,2026-02-01,9,0,Reported zero
4,2026-02-01,10,0,Reported zero
4,2026-02-01,11,93,Reported
4,2026-02-01,12,14,Reported
4,2026-02-01,13,26,Reported
4,2026-02-01,14,12,Reported
4,2026-02-01,15,,Not captured on form
4,2026-02-01,16,,Not captured on form
4,2026-02-01,17,,Not captured on form
4,2026-02-01,18,,Not captured on form
4,2026-02-01,19,,Not captured on form
4,2026-02-01,20,,Not captured on form
4,2026-02-01,21,5,Reported
4,2026-02-01,22,5,Reported
4,2026-02-01,23,5,Reported
4,2026-02-01,24,3,Reported
4,2026-02-01,25,3,Reported
4,2026-02-01,26,3,Reported
4,2026-02-01,27,0,Reported zero
4,2026-03-01,1,195,Reported
4,2026-03-01,2,0,Reported zero
4,2026-03-01,3,1,Reported
4,2026-03-01,4,1,Reported
4,2026-03-01,5,0,Reported zero
4,2026-03-01,6,0,Reported zero
4,2026-03-01,7,1,Reported
4,2026-03-01,8,0,Reported zero
4,2026-03-01,9,0,Reported zero
4,2026-03-01,10,0,Reported zero
4,2026-03-01,11,190,Reported
4,2026-03-01,12,21,Reported
4,2026-03-01,13,18,Reported
4,2026-03-01,14,8,Reported
4,2026-03-01,15,,Not captured on form
4,2026-03-01,16,,Not captured on form
4,2026-03-01,17,,Not captured on form
4,2026-03-01,18,,Not captured on form
4,2026-03-01,19,,Not captured on form
4,2026-03-01,20,,Not captured on form
4,2026-03-01,21,4,Reported
4,2026-03-01,22,4,Reported
4,2026-03-01,23,4,Reported
4,2026-03-01,24,3,Reported
4,2026-03-01,25,3,Reported
4,2026-03-01,26,3,Reported
4,2026-03-01,27,6,Reported
4,2026-04-01,1,,No report submitted
4,2026-04-01,2,,No report submitted
4,2026-04-01,3,,No report submitted
4,2026-04-01,4,,No report submitted
4,2026-04-01,5,,No report submitted
4,2026-04-01,6,,No report submitted
4,2026-04-01,7,,No report submitted
4,2026-04-01,8,,No report submitted
4,2026-04-01,9,,No report submitted
4,2026-04-01,10,,No report submitted
4,2026-04-01,11,,No report submitted
4,2026-04-01,12,,No report submitted
4,2026-04-01,13,,No report submitted
4,2026-04-01,14,,No report submitted
4,2026-04-01,15,,No report submitted
4,2026-04-01,16,,No report submitted
4,2026-04-01,17,,No report submitted
4,2026-04-01,18,,No report submitted
4,2026-04-01,19,,No report submitted
4,2026-04-01,20,,No report submitted
4,2026-04-01,21,,No report submitted
4,2026-04-01,22,,No report submitted
4,2026-04-01,23,,No report submitted
4,2026-04-01,24,,No report submitted
4,2026-04-01,25,,No report submitted
4,2026-04-01,26,,No report submitted
4,2026-04-01,27,,No report submitted
4,2026-05-01,1,,No report submitted
4,2026-05-01,2,,No report submitted
4,2026-05-01,3,,No report submitted
4,2026-05-01,4,,No report submitted
4,2026-05-01,5,,No report submitted
4,2026-05-01,6,,No report submitted
4,2026-05-01,7,,No report submitted
4,2026-05-01,8,,No report submitted
4,2026-05-01,9,,No report submitted
4,2026-05-01,10,,No report submitted
4,2026-05-01,11,,No report submitted
4,2026-05-01,12,,No report submitted
4,2026-05-01,13,,No report submitted
4,2026-05-01,14,,No report submitted
4,2026-05-01,15,,No report submitted
4,2026-05-01,16,,No report submitted
4,2026-05-01,17,,No report submitted
4,2026-05-01,18,,No report submitted
4,2026-05-01,19,,No report submitted
4,2026-05-01,20,,No report submitted
4,2026-05-01,21,,No report submitted
4,2026-05-01,22,,No report submitted
4,2026-05-01,23,,No report submitted
4,2026-05-01,24,,No report submitted
4,2026-05-01,25,,No report submitted
4,2026-05-01,26,,No report submitted
4,2026-05-01,27,,No report submitted
4,2026-06-01,1,,No report submitted
4,2026-06-01,2,,No report submitted
4,2026-06-01,3,,No report submitted
4,2026-06-01,4,,No report submitted
4,2026-06-01,5,,No report submitted
4,2026-06-01,6,,No report submitted
4,2026-06-01,7,,No report submitted
4,2026-06-01,8,,No report submitted
4,2026-06-01,9,,No report submitted
4,2026-06-01,10,,No report submitted
4,2026-06-01,11,,No report submitted
4,2026-06-01,12,,No report submitted
4,2026-06-01,13,,No report submitted
4,2026-06-01,14,,No report submitted
4,2026-06-01,15,,No report submitted
4,2026-06-01,16,,No report submitted
4,2026-06-01,17,,No report submitted
4,2026-06-01,18,,No report submitted
4,2026-06-01,19,,No report submitted
4,2026-06-01,20,,No report submitted
4,2026-06-01,21,,No report submitted
4,2026-06-01,22,,No report submitted
4,2026-06-01,23,,No report submitted
4,2026-06-01,24,,No report submitted
4,2026-06-01,25,,No report submitted
4,2026-06-01,26,,No report submitted
4,2026-06-01,27,,No report submitted
4,2026-07-01,1,,No report submitted
4,2026-07-01,2,,No report submitted
4,2026-07-01,3,,No report submitted
4,2026-07-01,4,,No report submitted
4,2026-07-01,5,,No report submitted
4,2026-07-01,6,,No report submitted
4,2026-07-01,7,,No report submitted
4,2026-07-01,8,,No report submitted
4,2026-07-01,9,,No report submitted
4,2026-07-01,10,,No report submitted
4,2026-07-01,11,,No report submitted
4,2026-07-01,12,,No report submitted
4,2026-07-01,13,,No report submitted
4,2026-07-01,14,,No report submitted
4,2026-07-01,15,,No report submitted
4,2026-07-01,16,,No report submitted
4,2026-07-01,17,,No report submitted
4,2026-07-01,18,,No report submitted
4,2026-07-01,19,,No report submitted
4,2026-07-01,20,,No report submitted
4,2026-07-01,21,,No report submitted
4,2026-07-01,22,,No report submitted
4,2026-07-01,23,,No report submitted
4,2026-07-01,24,,No report submitted
4,2026-07-01,25,,No report submitted
4,2026-07-01,26,,No report submitted
4,2026-07-01,27,,No report submitted
4,2026-08-01,1,,No report submitted
4,2026-08-01,2,,No report submitted
4,2026-08-01,3,,No report submitted
4,2026-08-01,4,,No report submitted
4,2026-08-01,5,,No report submitted
4,2026-08-01,6,,No report submitted
4,2026-08-01,7,,No report submitted
4,2026-08-01,8,,No report submitted
4,2026-08-01,9,,No report submitted
4,2026-08-01,10,,No report submitted
4,2026-08-01,11,,No report submitted
4,2026-08-01,12,,No report submitted
4,2026-08-01,13,,No report submitted
4,2026-08-01,14,,No report submitted
4,2026-08-01,15,,No report submitted
4,2026-08-01,16,,No report submitted
4,2026-08-01,17,,No report submitted
4,2026-08-01,18,,No report submitted
4,2026-08-01,19,,No report submitted
4,2026-08-01,20,,No report submitted
4,2026-08-01,21,,No report submitted
4,2026-08-01,22,,No report submitted
4,2026-08-01,23,,No report submitted
4,2026-08-01,24,,No report submitted
4,2026-08-01,25,,No report submitted
4,2026-08-01,26,,No report submitted
4,2026-08-01,27,,No report submitted
4,2026-09-01,1,,No report submitted
4,2026-09-01,2,,No report submitted
4,2026-09-01,3,,No report submitted
4,2026-09-01,4,,No report submitted
4,2026-09-01,5,,No report submitted
4,2026-09-01,6,,No report submitted
4,2026-09-01,7,,No report submitted
4,2026-09-01,8,,No report submitted
4,2026-09-01,9,,No report submitted
4,2026-09-01,10,,No report submitted
4,2026-09-01,11,,No report submitted
4,2026-09-01,12,,No report submitted
4,2026-09-01,13,,No report submitted
4,2026-09-01,14,,No report submitted
4,2026-09-01,15,,No report submitted
4,2026-09-01,16,,No report submitted
4,2026-09-01,17,,No report submitted
4,2026-09-01,18,,No report submitted
4,2026-09-01,19,,No report submitted
4,2026-09-01,20,,No report submitted
4,2026-09-01,21,,No report submitted
4,2026-09-01,22,,No report submitted
4,2026-09-01,23,,No report submitted
4,2026-09-01,24,,No report submitted
4,2026-09-01,25,,No report submitted
4,2026-09-01,26,,No report submitted
4,2026-09-01,27,,No report submitted
5,2026-01-01,1,620,Reported
5,2026-01-01,2,192,Reported
5,2026-01-01,3,180,Reported
5,2026-01-01,4,76,Reported
5,2026-01-01,5,14,Reported
5,2026-01-01,6,1,Reported
5,2026-01-01,7,76,Reported
5,2026-01-01,8,33,Reported
5,2026-01-01,9,27,Reported
5,2026-01-01,10,20,Reported
5,2026-01-01,11,159,Reported
5,2026-01-01,12,23,Reported
5,2026-01-01,13,58,Reported
5,2026-01-01,14,58,Reported
5,2026-01-01,15,,Not captured on form
5,2026-01-01,16,,Not captured on form
5,2026-01-01,17,,Not captured on form
5,2026-01-01,18,,Not captured on form
5,2026-01-01,19,,Not captured on form
5,2026-01-01,20,,Not captured on form
5,2026-01-01,21,37,Reported
5,2026-01-01,22,32,Reported
5,2026-01-01,23,32,Reported
5,2026-01-01,24,91,Reported
5,2026-01-01,25,65,Reported
5,2026-01-01,26,65,Reported
5,2026-01-01,27,0,Reported zero
5,2026-02-01,1,586,Reported
5,2026-02-01,2,208,Reported
5,2026-02-01,3,140,Reported
5,2026-02-01,4,76,Reported
5,2026-02-01,5,13,Reported
5,2026-02-01,6,3,Reported
5,2026-02-01,7,73,Reported
5,2026-02-01,8,25,Reported
5,2026-02-01,9,12,Reported
5,2026-02-01,10,13,Reported
5,2026-02-01,11,137,Reported
5,2026-02-01,12,24,Reported
5,2026-02-01,13,124,Reported
5,2026-02-01,14,124,Reported
5,2026-02-01,15,,Not captured on form
5,2026-02-01,16,,Not captured on form
5,2026-02-01,17,,Not captured on form
5,2026-02-01,18,,Not captured on form
5,2026-02-01,19,,Not captured on form
5,2026-02-01,20,,Not captured on form
5,2026-02-01,21,23,Reported
5,2026-02-01,22,18,Reported
5,2026-02-01,23,18,Reported
5,2026-02-01,24,130,Reported
5,2026-02-01,25,81,Reported
5,2026-02-01,26,81,Reported
5,2026-02-01,27,0,Reported zero
5,2026-03-01,1,740,Reported
5,2026-03-01,2,199,Reported
5,2026-03-01,3,230,Reported
5,2026-03-01,4,137,Reported
5,2026-03-01,5,21,Reported
5,2026-03-01,6,3,Reported
5,2026-03-01,7,137,Reported
5,2026-03-01,8,36,Reported
5,2026-03-01,9,25,Reported
5,2026-03-01,10,14,Reported
5,2026-03-01,11,121,Reported
5,2026-03-01,12,20,Reported
5,2026-03-01,13,141,Reported
5,2026-03-01,14,141,Reported
5,2026-03-01,15,,Not captured on form
5,2026-03-01,16,,Not captured on form
5,2026-03-01,17,,Not captured on form
5,2026-03-01,18,,Not captured on form
5,2026-03-01,19,,Not captured on form
5,2026-03-01,20,,Not captured on form
5,2026-03-01,21,21,Reported
5,2026-03-01,22,15,Reported
5,2026-03-01,23,15,Reported
5,2026-03-01,24,69,Reported
5,2026-03-01,25,33,Reported
5,2026-03-01,26,33,Reported
5,2026-03-01,27,0,Reported zero
5,2026-04-01,1,550,Reported
5,2026-04-01,2,215,Reported
5,2026-04-01,3,120,Reported
5,2026-04-01,4,38,Reported
5,2026-04-01,5,18,Reported
5,2026-04-01,6,0,Reported zero
5,2026-04-01,7,39,Reported
5,2026-04-01,8,22,Reported
5,2026-04-01,9,24,Reported
5,2026-04-01,10,18,Reported
5,2026-04-01,11,132,Reported
5,2026-04-01,12,21,Reported
5,2026-04-01,13,144,Reported
5,2026-04-01,14,125,Reported
5,2026-04-01,15,,Not captured on form
5,2026-04-01,16,,Not captured on form
5,2026-04-01,17,,Not captured on form
5,2026-04-01,18,,Not captured on form
5,2026-04-01,19,,Not captured on form
5,2026-04-01,20,,Not captured on form
5,2026-04-01,21,19,Reported
5,2026-04-01,22,16,Reported
5,2026-04-01,23,16,Reported
5,2026-04-01,24,82,Reported
5,2026-04-01,25,52,Reported
5,2026-04-01,26,52,Reported
5,2026-04-01,27,0,Reported zero
5,2026-05-01,1,614,Reported
5,2026-05-01,2,175,Reported
5,2026-05-01,3,160,Reported
5,2026-05-01,4,71,Reported
5,2026-05-01,5,19,Reported
5,2026-05-01,6,3,Reported
5,2026-05-01,7,71,Reported
5,2026-05-01,8,33,Reported
5,2026-05-01,9,16,Reported
5,2026-05-01,10,11,Reported
5,2026-05-01,11,127,Reported
5,2026-05-01,12,21,Reported
5,2026-05-01,13,129,Reported
5,2026-05-01,14,126,Reported
5,2026-05-01,15,,Not captured on form
5,2026-05-01,16,,Not captured on form
5,2026-05-01,17,,Not captured on form
5,2026-05-01,18,,Not captured on form
5,2026-05-01,19,,Not captured on form
5,2026-05-01,20,,Not captured on form
5,2026-05-01,21,12,Reported
5,2026-05-01,22,11,Reported
5,2026-05-01,23,11,Reported
5,2026-05-01,24,91,Reported
5,2026-05-01,25,43,Reported
5,2026-05-01,26,43,Reported
5,2026-05-01,27,1,Reported
5,2026-06-01,1,820,Reported
5,2026-06-01,2,230,Reported
5,2026-06-01,3,190,Reported
5,2026-06-01,4,83,Reported
5,2026-06-01,5,20,Reported
5,2026-06-01,6,1,Reported
5,2026-06-01,7,85,Reported
5,2026-06-01,8,62,Reported
5,2026-06-01,9,52,Reported
5,2026-06-01,10,18,Reported
5,2026-06-01,11,129,Reported
5,2026-06-01,12,23,Reported
5,2026-06-01,13,135,Reported
5,2026-06-01,14,112,Reported
5,2026-06-01,15,7,Reported
5,2026-06-01,16,0,Reported zero
5,2026-06-01,17,2,Reported
5,2026-06-01,18,16,Reported
5,2026-06-01,19,102,Reported
5,2026-06-01,20,1,Reported
5,2026-06-01,21,13,Reported
5,2026-06-01,22,8,Reported
5,2026-06-01,23,8,Reported
5,2026-06-01,24,116,Reported
5,2026-06-01,25,86,Reported
5,2026-06-01,26,86,Reported
5,2026-06-01,27,2,Reported
5,2026-07-01,1,1160,Reported
5,2026-07-01,2,310,Reported
5,2026-07-01,3,220,Reported
5,2026-07-01,4,90,Reported
5,2026-07-01,5,13,Reported
5,2026-07-01,6,0,Reported zero
5,2026-07-01,7,81,Reported
5,2026-07-01,8,65,Reported
5,2026-07-01,9,32,Reported
5,2026-07-01,10,11,Reported
5,2026-07-01,11,107,Reported
5,2026-07-01,12,19,Reported
5,2026-07-01,13,126,Reported
5,2026-07-01,14,118,Reported
5,2026-07-01,15,8,Reported
5,2026-07-01,16,0,Reported zero
5,2026-07-01,17,1,Reported
5,2026-07-01,18,14,Reported
5,2026-07-01,19,102,Reported
5,2026-07-01,20,1,Reported
5,2026-07-01,21,27,Reported
5,2026-07-01,22,16,Reported
5,2026-07-01,23,16,Reported
5,2026-07-01,24,162,Reported
5,2026-07-01,25,105,Reported
5,2026-07-01,26,105,Reported
5,2026-07-01,27,1,Reported
5,2026-08-01,1,1120,Reported
5,2026-08-01,2,246,Reported
5,2026-08-01,3,220,Reported
5,2026-08-01,4,102,Reported
5,2026-08-01,5,34,Reported
5,2026-08-01,6,3,Reported
5,2026-08-01,7,102,Reported
5,2026-08-01,8,37,Reported
5,2026-08-01,9,43,Reported
5,2026-08-01,10,15,Reported
5,2026-08-01,11,126,Reported
5,2026-08-01,12,20,Reported
5,2026-08-01,13,110,Reported
5,2026-08-01,14,106,Reported
5,2026-08-01,15,4,Reported
5,2026-08-01,16,0,Reported zero
5,2026-08-01,17,2,Reported
5,2026-08-01,18,3,Reported
5,2026-08-01,19,100,Reported
5,2026-08-01,20,0,Reported zero
5,2026-08-01,21,12,Reported
5,2026-08-01,22,11,Reported
5,2026-08-01,23,11,Reported
5,2026-08-01,24,172,Reported
5,2026-08-01,25,104,Reported
5,2026-08-01,26,104,Reported
5,2026-08-01,27,4,Reported
5,2026-09-01,1,949,Reported
5,2026-09-01,2,302,Reported
5,2026-09-01,3,180,Reported
5,2026-09-01,4,73,Reported
5,2026-09-01,5,31,Reported
5,2026-09-01,6,7,Reported
5,2026-09-01,7,71,Reported
5,2026-09-01,8,22,Reported
5,2026-09-01,9,24,Reported
5,2026-09-01,10,8,Reported
5,2026-09-01,11,112,Reported
5,2026-09-01,12,21,Reported
5,2026-09-01,13,73,Reported
5,2026-09-01,14,73,Reported
5,2026-09-01,15,10,Reported
5,2026-09-01,16,0,Reported zero
5,2026-09-01,17,4,Reported
5,2026-09-01,18,4,Reported
5,2026-09-01,19,53,Reported
5,2026-09-01,20,2,Reported
5,2026-09-01,21,24,Reported
5,2026-09-01,22,20,Reported
5,2026-09-01,23,20,Reported
5,2026-09-01,24,180,Reported
5,2026-09-01,25,130,Reported
5,2026-09-01,26,130,Reported
5,2026-09-01,27,0,Reported zero
6,2026-01-01,1,1727,Reported
6,2026-01-01,2,98,Reported
6,2026-01-01,3,225,Reported
6,2026-01-01,4,102,Reported
6,2026-01-01,5,25,Reported
6,2026-01-01,6,1,Reported
6,2026-01-01,7,96,Reported
6,2026-01-01,8,43,Reported
6,2026-01-01,9,34,Reported
6,2026-01-01,10,29,Reported
6,2026-01-01,11,1221,Reported
6,2026-01-01,12,185,Reported
6,2026-01-01,13,157,Reported
6,2026-01-01,14,157,Reported
6,2026-01-01,15,,Not captured on form
6,2026-01-01,16,,Not captured on form
6,2026-01-01,17,,Not captured on form
6,2026-01-01,18,,Not captured on form
6,2026-01-01,19,,Not captured on form
6,2026-01-01,20,,Not captured on form
6,2026-01-01,21,20,Reported
6,2026-01-01,22,19,Reported
6,2026-01-01,23,19,Reported
6,2026-01-01,24,39,Reported
6,2026-01-01,25,29,Reported
6,2026-01-01,26,29,Reported
6,2026-01-01,27,4,Reported
6,2026-02-01,1,1445,Reported
6,2026-02-01,2,102,Reported
6,2026-02-01,3,240,Reported
6,2026-02-01,4,74,Reported
6,2026-02-01,5,28,Reported
6,2026-02-01,6,1,Reported
6,2026-02-01,7,125,Reported
6,2026-02-01,8,55,Reported
6,2026-02-01,9,38,Reported
6,2026-02-01,10,24,Reported
6,2026-02-01,11,832,Reported
6,2026-02-01,12,65,Reported
6,2026-02-01,13,159,Reported
6,2026-02-01,14,122,Reported
6,2026-02-01,15,,Not captured on form
6,2026-02-01,16,,Not captured on form
6,2026-02-01,17,,Not captured on form
6,2026-02-01,18,,Not captured on form
6,2026-02-01,19,,Not captured on form
6,2026-02-01,20,,Not captured on form
6,2026-02-01,21,24,Reported
6,2026-02-01,22,24,Reported
6,2026-02-01,23,24,Reported
6,2026-02-01,24,24,Reported
6,2026-02-01,25,4,Reported
6,2026-02-01,26,4,Reported
6,2026-02-01,27,2,Reported
6,2026-03-01,1,1562,Reported
6,2026-03-01,2,128,Reported
6,2026-03-01,3,261,Reported
6,2026-03-01,4,66,Reported
6,2026-03-01,5,31,Reported
6,2026-03-01,6,1,Reported
6,2026-03-01,7,74,Reported
6,2026-03-01,8,113,Reported
6,2026-03-01,9,38,Reported
6,2026-03-01,10,34,Reported
6,2026-03-01,11,977,Reported
6,2026-03-01,12,159,Reported
6,2026-03-01,13,161,Reported
6,2026-03-01,14,161,Reported
6,2026-03-01,15,,Not captured on form
6,2026-03-01,16,,Not captured on form
6,2026-03-01,17,,Not captured on form
6,2026-03-01,18,,Not captured on form
6,2026-03-01,19,,Not captured on form
6,2026-03-01,20,,Not captured on form
6,2026-03-01,21,41,Reported
6,2026-03-01,22,28,Reported
6,2026-03-01,23,28,Reported
6,2026-03-01,24,17,Reported
6,2026-03-01,25,11,Reported
6,2026-03-01,26,11,Reported
6,2026-03-01,27,4,Reported
6,2026-04-01,1,1607,Reported
6,2026-04-01,2,89,Reported
6,2026-04-01,3,274,Reported
6,2026-04-01,4,64,Reported
6,2026-04-01,5,54,Reported
6,2026-04-01,6,0,Reported zero
6,2026-04-01,7,81,Reported
6,2026-04-01,8,70,Reported
6,2026-04-01,9,58,Reported
6,2026-04-01,10,35,Reported
6,2026-04-01,11,895,Reported
6,2026-04-01,12,154,Reported
6,2026-04-01,13,163,Reported
6,2026-04-01,14,163,Reported
6,2026-04-01,15,,Not captured on form
6,2026-04-01,16,,Not captured on form
6,2026-04-01,17,,Not captured on form
6,2026-04-01,18,,Not captured on form
6,2026-04-01,19,,Not captured on form
6,2026-04-01,20,,Not captured on form
6,2026-04-01,21,25,Reported
6,2026-04-01,22,20,Reported
6,2026-04-01,23,20,Reported
6,2026-04-01,24,21,Reported
6,2026-04-01,25,15,Reported
6,2026-04-01,26,15,Reported
6,2026-04-01,27,4,Reported
6,2026-05-01,1,1446,Reported
6,2026-05-01,2,103,Reported
6,2026-05-01,3,200,Reported
6,2026-05-01,4,56,Reported
6,2026-05-01,5,32,Reported
6,2026-05-01,6,1,Reported
6,2026-05-01,7,53,Reported
6,2026-05-01,8,53,Reported
6,2026-05-01,9,42,Reported
6,2026-05-01,10,28,Reported
6,2026-05-01,11,896,Reported
6,2026-05-01,12,152,Reported
6,2026-05-01,13,165,Reported
6,2026-05-01,14,165,Reported
6,2026-05-01,15,,Not captured on form
6,2026-05-01,16,,Not captured on form
6,2026-05-01,17,,Not captured on form
6,2026-05-01,18,,Not captured on form
6,2026-05-01,19,,Not captured on form
6,2026-05-01,20,,Not captured on form
6,2026-05-01,21,14,Reported
6,2026-05-01,22,10,Reported
6,2026-05-01,23,10,Reported
6,2026-05-01,24,32,Reported
6,2026-05-01,25,19,Reported
6,2026-05-01,26,19,Reported
6,2026-05-01,27,4,Reported
6,2026-06-01,1,1869,Reported
6,2026-06-01,2,98,Reported
6,2026-06-01,3,196,Reported
6,2026-06-01,4,60,Reported
6,2026-06-01,5,86,Reported
6,2026-06-01,6,0,Reported zero
6,2026-06-01,7,57,Reported
6,2026-06-01,8,48,Reported
6,2026-06-01,9,41,Reported
6,2026-06-01,10,28,Reported
6,2026-06-01,11,1101,Reported
6,2026-06-01,12,157,Reported
6,2026-06-01,13,162,Reported
6,2026-06-01,14,130,Reported
6,2026-06-01,15,1,Reported
6,2026-06-01,16,0,Reported zero
6,2026-06-01,17,3,Reported
6,2026-06-01,18,13,Reported
6,2026-06-01,19,102,Reported
6,2026-06-01,20,41,Reported
6,2026-06-01,21,19,Reported
6,2026-06-01,22,19,Reported
6,2026-06-01,23,19,Reported
6,2026-06-01,24,36,Reported
6,2026-06-01,25,22,Reported
6,2026-06-01,26,22,Reported
6,2026-06-01,27,6,Reported
6,2026-07-01,1,1792,Reported
6,2026-07-01,2,106,Reported
6,2026-07-01,3,186,Reported
6,2026-07-01,4,56,Reported
6,2026-07-01,5,17,Reported
6,2026-07-01,6,0,Reported zero
6,2026-07-01,7,52,Reported
6,2026-07-01,8,48,Reported
6,2026-07-01,9,31,Reported
6,2026-07-01,10,19,Reported
6,2026-07-01,11,847,Reported
6,2026-07-01,12,157,Reported
6,2026-07-01,13,159,Reported
6,2026-07-01,14,125,Reported
6,2026-07-01,15,51,Reported
6,2026-07-01,16,8,Reported
6,2026-07-01,17,0,Reported zero
6,2026-07-01,18,16,Reported
6,2026-07-01,19,42,Reported
6,2026-07-01,20,0,Reported zero
6,2026-07-01,21,26,Reported
6,2026-07-01,22,22,Reported
6,2026-07-01,23,22,Reported
6,2026-07-01,24,23,Reported
6,2026-07-01,25,18,Reported
6,2026-07-01,26,18,Reported
6,2026-07-01,27,4,Reported
6,2026-08-01,1,1869,Reported
6,2026-08-01,2,110,Reported
6,2026-08-01,3,182,Reported
6,2026-08-01,4,58,Reported
6,2026-08-01,5,20,Reported
6,2026-08-01,6,1,Reported
6,2026-08-01,7,58,Reported
6,2026-08-01,8,50,Reported
6,2026-08-01,9,28,Reported
6,2026-08-01,10,33,Reported
6,2026-08-01,11,927,Reported
6,2026-08-01,12,153,Reported
6,2026-08-01,13,169,Reported
6,2026-08-01,14,138,Reported
6,2026-08-01,15,327,Reported
6,2026-08-01,16,0,Reported zero
6,2026-08-01,17,9,Reported
6,2026-08-01,18,15,Reported
6,2026-08-01,19,105,Reported
6,2026-08-01,20,45,Reported
6,2026-08-01,21,32,Reported
6,2026-08-01,22,23,Reported
6,2026-08-01,23,23,Reported
6,2026-08-01,24,43,Reported
6,2026-08-01,25,35,Reported
6,2026-08-01,26,35,Reported
6,2026-08-01,27,2,Reported
6,2026-09-01,1,1857,Reported
6,2026-09-01,2,152,Reported
6,2026-09-01,3,69,Reported
6,2026-09-01,4,15,Reported
6,2026-09-01,5,22,Reported
6,2026-09-01,6,0,Reported zero
6,2026-09-01,7,69,Reported
6,2026-09-01,8,58,Reported
6,2026-09-01,9,43,Reported
6,2026-09-01,10,28,Reported
6,2026-09-01,11,872,Reported
6,2026-09-01,12,153,Reported
6,2026-09-01,13,168,Reported
6,2026-09-01,14,135,Reported
6,2026-09-01,15,333,Reported
6,2026-09-01,16,0,Reported zero
6,2026-09-01,17,6,Reported
6,2026-09-01,18,2,Reported
6,2026-09-01,19,45,Reported
6,2026-09-01,20,41,Reported
6,2026-09-01,21,39,Reported
6,2026-09-01,22,30,Reported
6,2026-09-01,23,30,Reported
6,2026-09-01,24,43,Reported
6,2026-09-01,25,38,Reported
6,2026-09-01,26,38,Reported
6,2026-09-01,27,2,Reported
7,2026-01-01,1,1437,Reported
7,2026-01-01,2,405,Reported
7,2026-01-01,3,60,Reported
7,2026-01-01,4,11,Reported
7,2026-01-01,5,13,Reported
7,2026-01-01,6,11,Reported
7,2026-01-01,7,19,Reported
7,2026-01-01,8,11,Reported
7,2026-01-01,9,9,Reported
7,2026-01-01,10,4,Reported
7,2026-01-01,11,578,Reported
7,2026-01-01,12,55,Reported
7,2026-01-01,13,45,Reported
7,2026-01-01,14,45,Reported
7,2026-01-01,15,,Not captured on form
7,2026-01-01,16,,Not captured on form
7,2026-01-01,17,,Not captured on form
7,2026-01-01,18,,Not captured on form
7,2026-01-01,19,,Not captured on form
7,2026-01-01,20,,Not captured on form
7,2026-01-01,21,45,Reported
7,2026-01-01,22,16,Reported
7,2026-01-01,23,16,Reported
7,2026-01-01,24,291,Reported
7,2026-01-01,25,27,Reported
7,2026-01-01,26,27,Reported
7,2026-01-01,27,8,Reported
7,2026-02-01,1,,No report submitted
7,2026-02-01,2,,No report submitted
7,2026-02-01,3,,No report submitted
7,2026-02-01,4,,No report submitted
7,2026-02-01,5,,No report submitted
7,2026-02-01,6,,No report submitted
7,2026-02-01,7,,No report submitted
7,2026-02-01,8,,No report submitted
7,2026-02-01,9,,No report submitted
7,2026-02-01,10,,No report submitted
7,2026-02-01,11,,No report submitted
7,2026-02-01,12,,No report submitted
7,2026-02-01,13,,No report submitted
7,2026-02-01,14,,No report submitted
7,2026-02-01,15,,No report submitted
7,2026-02-01,16,,No report submitted
7,2026-02-01,17,,No report submitted
7,2026-02-01,18,,No report submitted
7,2026-02-01,19,,No report submitted
7,2026-02-01,20,,No report submitted
7,2026-02-01,21,,No report submitted
7,2026-02-01,22,,No report submitted
7,2026-02-01,23,,No report submitted
7,2026-02-01,24,,No report submitted
7,2026-02-01,25,,No report submitted
7,2026-02-01,26,,No report submitted
7,2026-02-01,27,,No report submitted
7,2026-03-01,1,,No report submitted
7,2026-03-01,2,,No report submitted
7,2026-03-01,3,,No report submitted
7,2026-03-01,4,,No report submitted
7,2026-03-01,5,,No report submitted
7,2026-03-01,6,,No report submitted
7,2026-03-01,7,,No report submitted
7,2026-03-01,8,,No report submitted
7,2026-03-01,9,,No report submitted
7,2026-03-01,10,,No report submitted
7,2026-03-01,11,,No report submitted
7,2026-03-01,12,,No report submitted
7,2026-03-01,13,,No report submitted
7,2026-03-01,14,,No report submitted
7,2026-03-01,15,,No report submitted
7,2026-03-01,16,,No report submitted
7,2026-03-01,17,,No report submitted
7,2026-03-01,18,,No report submitted
7,2026-03-01,19,,No report submitted
7,2026-03-01,20,,No report submitted
7,2026-03-01,21,,No report submitted
7,2026-03-01,22,,No report submitted
7,2026-03-01,23,,No report submitted
7,2026-03-01,24,,No report submitted
7,2026-03-01,25,,No report submitted
7,2026-03-01,26,,No report submitted
7,2026-03-01,27,,No report submitted
7,2026-04-01,1,1495,Reported
7,2026-04-01,2,422,Reported
7,2026-04-01,3,91,Reported
7,2026-04-01,4,15,Reported
7,2026-04-01,5,11,Reported
7,2026-04-01,6,34,Reported
7,2026-04-01,7,9,Reported
7,2026-04-01,8,16,Reported
7,2026-04-01,9,9,Reported
7,2026-04-01,10,11,Reported
7,2026-04-01,11,676,Reported
7,2026-04-01,12,88,Reported
7,2026-04-01,13,64,Reported
7,2026-04-01,14,64,Reported
7,2026-04-01,15,,Not captured on form
7,2026-04-01,16,,Not captured on form
7,2026-04-01,17,,Not captured on form
7,2026-04-01,18,,Not captured on form
7,2026-04-01,19,,Not captured on form
7,2026-04-01,20,,Not captured on form
7,2026-04-01,21,113,Reported
7,2026-04-01,22,4,Reported
7,2026-04-01,23,4,Reported
7,2026-04-01,24,74,Reported
7,2026-04-01,25,11,Reported
7,2026-04-01,26,11,Reported
7,2026-04-01,27,9,Reported
7,2026-05-01,1,1275,Reported
7,2026-05-01,2,351,Reported
7,2026-05-01,3,55,Reported
7,2026-05-01,4,8,Reported
7,2026-05-01,5,8,Reported
7,2026-05-01,6,20,Reported
7,2026-05-01,7,6,Reported
7,2026-05-01,8,10,Reported
7,2026-05-01,9,7,Reported
7,2026-05-01,10,11,Reported
7,2026-05-01,11,846,Reported
7,2026-05-01,12,184,Reported
7,2026-05-01,13,37,Reported
7,2026-05-01,14,37,Reported
7,2026-05-01,15,,Not captured on form
7,2026-05-01,16,,Not captured on form
7,2026-05-01,17,,Not captured on form
7,2026-05-01,18,,Not captured on form
7,2026-05-01,19,,Not captured on form
7,2026-05-01,20,,Not captured on form
7,2026-05-01,21,61,Reported
7,2026-05-01,22,6,Reported
7,2026-05-01,23,5,Reported
7,2026-05-01,24,196,Reported
7,2026-05-01,25,32,Reported
7,2026-05-01,26,32,Reported
7,2026-05-01,27,8,Reported
7,2026-06-01,1,,No report submitted
7,2026-06-01,2,,No report submitted
7,2026-06-01,3,,No report submitted
7,2026-06-01,4,,No report submitted
7,2026-06-01,5,,No report submitted
7,2026-06-01,6,,No report submitted
7,2026-06-01,7,,No report submitted
7,2026-06-01,8,,No report submitted
7,2026-06-01,9,,No report submitted
7,2026-06-01,10,,No report submitted
7,2026-06-01,11,,No report submitted
7,2026-06-01,12,,No report submitted
7,2026-06-01,13,,No report submitted
7,2026-06-01,14,,No report submitted
7,2026-06-01,15,,No report submitted
7,2026-06-01,16,,No report submitted
7,2026-06-01,17,,No report submitted
7,2026-06-01,18,,No report submitted
7,2026-06-01,19,,No report submitted
7,2026-06-01,20,,No report submitted
7,2026-06-01,21,,No report submitted
7,2026-06-01,22,,No report submitted
7,2026-06-01,23,,No report submitted
7,2026-06-01,24,,No report submitted
7,2026-06-01,25,,No report submitted
7,2026-06-01,26,,No report submitted
7,2026-06-01,27,,No report submitted
7,2026-07-01,1,,No report submitted
7,2026-07-01,2,,No report submitted
7,2026-07-01,3,,No report submitted
7,2026-07-01,4,,No report submitted
7,2026-07-01,5,,No report submitted
7,2026-07-01,6,,No report submitted
7,2026-07-01,7,,No report submitted
7,2026-07-01,8,,No report submitted
7,2026-07-01,9,,No report submitted
7,2026-07-01,10,,No report submitted
7,2026-07-01,11,,No report submitted
7,2026-07-01,12,,No report submitted
7,2026-07-01,13,,No report submitted
7,2026-07-01,14,,No report submitted
7,2026-07-01,15,,No report submitted
7,2026-07-01,16,,No report submitted
7,2026-07-01,17,,No report submitted
7,2026-07-01,18,,No report submitted
7,2026-07-01,19,,No report submitted
7,2026-07-01,20,,No report submitted
7,2026-07-01,21,,No report submitted
7,2026-07-01,22,,No report submitted
7,2026-07-01,23,,No report submitted
7,2026-07-01,24,,No report submitted
7,2026-07-01,25,,No report submitted
7,2026-07-01,26,,No report submitted
7,2026-07-01,27,,No report submitted
7,2026-08-01,1,,No report submitted
7,2026-08-01,2,,No report submitted
7,2026-08-01,3,,No report submitted
7,2026-08-01,4,,No report submitted
7,2026-08-01,5,,No report submitted
7,2026-08-01,6,,No report submitted
7,2026-08-01,7,,No report submitted
7,2026-08-01,8,,No report submitted
7,2026-08-01,9,,No report submitted
7,2026-08-01,10,,No report submitted
7,2026-08-01,11,,No report submitted
7,2026-08-01,12,,No report submitted
7,2026-08-01,13,,No report submitted
7,2026-08-01,14,,No report submitted
7,2026-08-01,15,,No report submitted
7,2026-08-01,16,,No report submitted
7,2026-08-01,17,,No report submitted
7,2026-08-01,18,,No report submitted
7,2026-08-01,19,,No report submitted
7,2026-08-01,20,,No report submitted
7,2026-08-01,21,,No report submitted
7,2026-08-01,22,,No report submitted
7,2026-08-01,23,,No report submitted
7,2026-08-01,24,,No report submitted
7,2026-08-01,25,,No report submitted
7,2026-08-01,26,,No report submitted
7,2026-08-01,27,,No report submitted
7,2026-09-01,1,,No report submitted
7,2026-09-01,2,,No report submitted
7,2026-09-01,3,,No report submitted
7,2026-09-01,4,,No report submitted
7,2026-09-01,5,,No report submitted
7,2026-09-01,6,,No report submitted
7,2026-09-01,7,,No report submitted
7,2026-09-01,8,,No report submitted
7,2026-09-01,9,,No report submitted
7,2026-09-01,10,,No report submitted
7,2026-09-01,11,,No report submitted
7,2026-09-01,12,,No report submitted
7,2026-09-01,13,,No report submitted
7,2026-09-01,14,,No report submitted
7,2026-09-01,15,,No report submitted
7,2026-09-01,16,,No report submitted
7,2026-09-01,17,,No report submitted
7,2026-09-01,18,,No report submitted
7,2026-09-01,19,,No report submitted
7,2026-09-01,20,,No report submitted
7,2026-09-01,21,,No report submitted
7,2026-09-01,22,,No report submitted
7,2026-09-01,23,,No report submitted
7,2026-09-01,24,,No report submitted
7,2026-09-01,25,,No report submitted
7,2026-09-01,26,,No report submitted
7,2026-09-01,27,,No report submitted
8,2026-01-01,1,525,Reported
8,2026-01-01,2,195,Reported
8,2026-01-01,3,32,Reported
8,2026-01-01,4,15,Reported
8,2026-01-01,5,5,Reported
8,2026-01-01,6,0,Reported zero
8,2026-01-01,7,9,Reported
8,2026-01-01,8,5,Reported
8,2026-01-01,9,12,Reported
8,2026-01-01,10,6,Reported
8,2026-01-01,11,116,Reported
8,2026-01-01,12,29,Reported
8,2026-01-01,13,46,Reported
8,2026-01-01,14,46,Reported
8,2026-01-01,15,,Not captured on form
8,2026-01-01,16,,Not captured on form
8,2026-01-01,17,,Not captured on form
8,2026-01-01,18,,Not captured on form
8,2026-01-01,19,,Not captured on form
8,2026-01-01,20,,Not captured on form
8,2026-01-01,21,34,Reported
8,2026-01-01,22,34,Reported
8,2026-01-01,23,34,Reported
8,2026-01-01,24,47,Reported
8,2026-01-01,25,47,Reported
8,2026-01-01,26,47,Reported
8,2026-01-01,27,4,Reported
8,2026-02-01,1,304,Reported
8,2026-02-01,2,67,Reported
8,2026-02-01,3,23,Reported
8,2026-02-01,4,9,Reported
8,2026-02-01,5,3,Reported
8,2026-02-01,6,0,Reported zero
8,2026-02-01,7,12,Reported
8,2026-02-01,8,5,Reported
8,2026-02-01,9,5,Reported
8,2026-02-01,10,5,Reported
8,2026-02-01,11,157,Reported
8,2026-02-01,12,29,Reported
8,2026-02-01,13,39,Reported
8,2026-02-01,14,2,Reported
8,2026-02-01,15,,Not captured on form
8,2026-02-01,16,,Not captured on form
8,2026-02-01,17,,Not captured on form
8,2026-02-01,18,,Not captured on form
8,2026-02-01,19,,Not captured on form
8,2026-02-01,20,,Not captured on form
8,2026-02-01,21,30,Reported
8,2026-02-01,22,30,Reported
8,2026-02-01,23,30,Reported
8,2026-02-01,24,25,Reported
8,2026-02-01,25,25,Reported
8,2026-02-01,26,25,Reported
8,2026-02-01,27,4,Reported
8,2026-03-01,1,300,Reported
8,2026-03-01,2,91,Reported
8,2026-03-01,3,23,Reported
8,2026-03-01,4,7,Reported
8,2026-03-01,5,4,Reported
8,2026-03-01,6,0,Reported zero
8,2026-03-01,7,7,Reported
8,2026-03-01,8,3,Reported
8,2026-03-01,9,9,Reported
8,2026-03-01,10,7,Reported
8,2026-03-01,11,167,Reported
8,2026-03-01,12,31,Reported
8,2026-03-01,13,28,Reported
8,2026-03-01,14,28,Reported
8,2026-03-01,15,,Not captured on form
8,2026-03-01,16,,Not captured on form
8,2026-03-01,17,,Not captured on form
8,2026-03-01,18,,Not captured on form
8,2026-03-01,19,,Not captured on form
8,2026-03-01,20,,Not captured on form
8,2026-03-01,21,41,Reported
8,2026-03-01,22,41,Reported
8,2026-03-01,23,41,Reported
8,2026-03-01,24,57,Reported
8,2026-03-01,25,57,Reported
8,2026-03-01,26,57,Reported
8,2026-03-01,27,4,Reported
8,2026-04-01,1,338,Reported
8,2026-04-01,2,158,Reported
8,2026-04-01,3,32,Reported
8,2026-04-01,4,7,Reported
8,2026-04-01,5,6,Reported
8,2026-04-01,6,1,Reported
8,2026-04-01,7,15,Reported
8,2026-04-01,8,10,Reported
8,2026-04-01,9,7,Reported
8,2026-04-01,10,5,Reported
8,2026-04-01,11,156,Reported
8,2026-04-01,12,31,Reported
8,2026-04-01,13,41,Reported
8,2026-04-01,14,21,Reported
8,2026-04-01,15,,Not captured on form
8,2026-04-01,16,,Not captured on form
8,2026-04-01,17,,Not captured on form
8,2026-04-01,18,,Not captured on form
8,2026-04-01,19,,Not captured on form
8,2026-04-01,20,,Not captured on form
8,2026-04-01,21,36,Reported
8,2026-04-01,22,36,Reported
8,2026-04-01,23,36,Reported
8,2026-04-01,24,71,Reported
8,2026-04-01,25,68,Reported
8,2026-04-01,26,68,Reported
8,2026-04-01,27,4,Reported
8,2026-05-01,1,250,Reported
8,2026-05-01,2,77,Reported
8,2026-05-01,3,21,Reported
8,2026-05-01,4,12,Reported
8,2026-05-01,5,2,Reported
8,2026-05-01,6,0,Reported zero
8,2026-05-01,7,12,Reported
8,2026-05-01,8,6,Reported
8,2026-05-01,9,3,Reported
8,2026-05-01,10,4,Reported
8,2026-05-01,11,154,Reported
8,2026-05-01,12,27,Reported
8,2026-05-01,13,37,Reported
8,2026-05-01,14,11,Reported
8,2026-05-01,15,,Not captured on form
8,2026-05-01,16,,Not captured on form
8,2026-05-01,17,,Not captured on form
8,2026-05-01,18,,Not captured on form
8,2026-05-01,19,,Not captured on form
8,2026-05-01,20,,Not captured on form
8,2026-05-01,21,26,Reported
8,2026-05-01,22,26,Reported
8,2026-05-01,23,25,Reported
8,2026-05-01,24,48,Reported
8,2026-05-01,25,45,Reported
8,2026-05-01,26,45,Reported
8,2026-05-01,27,4,Reported
8,2026-06-01,1,269,Reported
8,2026-06-01,2,199,Reported
8,2026-06-01,3,22,Reported
8,2026-06-01,4,9,Reported
8,2026-06-01,5,2,Reported
8,2026-06-01,6,2,Reported
8,2026-06-01,7,9,Reported
8,2026-06-01,8,3,Reported
8,2026-06-01,9,3,Reported
8,2026-06-01,10,4,Reported
8,2026-06-01,11,244,Reported
8,2026-06-01,12,45,Reported
8,2026-06-01,13,22,Reported
8,2026-06-01,14,22,Reported
8,2026-06-01,15,11,Reported
8,2026-06-01,16,0,Reported zero
8,2026-06-01,17,3,Reported
8,2026-06-01,18,3,Reported
8,2026-06-01,19,5,Reported
8,2026-06-01,20,0,Reported zero
8,2026-06-01,21,50,Reported
8,2026-06-01,22,40,Reported
8,2026-06-01,23,40,Reported
8,2026-06-01,24,146,Reported
8,2026-06-01,25,101,Reported
8,2026-06-01,26,101,Reported
8,2026-06-01,27,5,Reported
8,2026-07-01,1,280,Reported
8,2026-07-01,2,85,Reported
8,2026-07-01,3,25,Reported
8,2026-07-01,4,10,Reported
8,2026-07-01,5,4,Reported
8,2026-07-01,6,2,Reported
8,2026-07-01,7,10,Reported
8,2026-07-01,8,5,Reported
8,2026-07-01,9,9,Reported
8,2026-07-01,10,5,Reported
8,2026-07-01,11,166,Reported
8,2026-07-01,12,37,Reported
8,2026-07-01,13,23,Reported
8,2026-07-01,14,11,Reported
8,2026-07-01,15,8,Reported
8,2026-07-01,16,0,Reported zero
8,2026-07-01,17,4,Reported
8,2026-07-01,18,8,Reported
8,2026-07-01,19,3,Reported
8,2026-07-01,20,0,Reported zero
8,2026-07-01,21,20,Reported
8,2026-07-01,22,17,Reported
8,2026-07-01,23,17,Reported
8,2026-07-01,24,54,Reported
8,2026-07-01,25,45,Reported
8,2026-07-01,26,45,Reported
8,2026-07-01,27,3,Reported
8,2026-08-01,1,193,Reported
8,2026-08-01,2,54,Reported
8,2026-08-01,3,28,Reported
8,2026-08-01,4,8,Reported
8,2026-08-01,5,8,Reported
8,2026-08-01,6,12,Reported
8,2026-08-01,7,8,Reported
8,2026-08-01,8,5,Reported
8,2026-08-01,9,0,Reported zero
8,2026-08-01,10,2,Reported
8,2026-08-01,11,137,Reported
8,2026-08-01,12,14,Reported
8,2026-08-01,13,22,Reported
8,2026-08-01,14,0,Reported zero
8,2026-08-01,15,0,Reported zero
8,2026-08-01,16,0,Reported zero
8,2026-08-01,17,0,Reported zero
8,2026-08-01,18,22,Reported
8,2026-08-01,19,0,Reported zero
8,2026-08-01,20,0,Reported zero
8,2026-08-01,21,19,Reported
8,2026-08-01,22,19,Reported
8,2026-08-01,23,19,Reported
8,2026-08-01,24,22,Reported
8,2026-08-01,25,22,Reported
8,2026-08-01,26,22,Reported
8,2026-08-01,27,4,Reported
8,2026-09-01,1,149,Reported
8,2026-09-01,2,85,Reported
8,2026-09-01,3,20,Reported
8,2026-09-01,4,0,Reported zero
8,2026-09-01,5,2,Reported
8,2026-09-01,6,0,Reported zero
8,2026-09-01,7,3,Reported
8,2026-09-01,8,3,Reported
8,2026-09-01,9,2,Reported
8,2026-09-01,10,0,Reported zero
8,2026-09-01,11,134,Reported
8,2026-09-01,12,18,Reported
8,2026-09-01,13,24,Reported
8,2026-09-01,14,24,Reported
8,2026-09-01,15,0,Reported zero
8,2026-09-01,16,0,Reported zero
8,2026-09-01,17,4,Reported
8,2026-09-01,18,12,Reported
8,2026-09-01,19,8,Reported
8,2026-09-01,20,0,Reported zero
8,2026-09-01,21,15,Reported
8,2026-09-01,22,10,Reported
8,2026-09-01,23,10,Reported
8,2026-09-01,24,63,Reported
8,2026-09-01,25,59,Reported
8,2026-09-01,26,59,Reported
8,2026-09-01,27,5,Reported
9,2026-01-01,1,133,Reported
9,2026-01-01,2,51,Reported
9,2026-01-01,3,33,Reported
9,2026-01-01,4,16,Reported
9,2026-01-01,5,6,Reported
9,2026-01-01,6,0,Reported zero
9,2026-01-01,7,13,Reported
9,2026-01-01,8,8,Reported
9,2026-01-01,9,10,Reported
9,2026-01-01,10,12,Reported
9,2026-01-01,11,25,Reported
9,2026-01-01,12,6,Reported
9,2026-01-01,13,5,Reported
9,2026-01-01,14,2,Reported
9,2026-01-01,15,,Not captured on form
9,2026-01-01,16,,Not captured on form
9,2026-01-01,17,,Not captured on form
9,2026-01-01,18,,Not captured on form
9,2026-01-01,19,,Not captured on form
9,2026-01-01,20,,Not captured on form
9,2026-01-01,21,6,Reported
9,2026-01-01,22,3,Reported
9,2026-01-01,23,3,Reported
9,2026-01-01,24,19,Reported
9,2026-01-01,25,10,Reported
9,2026-01-01,26,10,Reported
9,2026-01-01,27,2,Reported
9,2026-02-01,1,117,Reported
9,2026-02-01,2,39,Reported
9,2026-02-01,3,36,Reported
9,2026-02-01,4,19,Reported
9,2026-02-01,5,5,Reported
9,2026-02-01,6,0,Reported zero
9,2026-02-01,7,11,Reported
9,2026-02-01,8,3,Reported
9,2026-02-01,9,12,Reported
9,2026-02-01,10,16,Reported
9,2026-02-01,11,102,Reported
9,2026-02-01,12,4,Reported
9,2026-02-01,13,6,Reported
9,2026-02-01,14,4,Reported
9,2026-02-01,15,,Not captured on form
9,2026-02-01,16,,Not captured on form
9,2026-02-01,17,,Not captured on form
9,2026-02-01,18,,Not captured on form
9,2026-02-01,19,,Not captured on form
9,2026-02-01,20,,Not captured on form
9,2026-02-01,21,4,Reported
9,2026-02-01,22,3,Reported
9,2026-02-01,23,3,Reported
9,2026-02-01,24,19,Reported
9,2026-02-01,25,19,Reported
9,2026-02-01,26,19,Reported
9,2026-02-01,27,3,Reported
9,2026-03-01,1,202,Reported
9,2026-03-01,2,50,Reported
9,2026-03-01,3,58,Reported
9,2026-03-01,4,46,Reported
9,2026-03-01,5,8,Reported
9,2026-03-01,6,8,Reported
9,2026-03-01,7,13,Reported
9,2026-03-01,8,7,Reported
9,2026-03-01,9,17,Reported
9,2026-03-01,10,28,Reported
9,2026-03-01,11,64,Reported
9,2026-03-01,12,8,Reported
9,2026-03-01,13,5,Reported
9,2026-03-01,14,2,Reported
9,2026-03-01,15,,Not captured on form
9,2026-03-01,16,,Not captured on form
9,2026-03-01,17,,Not captured on form
9,2026-03-01,18,,Not captured on form
9,2026-03-01,19,,Not captured on form
9,2026-03-01,20,,Not captured on form
9,2026-03-01,21,13,Reported
9,2026-03-01,22,8,Reported
9,2026-03-01,23,8,Reported
9,2026-03-01,24,15,Reported
9,2026-03-01,25,12,Reported
9,2026-03-01,26,12,Reported
9,2026-03-01,27,2,Reported
9,2026-04-01,1,286,Reported
9,2026-04-01,2,46,Reported
9,2026-04-01,3,46,Reported
9,2026-04-01,4,22,Reported
9,2026-04-01,5,7,Reported
9,2026-04-01,6,1,Reported
9,2026-04-01,7,20,Reported
9,2026-04-01,8,3,Reported
9,2026-04-01,9,15,Reported
9,2026-04-01,10,22,Reported
9,2026-04-01,11,59,Reported
9,2026-04-01,12,11,Reported
9,2026-04-01,13,4,Reported
9,2026-04-01,14,2,Reported
9,2026-04-01,15,,Not captured on form
9,2026-04-01,16,,Not captured on form
9,2026-04-01,17,,Not captured on form
9,2026-04-01,18,,Not captured on form
9,2026-04-01,19,,Not captured on form
9,2026-04-01,20,,Not captured on form
9,2026-04-01,21,10,Reported
9,2026-04-01,22,7,Reported
9,2026-04-01,23,7,Reported
9,2026-04-01,24,22,Reported
9,2026-04-01,25,15,Reported
9,2026-04-01,26,15,Reported
9,2026-04-01,27,4,Reported
9,2026-05-01,1,335,Reported
9,2026-05-01,2,74,Reported
9,2026-05-01,3,28,Reported
9,2026-05-01,4,13,Reported
9,2026-05-01,5,5,Reported
9,2026-05-01,6,0,Reported zero
9,2026-05-01,7,10,Reported
9,2026-05-01,8,3,Reported
9,2026-05-01,9,8,Reported
9,2026-05-01,10,14,Reported
9,2026-05-01,11,59,Reported
9,2026-05-01,12,11,Reported
9,2026-05-01,13,4,Reported
9,2026-05-01,14,1,Reported
9,2026-05-01,15,,Not captured on form
9,2026-05-01,16,,Not captured on form
9,2026-05-01,17,,Not captured on form
9,2026-05-01,18,,Not captured on form
9,2026-05-01,19,,Not captured on form
9,2026-05-01,20,,Not captured on form
9,2026-05-01,21,18,Reported
9,2026-05-01,22,11,Reported
9,2026-05-01,23,11,Reported
9,2026-05-01,24,25,Reported
9,2026-05-01,25,18,Reported
9,2026-05-01,26,18,Reported
9,2026-05-01,27,2,Reported
9,2026-06-01,1,161,Reported
9,2026-06-01,2,59,Reported
9,2026-06-01,3,40,Reported
9,2026-06-01,4,19,Reported
9,2026-06-01,5,8,Reported
9,2026-06-01,6,0,Reported zero
9,2026-06-01,7,11,Reported
9,2026-06-01,8,10,Reported
9,2026-06-01,9,14,Reported
9,2026-06-01,10,31,Reported
9,2026-06-01,11,88,Reported
9,2026-06-01,12,6,Reported
9,2026-06-01,13,4,Reported
9,2026-06-01,14,4,Reported
9,2026-06-01,15,0,Reported zero
9,2026-06-01,16,0,Reported zero
9,2026-06-01,17,0,Reported zero
9,2026-06-01,18,2,Reported
9,2026-06-01,19,2,Reported
9,2026-06-01,20,0,Reported zero
9,2026-06-01,21,11,Reported
9,2026-06-01,22,11,Reported
9,2026-06-01,23,11,Reported
9,2026-06-01,24,29,Reported
9,2026-06-01,25,28,Reported
9,2026-06-01,26,28,Reported
9,2026-06-01,27,2,Reported
9,2026-07-01,1,181,Reported
9,2026-07-01,2,38,Reported
9,2026-07-01,3,32,Reported
9,2026-07-01,4,19,Reported
9,2026-07-01,5,6,Reported
9,2026-07-01,6,0,Reported zero
9,2026-07-01,7,15,Reported
9,2026-07-01,8,6,Reported
9,2026-07-01,9,5,Reported
9,2026-07-01,10,28,Reported
9,2026-07-01,11,55,Reported
9,2026-07-01,12,15,Reported
9,2026-07-01,13,5,Reported
9,2026-07-01,14,0,Reported zero
9,2026-07-01,15,0,Reported zero
9,2026-07-01,16,0,Reported zero
9,2026-07-01,17,1,Reported
9,2026-07-01,18,0,Reported zero
9,2026-07-01,19,0,Reported zero
9,2026-07-01,20,0,Reported zero
9,2026-07-01,21,3,Reported
9,2026-07-01,22,3,Reported
9,2026-07-01,23,3,Reported
9,2026-07-01,24,15,Reported
9,2026-07-01,25,13,Reported
9,2026-07-01,26,13,Reported
9,2026-07-01,27,4,Reported
9,2026-08-01,1,131,Reported
9,2026-08-01,2,51,Reported
9,2026-08-01,3,36,Reported
9,2026-08-01,4,12,Reported
9,2026-08-01,5,12,Reported
9,2026-08-01,6,0,Reported zero
9,2026-08-01,7,11,Reported
9,2026-08-01,8,8,Reported
9,2026-08-01,9,10,Reported
9,2026-08-01,10,35,Reported
9,2026-08-01,11,34,Reported
9,2026-08-01,12,8,Reported
9,2026-08-01,13,0,Reported zero
9,2026-08-01,14,0,Reported zero
9,2026-08-01,15,0,Reported zero
9,2026-08-01,16,0,Reported zero
9,2026-08-01,17,0,Reported zero
9,2026-08-01,18,0,Reported zero
9,2026-08-01,19,0,Reported zero
9,2026-08-01,20,0,Reported zero
9,2026-08-01,21,11,Reported
9,2026-08-01,22,3,Reported
9,2026-08-01,23,3,Reported
9,2026-08-01,24,31,Reported
9,2026-08-01,25,23,Reported
9,2026-08-01,26,23,Reported
9,2026-08-01,27,4,Reported
9,2026-09-01,1,452,Reported
9,2026-09-01,2,1,Reported
9,2026-09-01,3,46,Reported
9,2026-09-01,4,14,Reported
9,2026-09-01,5,5,Corrected upstream (documented)
9,2026-09-01,6,6,Reported
9,2026-09-01,7,18,Reported
9,2026-09-01,8,9,Reported
9,2026-09-01,9,12,Reported
9,2026-09-01,10,29,Reported
9,2026-09-01,11,54,Reported
9,2026-09-01,12,39,Reported
9,2026-09-01,13,6,Reported
9,2026-09-01,14,2,Reported
9,2026-09-01,15,0,Reported zero
9,2026-09-01,16,0,Reported zero
9,2026-09-01,17,0,Reported zero
9,2026-09-01,18,1,Reported
9,2026-09-01,19,1,Reported
9,2026-09-01,20,0,Reported zero
9,2026-09-01,21,10,Reported
9,2026-09-01,22,2,Reported
9,2026-09-01,23,26,Reported
9,2026-09-01,24,26,Reported
9,2026-09-01,25,24,Reported
9,2026-09-01,26,26,Reported
9,2026-09-01,27,4,Reported
10,2026-01-01,1,441,Reported
10,2026-01-01,2,170,Reported
10,2026-01-01,3,75,Reported
10,2026-01-01,4,25,Reported
10,2026-01-01,5,9,Reported
10,2026-01-01,6,2,Reported
10,2026-01-01,7,21,Reported
10,2026-01-01,8,12,Reported
10,2026-01-01,9,10,Reported
10,2026-01-01,10,26,Reported
10,2026-01-01,11,194,Reported
10,2026-01-01,12,38,Reported
10,2026-01-01,13,87,Reported
10,2026-01-01,14,51,Reported
10,2026-01-01,15,,Not captured on form
10,2026-01-01,16,,Not captured on form
10,2026-01-01,17,,Not captured on form
10,2026-01-01,18,,Not captured on form
10,2026-01-01,19,,Not captured on form
10,2026-01-01,20,,Not captured on form
10,2026-01-01,21,52,Reported
10,2026-01-01,22,24,Reported
10,2026-01-01,23,24,Reported
10,2026-01-01,24,110,Reported
10,2026-01-01,25,41,Reported
10,2026-01-01,26,41,Reported
10,2026-01-01,27,8,Reported
10,2026-02-01,1,445,Reported
10,2026-02-01,2,168,Reported
10,2026-02-01,3,73,Reported
10,2026-02-01,4,25,Reported
10,2026-02-01,5,8,Reported
10,2026-02-01,6,1,Reported
10,2026-02-01,7,16,Reported
10,2026-02-01,8,19,Reported
10,2026-02-01,9,8,Reported
10,2026-02-01,10,25,Reported
10,2026-02-01,11,155,Reported
10,2026-02-01,12,39,Reported
10,2026-02-01,13,60,Reported
10,2026-02-01,14,39,Reported
10,2026-02-01,15,,Not captured on form
10,2026-02-01,16,,Not captured on form
10,2026-02-01,17,,Not captured on form
10,2026-02-01,18,,Not captured on form
10,2026-02-01,19,,Not captured on form
10,2026-02-01,20,,Not captured on form
10,2026-02-01,21,46,Reported
10,2026-02-01,22,15,Reported
10,2026-02-01,23,15,Reported
10,2026-02-01,24,102,Reported
10,2026-02-01,25,55,Reported
10,2026-02-01,26,55,Reported
10,2026-02-01,27,4,Reported
10,2026-03-01,1,504,Reported
10,2026-03-01,2,172,Reported
10,2026-03-01,3,88,Reported
10,2026-03-01,4,30,Reported
10,2026-03-01,5,9,Reported
10,2026-03-01,6,3,Reported
10,2026-03-01,7,14,Reported
10,2026-03-01,8,14,Reported
10,2026-03-01,9,18,Reported
10,2026-03-01,10,23,Reported
10,2026-03-01,11,175,Reported
10,2026-03-01,12,39,Reported
10,2026-03-01,13,125,Reported
10,2026-03-01,14,88,Reported
10,2026-03-01,15,,Not captured on form
10,2026-03-01,16,,Not captured on form
10,2026-03-01,17,,Not captured on form
10,2026-03-01,18,,Not captured on form
10,2026-03-01,19,,Not captured on form
10,2026-03-01,20,,Not captured on form
10,2026-03-01,21,30,Reported
10,2026-03-01,22,17,Reported
10,2026-03-01,23,17,Reported
10,2026-03-01,24,117,Reported
10,2026-03-01,25,48,Reported
10,2026-03-01,26,48,Reported
10,2026-03-01,27,4,Reported
10,2026-04-01,1,506,Reported
10,2026-04-01,2,107,Reported
10,2026-04-01,3,110,Reported
10,2026-04-01,4,25,Reported
10,2026-04-01,5,7,Reported
10,2026-04-01,6,5,Reported
10,2026-04-01,7,24,Reported
10,2026-04-01,8,34,Reported
10,2026-04-01,9,22,Reported
10,2026-04-01,10,23,Reported
10,2026-04-01,11,180,Reported
10,2026-04-01,12,40,Reported
10,2026-04-01,13,75,Reported
10,2026-04-01,14,60,Reported
10,2026-04-01,15,,Not captured on form
10,2026-04-01,16,,Not captured on form
10,2026-04-01,17,,Not captured on form
10,2026-04-01,18,,Not captured on form
10,2026-04-01,19,,Not captured on form
10,2026-04-01,20,,Not captured on form
10,2026-04-01,21,31,Reported
10,2026-04-01,22,8,Reported
10,2026-04-01,23,8,Reported
10,2026-04-01,24,61,Reported
10,2026-04-01,25,31,Reported
10,2026-04-01,26,31,Reported
10,2026-04-01,27,4,Reported
10,2026-05-01,1,510,Reported
10,2026-05-01,2,133,Reported
10,2026-05-01,3,126,Reported
10,2026-05-01,4,27,Reported
10,2026-05-01,5,22,Reported
10,2026-05-01,6,3,Reported
10,2026-05-01,7,21,Reported
10,2026-05-01,8,24,Reported
10,2026-05-01,9,33,Reported
10,2026-05-01,10,26,Reported
10,2026-05-01,11,74,Reported
10,2026-05-01,12,31,Reported
10,2026-05-01,13,66,Reported
10,2026-05-01,14,46,Reported
10,2026-05-01,15,,Not captured on form
10,2026-05-01,16,,Not captured on form
10,2026-05-01,17,,Not captured on form
10,2026-05-01,18,,Not captured on form
10,2026-05-01,19,,Not captured on form
10,2026-05-01,20,,Not captured on form
10,2026-05-01,21,30,Reported
10,2026-05-01,22,10,Reported
10,2026-05-01,23,10,Reported
10,2026-05-01,24,79,Reported
10,2026-05-01,25,39,Reported
10,2026-05-01,26,39,Reported
10,2026-05-01,27,4,Reported
10,2026-06-01,1,499,Reported
10,2026-06-01,2,137,Reported
10,2026-06-01,3,81,Reported
10,2026-06-01,4,16,Reported
10,2026-06-01,5,21,Reported
10,2026-06-01,6,2,Reported
10,2026-06-01,7,19,Reported
10,2026-06-01,8,20,Reported
10,2026-06-01,9,19,Reported
10,2026-06-01,10,26,Reported
10,2026-06-01,11,391,Reported
10,2026-06-01,12,35,Reported
10,2026-06-01,13,100,Reported
10,2026-06-01,14,74,Reported
10,2026-06-01,15,19,Reported
10,2026-06-01,16,6,Reported
10,2026-06-01,17,3,Reported
10,2026-06-01,18,40,Reported
10,2026-06-01,19,46,Reported
10,2026-06-01,20,4,Reported
10,2026-06-01,21,33,Reported
10,2026-06-01,22,20,Reported
10,2026-06-01,23,20,Reported
10,2026-06-01,24,96,Reported
10,2026-06-01,25,59,Reported
10,2026-06-01,26,59,Reported
10,2026-06-01,27,4,Reported
10,2026-07-01,1,544,Reported
10,2026-07-01,2,159,Reported
10,2026-07-01,3,101,Reported
10,2026-07-01,4,20,Reported
10,2026-07-01,5,17,Reported
10,2026-07-01,6,1,Reported
10,2026-07-01,7,23,Reported
10,2026-07-01,8,22,Reported
10,2026-07-01,9,20,Reported
10,2026-07-01,10,36,Reported
10,2026-07-01,11,158,Reported
10,2026-07-01,12,26,Reported
10,2026-07-01,13,100,Reported
10,2026-07-01,14,82,Reported
10,2026-07-01,15,654,Reported
10,2026-07-01,16,62,Reported
10,2026-07-01,17,0,Reported zero
10,2026-07-01,18,16,Reported
10,2026-07-01,19,69,Reported
10,2026-07-01,20,0,Reported zero
10,2026-07-01,21,36,Reported
10,2026-07-01,22,10,Reported
10,2026-07-01,23,10,Reported
10,2026-07-01,24,107,Reported
10,2026-07-01,25,35,Reported
10,2026-07-01,26,35,Reported
10,2026-07-01,27,4,Reported
10,2026-08-01,1,479,Reported
10,2026-08-01,2,164,Reported
10,2026-08-01,3,91,Reported
10,2026-08-01,4,21,Reported
10,2026-08-01,5,18,Reported
10,2026-08-01,6,1,Reported
10,2026-08-01,7,17,Reported
10,2026-08-01,8,14,Reported
10,2026-08-01,9,32,Reported
10,2026-08-01,10,23,Reported
10,2026-08-01,11,198,Reported
10,2026-08-01,12,38,Reported
10,2026-08-01,13,60,Reported
10,2026-08-01,14,50,Reported
10,2026-08-01,15,0,Reported zero
10,2026-08-01,16,0,Reported zero
10,2026-08-01,17,0,Reported zero
10,2026-08-01,18,3,Reported
10,2026-08-01,19,45,Reported
10,2026-08-01,20,0,Reported zero
10,2026-08-01,21,35,Reported
10,2026-08-01,22,12,Reported
10,2026-08-01,23,12,Reported
10,2026-08-01,24,111,Reported
10,2026-08-01,25,33,Reported
10,2026-08-01,26,33,Reported
10,2026-08-01,27,4,Reported
10,2026-09-01,1,587,Reported
10,2026-09-01,2,142,Reported
10,2026-09-01,3,112,Reported
10,2026-09-01,4,30,Reported
10,2026-09-01,5,17,Reported
10,2026-09-01,6,1,Reported
10,2026-09-01,7,21,Reported
10,2026-09-01,8,19,Reported
10,2026-09-01,9,21,Reported
10,2026-09-01,10,33,Reported
10,2026-09-01,11,160,Reported
10,2026-09-01,12,30,Reported
10,2026-09-01,13,114,Reported
10,2026-09-01,14,82,Reported
10,2026-09-01,15,7,Reported
10,2026-09-01,16,3,Reported
10,2026-09-01,17,0,Reported zero
10,2026-09-01,18,61,Reported
10,2026-09-01,19,51,Reported
10,2026-09-01,20,4,Reported
10,2026-09-01,21,28,Reported
10,2026-09-01,22,8,Reported
10,2026-09-01,23,8,Reported
10,2026-09-01,24,104,Reported
10,2026-09-01,25,47,Reported
10,2026-09-01,26,47,Reported
10,2026-09-01,27,3,Reported
11,2026-01-01,1,3947,Reported
11,2026-01-01,2,2332,Reported
11,2026-01-01,3,1001,Reported
11,2026-01-01,4,323,Reported
11,2026-01-01,5,105,Reported
11,2026-01-01,6,5,Reported
11,2026-01-01,7,323,Reported
11,2026-01-01,8,278,Reported
11,2026-01-01,9,193,Reported
11,2026-01-01,10,135,Reported
11,2026-01-01,11,747,Reported
11,2026-01-01,12,121,Reported
11,2026-01-01,13,225,Reported
11,2026-01-01,14,225,Reported
11,2026-01-01,15,,Not captured on form
11,2026-01-01,16,,Not captured on form
11,2026-01-01,17,,Not captured on form
11,2026-01-01,18,,Not captured on form
11,2026-01-01,19,,Not captured on form
11,2026-01-01,20,,Not captured on form
11,2026-01-01,21,227,Reported
11,2026-01-01,22,87,Reported
11,2026-01-01,23,87,Reported
11,2026-01-01,24,1299,Reported
11,2026-01-01,25,669,Reported
11,2026-01-01,26,669,Reported
11,2026-01-01,27,0,Reported zero
11,2026-02-01,1,3678,Reported
11,2026-02-01,2,1860,Reported
11,2026-02-01,3,888,Reported
11,2026-02-01,4,289,Reported
11,2026-02-01,5,104,Reported
11,2026-02-01,6,3,Reported
11,2026-02-01,7,289,Reported
11,2026-02-01,8,200,Reported
11,2026-02-01,9,221,Reported
11,2026-02-01,10,113,Reported
11,2026-02-01,11,573,Reported
11,2026-02-01,12,128,Reported
11,2026-02-01,13,223,Reported
11,2026-02-01,14,76,Reported
11,2026-02-01,15,,Not captured on form
11,2026-02-01,16,,Not captured on form
11,2026-02-01,17,,Not captured on form
11,2026-02-01,18,,Not captured on form
11,2026-02-01,19,,Not captured on form
11,2026-02-01,20,,Not captured on form
11,2026-02-01,21,153,Reported
11,2026-02-01,22,107,Reported
11,2026-02-01,23,107,Reported
11,2026-02-01,24,765,Reported
11,2026-02-01,25,567,Reported
11,2026-02-01,26,567,Reported
11,2026-02-01,27,4,Reported
11,2026-03-01,1,3753,Reported
11,2026-03-01,2,2014,Reported
11,2026-03-01,3,920,Reported
11,2026-03-01,4,386,Reported
11,2026-03-01,5,112,Reported
11,2026-03-01,6,3,Reported
11,2026-03-01,7,386,Reported
11,2026-03-01,8,193,Reported
11,2026-03-01,9,188,Reported
11,2026-03-01,10,126,Reported
11,2026-03-01,11,558,Reported
11,2026-03-01,12,83,Reported
11,2026-03-01,13,186,Reported
11,2026-03-01,14,79,Reported
11,2026-03-01,15,,Not captured on form
11,2026-03-01,16,,Not captured on form
11,2026-03-01,17,,Not captured on form
11,2026-03-01,18,,Not captured on form
11,2026-03-01,19,,Not captured on form
11,2026-03-01,20,,Not captured on form
11,2026-03-01,21,212,Reported
11,2026-03-01,22,128,Reported
11,2026-03-01,23,128,Reported
11,2026-03-01,24,842,Reported
11,2026-03-01,25,709,Reported
11,2026-03-01,26,709,Reported
11,2026-03-01,27,4,Reported
11,2026-04-01,1,3816,Reported
11,2026-04-01,2,1781,Reported
11,2026-04-01,3,966,Reported
11,2026-04-01,4,398,Reported
11,2026-04-01,5,94,Reported
11,2026-04-01,6,7,Reported
11,2026-04-01,7,398,Reported
11,2026-04-01,8,251,Reported
11,2026-04-01,9,160,Reported
11,2026-04-01,10,94,Reported
11,2026-04-01,11,782,Reported
11,2026-04-01,12,101,Reported
11,2026-04-01,13,226,Reported
11,2026-04-01,14,226,Reported
11,2026-04-01,15,,Not captured on form
11,2026-04-01,16,,Not captured on form
11,2026-04-01,17,,Not captured on form
11,2026-04-01,18,,Not captured on form
11,2026-04-01,19,,Not captured on form
11,2026-04-01,20,,Not captured on form
11,2026-04-01,21,190,Reported
11,2026-04-01,22,123,Reported
11,2026-04-01,23,123,Reported
11,2026-04-01,24,818,Reported
11,2026-04-01,25,631,Reported
11,2026-04-01,26,631,Reported
11,2026-04-01,27,8,Reported
11,2026-05-01,1,4080,Reported
11,2026-05-01,2,2343,Reported
11,2026-05-01,3,677,Reported
11,2026-05-01,4,244,Reported
11,2026-05-01,5,74,Reported
11,2026-05-01,6,1,Reported
11,2026-05-01,7,244,Reported
11,2026-05-01,8,234,Reported
11,2026-05-01,9,124,Reported
11,2026-05-01,10,75,Reported
11,2026-05-01,11,445,Reported
11,2026-05-01,12,84,Reported
11,2026-05-01,13,209,Reported
11,2026-05-01,14,78,Reported
11,2026-05-01,15,,Not captured on form
11,2026-05-01,16,,Not captured on form
11,2026-05-01,17,,Not captured on form
11,2026-05-01,18,,Not captured on form
11,2026-05-01,19,,Not captured on form
11,2026-05-01,20,,Not captured on form
11,2026-05-01,21,275,Reported
11,2026-05-01,22,163,Reported
11,2026-05-01,23,163,Reported
11,2026-05-01,24,1301,Reported
11,2026-05-01,25,500,Reported
11,2026-05-01,26,500,Reported
11,2026-05-01,27,4,Reported
11,2026-06-01,1,4898,Reported
11,2026-06-01,2,2685,Reported
11,2026-06-01,3,1000,Reported
11,2026-06-01,4,359,Reported
11,2026-06-01,5,147,Reported
11,2026-06-01,6,1,Reported
11,2026-06-01,7,359,Reported
11,2026-06-01,8,286,Reported
11,2026-06-01,9,207,Reported
11,2026-06-01,10,116,Reported
11,2026-06-01,11,841,Reported
11,2026-06-01,12,186,Reported
11,2026-06-01,13,220,Reported
11,2026-06-01,14,220,Reported
11,2026-06-01,15,18,Reported
11,2026-06-01,16,0,Reported zero
11,2026-06-01,17,45,Reported
11,2026-06-01,18,113,Reported
11,2026-06-01,19,31,Reported
11,2026-06-01,20,10,Reported
11,2026-06-01,21,283,Reported
11,2026-06-01,22,164,Reported
11,2026-06-01,23,164,Reported
11,2026-06-01,24,1985,Reported
11,2026-06-01,25,974,Reported
11,2026-06-01,26,974,Reported
11,2026-06-01,27,4,Reported
11,2026-07-01,1,4397,Reported
11,2026-07-01,2,2733,Reported
11,2026-07-01,3,714,Reported
11,2026-07-01,4,253,Reported
11,2026-07-01,5,113,Reported
11,2026-07-01,6,10,Reported
11,2026-07-01,7,253,Reported
11,2026-07-01,8,196,Reported
11,2026-07-01,9,142,Reported
11,2026-07-01,10,116,Reported
11,2026-07-01,11,634,Reported
11,2026-07-01,12,179,Reported
11,2026-07-01,13,210,Reported
11,2026-07-01,14,125,Reported
11,2026-07-01,15,11,Reported
11,2026-07-01,16,0,Reported zero
11,2026-07-01,17,9,Reported
11,2026-07-01,18,101,Reported
11,2026-07-01,19,75,Reported
11,2026-07-01,20,6,Reported
11,2026-07-01,21,301,Reported
11,2026-07-01,22,199,Reported
11,2026-07-01,23,199,Reported
11,2026-07-01,24,2115,Reported
11,2026-07-01,25,1032,Reported
11,2026-07-01,26,1032,Reported
11,2026-07-01,27,4,Reported
11,2026-08-01,1,4842,Reported
11,2026-08-01,2,2881,Reported
11,2026-08-01,3,822,Reported
11,2026-08-01,4,376,Reported
11,2026-08-01,5,117,Reported
11,2026-08-01,6,2,Reported
11,2026-08-01,7,376,Reported
11,2026-08-01,8,185,Reported
11,2026-08-01,9,142,Reported
11,2026-08-01,10,120,Reported
11,2026-08-01,11,631,Reported
11,2026-08-01,12,135,Reported
11,2026-08-01,13,307,Reported
11,2026-08-01,14,71,Reported
11,2026-08-01,15,21,Reported
11,2026-08-01,16,1,Reported
11,2026-08-01,17,39,Reported
11,2026-08-01,18,169,Reported
11,2026-08-01,19,52,Reported
11,2026-08-01,20,4,Reported
11,2026-08-01,21,295,Reported
11,2026-08-01,22,186,Reported
11,2026-08-01,23,186,Reported
11,2026-08-01,24,2308,Reported
11,2026-08-01,25,1109,Reported
11,2026-08-01,26,1109,Reported
11,2026-08-01,27,4,Reported
11,2026-09-01,1,5178,Reported
11,2026-09-01,2,3341,Reported
11,2026-09-01,3,902,Reported
11,2026-09-01,4,332,Reported
11,2026-09-01,5,213,Reported
11,2026-09-01,6,15,Reported
11,2026-09-01,7,332,Reported
11,2026-09-01,8,202,Reported
11,2026-09-01,9,140,Reported
11,2026-09-01,10,81,Reported
11,2026-09-01,11,606,Reported
11,2026-09-01,12,113,Reported
11,2026-09-01,13,311,Reported
11,2026-09-01,14,53,Reported
11,2026-09-01,15,41,Reported
11,2026-09-01,16,0,Reported zero
11,2026-09-01,17,20,Reported
11,2026-09-01,18,147,Reported
11,2026-09-01,19,114,Reported
11,2026-09-01,20,13,Reported
11,2026-09-01,21,557,Reported
11,2026-09-01,22,361,Reported
11,2026-09-01,23,361,Reported
11,2026-09-01,24,2495,Reported
11,2026-09-01,25,1232,Reported
11,2026-09-01,26,1232,Reported
11,2026-09-01,27,4,Reported
12,2026-01-01,1,1806,Reported
12,2026-01-01,2,722,Reported
12,2026-01-01,3,183,Reported
12,2026-01-01,4,49,Reported
12,2026-01-01,5,41,Reported
12,2026-01-01,6,9,Reported
12,2026-01-01,7,13,Reported
12,2026-01-01,8,41,Reported
12,2026-01-01,9,34,Reported
12,2026-01-01,10,96,Reported
12,2026-01-01,11,732,Reported
12,2026-01-01,12,89,Reported
12,2026-01-01,13,319,Reported
12,2026-01-01,14,136,Reported
12,2026-01-01,15,,Not captured on form
12,2026-01-01,16,,Not captured on form
12,2026-01-01,17,,Not captured on form
12,2026-01-01,18,,Not captured on form
12,2026-01-01,19,,Not captured on form
12,2026-01-01,20,,Not captured on form
12,2026-01-01,21,125,Reported
12,2026-01-01,22,74,Reported
12,2026-01-01,23,74,Reported
12,2026-01-01,24,244,Reported
12,2026-01-01,25,123,Reported
12,2026-01-01,26,123,Reported
12,2026-01-01,27,0,Reported zero
12,2026-02-01,1,2117,Reported
12,2026-02-01,2,552,Reported
12,2026-02-01,3,151,Reported
12,2026-02-01,4,49,Reported
12,2026-02-01,5,24,Reported
12,2026-02-01,6,3,Reported
12,2026-02-01,7,41,Reported
12,2026-02-01,8,27,Reported
12,2026-02-01,9,33,Reported
12,2026-02-01,10,81,Reported
12,2026-02-01,11,448,Reported
12,2026-02-01,12,69,Reported
12,2026-02-01,13,76,Reported
12,2026-02-01,14,35,Reported
12,2026-02-01,15,,Not captured on form
12,2026-02-01,16,,Not captured on form
12,2026-02-01,17,,Not captured on form
12,2026-02-01,18,,Not captured on form
12,2026-02-01,19,,Not captured on form
12,2026-02-01,20,,Not captured on form
12,2026-02-01,21,23,Reported
12,2026-02-01,22,23,Reported
12,2026-02-01,23,23,Reported
12,2026-02-01,24,59,Reported
12,2026-02-01,25,5,Reported
12,2026-02-01,26,5,Reported
12,2026-02-01,27,4,Reported
12,2026-03-01,1,2083,Reported
12,2026-03-01,2,1070,Reported
12,2026-03-01,3,154,Reported
12,2026-03-01,4,59,Reported
12,2026-03-01,5,24,Reported
12,2026-03-01,6,6,Reported
12,2026-03-01,7,41,Reported
12,2026-03-01,8,30,Reported
12,2026-03-01,9,18,Reported
12,2026-03-01,10,80,Reported
12,2026-03-01,11,401,Reported
12,2026-03-01,12,51,Reported
12,2026-03-01,13,181,Reported
12,2026-03-01,14,181,Reported
12,2026-03-01,15,,Not captured on form
12,2026-03-01,16,,Not captured on form
12,2026-03-01,17,,Not captured on form
12,2026-03-01,18,,Not captured on form
12,2026-03-01,19,,Not captured on form
12,2026-03-01,20,,Not captured on form
12,2026-03-01,21,152,Reported
12,2026-03-01,22,57,Reported
12,2026-03-01,23,57,Reported
12,2026-03-01,24,247,Reported
12,2026-03-01,25,107,Reported
12,2026-03-01,26,107,Reported
12,2026-03-01,27,1,Reported
12,2026-04-01,1,2899,Reported
12,2026-04-01,2,1702,Reported
12,2026-04-01,3,160,Reported
12,2026-04-01,4,52,Reported
12,2026-04-01,5,21,Reported
12,2026-04-01,6,5,Reported
12,2026-04-01,7,47,Reported
12,2026-04-01,8,40,Reported
12,2026-04-01,9,36,Reported
12,2026-04-01,10,95,Reported
12,2026-04-01,11,650,Reported
12,2026-04-01,12,93,Reported
12,2026-04-01,13,125,Reported
12,2026-04-01,14,125,Reported
12,2026-04-01,15,,Not captured on form
12,2026-04-01,16,,Not captured on form
12,2026-04-01,17,,Not captured on form
12,2026-04-01,18,,Not captured on form
12,2026-04-01,19,,Not captured on form
12,2026-04-01,20,,Not captured on form
12,2026-04-01,21,169,Reported
12,2026-04-01,22,20,Reported
12,2026-04-01,23,20,Reported
12,2026-04-01,24,430,Reported
12,2026-04-01,25,76,Reported
12,2026-04-01,26,76,Reported
12,2026-04-01,27,3,Reported
12,2026-05-01,1,2311,Reported
12,2026-05-01,2,1154,Reported
12,2026-05-01,3,111,Reported
12,2026-05-01,4,39,Reported
12,2026-05-01,5,37,Reported
12,2026-05-01,6,2,Reported
12,2026-05-01,7,39,Reported
12,2026-05-01,8,12,Reported
12,2026-05-01,9,33,Reported
12,2026-05-01,10,98,Reported
12,2026-05-01,11,485,Reported
12,2026-05-01,12,66,Reported
12,2026-05-01,13,101,Reported
12,2026-05-01,14,101,Reported
12,2026-05-01,15,,Not captured on form
12,2026-05-01,16,,Not captured on form
12,2026-05-01,17,,Not captured on form
12,2026-05-01,18,,Not captured on form
12,2026-05-01,19,,Not captured on form
12,2026-05-01,20,,Not captured on form
12,2026-05-01,21,136,Reported
12,2026-05-01,22,53,Reported
12,2026-05-01,23,53,Reported
12,2026-05-01,24,212,Reported
12,2026-05-01,25,96,Reported
12,2026-05-01,26,96,Reported
12,2026-05-01,27,2,Reported
12,2026-06-01,1,2877,Reported
12,2026-06-01,2,1388,Reported
12,2026-06-01,3,178,Reported
12,2026-06-01,4,71,Reported
12,2026-06-01,5,56,Reported
12,2026-06-01,6,0,Reported zero
12,2026-06-01,7,73,Reported
12,2026-06-01,8,34,Reported
12,2026-06-01,9,56,Reported
12,2026-06-01,10,62,Reported
12,2026-06-01,11,581,Reported
12,2026-06-01,12,126,Reported
12,2026-06-01,13,153,Reported
12,2026-06-01,14,153,Reported
12,2026-06-01,15,0,Reported zero
12,2026-06-01,16,0,Reported zero
12,2026-06-01,17,3,Reported
12,2026-06-01,18,42,Reported
12,2026-06-01,19,60,Reported
12,2026-06-01,20,36,Reported
12,2026-06-01,21,156,Reported
12,2026-06-01,22,49,Reported
12,2026-06-01,23,49,Reported
12,2026-06-01,24,250,Reported
12,2026-06-01,25,69,Reported
12,2026-06-01,26,69,Reported
12,2026-06-01,27,4,Reported
12,2026-07-01,1,2738,Reported
12,2026-07-01,2,943,Reported
12,2026-07-01,3,177,Reported
12,2026-07-01,4,71,Reported
12,2026-07-01,5,59,Reported
12,2026-07-01,6,8,Reported
12,2026-07-01,7,71,Reported
12,2026-07-01,8,28,Reported
12,2026-07-01,9,3,Reported
12,2026-07-01,10,65,Reported
12,2026-07-01,11,505,Reported
12,2026-07-01,12,114,Reported
12,2026-07-01,13,146,Reported
12,2026-07-01,14,89,Reported
12,2026-07-01,15,35,Reported
12,2026-07-01,16,0,Reported zero
12,2026-07-01,17,10,Reported
12,2026-07-01,18,66,Reported
12,2026-07-01,19,55,Reported
12,2026-07-01,20,6,Reported
12,2026-07-01,21,169,Reported
12,2026-07-01,22,101,Reported
12,2026-07-01,23,101,Reported
12,2026-07-01,24,256,Reported
12,2026-07-01,25,172,Reported
12,2026-07-01,26,172,Reported
12,2026-07-01,27,0,Reported zero
12,2026-08-01,1,2989,Reported
12,2026-08-01,2,1386,Reported
12,2026-08-01,3,171,Reported
12,2026-08-01,4,66,Reported
12,2026-08-01,5,47,Reported
12,2026-08-01,6,1,Reported
12,2026-08-01,7,63,Reported
12,2026-08-01,8,22,Reported
12,2026-08-01,9,32,Reported
12,2026-08-01,10,76,Reported
12,2026-08-01,11,444,Reported
12,2026-08-01,12,111,Reported
12,2026-08-01,13,119,Reported
12,2026-08-01,14,75,Reported
12,2026-08-01,15,0,Reported zero
12,2026-08-01,16,0,Reported zero
12,2026-08-01,17,6,Reported
12,2026-08-01,18,48,Reported
12,2026-08-01,19,45,Reported
12,2026-08-01,20,7,Reported
12,2026-08-01,21,206,Reported
12,2026-08-01,22,107,Reported
12,2026-08-01,23,107,Reported
12,2026-08-01,24,502,Reported
12,2026-08-01,25,249,Reported
12,2026-08-01,26,249,Reported
12,2026-08-01,27,1,Reported
12,2026-09-01,1,3124,Reported
12,2026-09-01,2,1793,Reported
12,2026-09-01,3,260,Reported
12,2026-09-01,4,103,Reported
12,2026-09-01,5,93,Reported
12,2026-09-01,6,9,Reported
12,2026-09-01,7,103,Reported
12,2026-09-01,8,69,Reported
12,2026-09-01,9,85,Reported
12,2026-09-01,10,51,Reported
12,2026-09-01,11,461,Reported
12,2026-09-01,12,97,Reported
12,2026-09-01,13,110,Reported
12,2026-09-01,14,71,Reported
12,2026-09-01,15,0,Reported zero
12,2026-09-01,16,0,Reported zero
12,2026-09-01,17,3,Reported
12,2026-09-01,18,48,Reported
12,2026-09-01,19,24,Reported
12,2026-09-01,20,24,Reported
12,2026-09-01,21,282,Reported
12,2026-09-01,22,133,Reported
12,2026-09-01,23,133,Reported
12,2026-09-01,24,761,Reported
12,2026-09-01,25,520,Reported
12,2026-09-01,26,520,Reported
12,2026-09-01,27,0,Reported zero
13,2026-01-01,1,905,Reported
13,2026-01-01,2,479,Reported
13,2026-01-01,3,291,Reported
13,2026-01-01,4,57,Reported
13,2026-01-01,5,54,Reported
13,2026-01-01,6,33,Reported
13,2026-01-01,7,32,Reported
13,2026-01-01,8,52,Reported
13,2026-01-01,9,53,Reported
13,2026-01-01,10,54,Reported
13,2026-01-01,11,175,Reported
13,2026-01-01,12,28,Reported
13,2026-01-01,13,56,Reported
13,2026-01-01,14,31,Reported
13,2026-01-01,15,,Not captured on form
13,2026-01-01,16,,Not captured on form
13,2026-01-01,17,,Not captured on form
13,2026-01-01,18,,Not captured on form
13,2026-01-01,19,,Not captured on form
13,2026-01-01,20,,Not captured on form
13,2026-01-01,21,55,Reported
13,2026-01-01,22,49,Reported
13,2026-01-01,23,49,Reported
13,2026-01-01,24,288,Reported
13,2026-01-01,25,275,Reported
13,2026-01-01,26,275,Reported
13,2026-01-01,27,4,Reported
13,2026-02-01,1,893,Reported
13,2026-02-01,2,425,Reported
13,2026-02-01,3,279,Reported
13,2026-02-01,4,58,Reported
13,2026-02-01,5,56,Reported
13,2026-02-01,6,23,Reported
13,2026-02-01,7,49,Reported
13,2026-02-01,8,54,Reported
13,2026-02-01,9,60,Reported
13,2026-02-01,10,114,Reported
13,2026-02-01,11,193,Reported
13,2026-02-01,12,26,Reported
13,2026-02-01,13,40,Reported
13,2026-02-01,14,29,Reported
13,2026-02-01,15,,Not captured on form
13,2026-02-01,16,,Not captured on form
13,2026-02-01,17,,Not captured on form
13,2026-02-01,18,,Not captured on form
13,2026-02-01,19,,Not captured on form
13,2026-02-01,20,,Not captured on form
13,2026-02-01,21,58,Reported
13,2026-02-01,22,48,Reported
13,2026-02-01,23,48,Reported
13,2026-02-01,24,261,Reported
13,2026-02-01,25,252,Reported
13,2026-02-01,26,252,Reported
13,2026-02-01,27,4,Reported
13,2026-03-01,1,913,Reported
13,2026-03-01,2,475,Reported
13,2026-03-01,3,261,Reported
13,2026-03-01,4,56,Reported
13,2026-03-01,5,54,Reported
13,2026-03-01,6,20,Reported
13,2026-03-01,7,10,Reported
13,2026-03-01,8,8,Reported
13,2026-03-01,9,7,Reported
13,2026-03-01,10,30,Reported
13,2026-03-01,11,177,Reported
13,2026-03-01,12,29,Reported
13,2026-03-01,13,46,Reported
13,2026-03-01,14,26,Reported
13,2026-03-01,15,,Not captured on form
13,2026-03-01,16,,Not captured on form
13,2026-03-01,17,,Not captured on form
13,2026-03-01,18,,Not captured on form
13,2026-03-01,19,,Not captured on form
13,2026-03-01,20,,Not captured on form
13,2026-03-01,21,61,Reported
13,2026-03-01,22,53,Reported
13,2026-03-01,23,53,Reported
13,2026-03-01,24,248,Reported
13,2026-03-01,25,239,Reported
13,2026-03-01,26,239,Reported
13,2026-03-01,27,5,Reported
13,2026-04-01,1,1054,Reported
13,2026-04-01,2,445,Reported
13,2026-04-01,3,265,Reported
13,2026-04-01,4,58,Reported
13,2026-04-01,5,56,Reported
13,2026-04-01,6,20,Reported
13,2026-04-01,7,43,Reported
13,2026-04-01,8,54,Reported
13,2026-04-01,9,52,Reported
13,2026-04-01,10,40,Reported
13,2026-04-01,11,180,Reported
13,2026-04-01,12,27,Reported
13,2026-04-01,13,54,Reported
13,2026-04-01,14,29,Reported
13,2026-04-01,15,,Not captured on form
13,2026-04-01,16,,Not captured on form
13,2026-04-01,17,,Not captured on form
13,2026-04-01,18,,Not captured on form
13,2026-04-01,19,,Not captured on form
13,2026-04-01,20,,Not captured on form
13,2026-04-01,21,313,Reported
13,2026-04-01,22,61,Reported
13,2026-04-01,23,49,Reported
13,2026-04-01,24,252,Reported
13,2026-04-01,25,233,Reported
13,2026-04-01,26,233,Reported
13,2026-04-01,27,4,Reported
13,2026-05-01,1,1012,Reported
13,2026-05-01,2,425,Reported
13,2026-05-01,3,254,Reported
13,2026-05-01,4,57,Reported
13,2026-05-01,5,53,Reported
13,2026-05-01,6,53,Reported
13,2026-05-01,7,36,Reported
13,2026-05-01,8,56,Reported
13,2026-05-01,9,42,Reported
13,2026-05-01,10,66,Reported
13,2026-05-01,11,209,Reported
13,2026-05-01,12,28,Reported
13,2026-05-01,13,47,Reported
13,2026-05-01,14,30,Reported
13,2026-05-01,15,,Not captured on form
13,2026-05-01,16,,Not captured on form
13,2026-05-01,17,,Not captured on form
13,2026-05-01,18,,Not captured on form
13,2026-05-01,19,,Not captured on form
13,2026-05-01,20,,Not captured on form
13,2026-05-01,21,57,Reported
13,2026-05-01,22,39,Reported
13,2026-05-01,23,39,Reported
13,2026-05-01,24,254,Reported
13,2026-05-01,25,231,Reported
13,2026-05-01,26,231,Reported
13,2026-05-01,27,8,Reported
13,2026-06-01,1,1153,Reported
13,2026-06-01,2,549,Reported
13,2026-06-01,3,251,Reported
13,2026-06-01,4,73,Reported
13,2026-06-01,5,50,Reported
13,2026-06-01,6,18,Reported
13,2026-06-01,7,43,Reported
13,2026-06-01,8,51,Reported
13,2026-06-01,9,46,Reported
13,2026-06-01,10,46,Reported
13,2026-06-01,11,434,Reported
13,2026-06-01,12,42,Reported
13,2026-06-01,13,52,Reported
13,2026-06-01,14,32,Reported
13,2026-06-01,15,0,Reported zero
13,2026-06-01,16,61,Reported
13,2026-06-01,17,10,Reported
13,2026-06-01,18,27,Reported
13,2026-06-01,19,18,Reported
13,2026-06-01,20,0,Reported zero
13,2026-06-01,21,67,Reported
13,2026-06-01,22,62,Reported
13,2026-06-01,23,62,Reported
13,2026-06-01,24,304,Reported
13,2026-06-01,25,295,Reported
13,2026-06-01,26,295,Reported
13,2026-06-01,27,8,Reported
13,2026-07-01,1,1011,Reported
13,2026-07-01,2,526,Reported
13,2026-07-01,3,256,Reported
13,2026-07-01,4,54,Reported
13,2026-07-01,5,25,Reported
13,2026-07-01,6,29,Reported
13,2026-07-01,7,45,Reported
13,2026-07-01,8,50,Reported
13,2026-07-01,9,49,Reported
13,2026-07-01,10,42,Reported
13,2026-07-01,11,214,Reported
13,2026-07-01,12,41,Reported
13,2026-07-01,13,55,Reported
13,2026-07-01,14,36,Reported
13,2026-07-01,15,91,Reported
13,2026-07-01,16,0,Reported zero
13,2026-07-01,17,9,Reported
13,2026-07-01,18,26,Reported
13,2026-07-01,19,3,Reported
13,2026-07-01,20,7,Reported
13,2026-07-01,21,75,Reported
13,2026-07-01,22,67,Reported
13,2026-07-01,23,67,Reported
13,2026-07-01,24,363,Reported
13,2026-07-01,25,338,Reported
13,2026-07-01,26,363,Reported
13,2026-07-01,27,6,Reported
13,2026-08-01,1,1137,Reported
13,2026-08-01,2,629,Reported
13,2026-08-01,3,257,Reported
13,2026-08-01,4,56,Reported
13,2026-08-01,5,53,Reported
13,2026-08-01,6,15,Reported
13,2026-08-01,7,47,Reported
13,2026-08-01,8,52,Reported
13,2026-08-01,9,50,Reported
13,2026-08-01,10,49,Reported
13,2026-08-01,11,194,Reported
13,2026-08-01,12,34,Reported
13,2026-08-01,13,40,Reported
13,2026-08-01,14,24,Reported
13,2026-08-01,15,0,Reported zero
13,2026-08-01,16,0,Reported zero
13,2026-08-01,17,8,Reported
13,2026-08-01,18,24,Reported
13,2026-08-01,19,5,Reported
13,2026-08-01,20,0,Reported zero
13,2026-08-01,21,260,Reported
13,2026-08-01,22,254,Reported
13,2026-08-01,23,249,Reported
13,2026-08-01,24,249,Reported
13,2026-08-01,25,231,Reported
13,2026-08-01,26,231,Reported
13,2026-08-01,27,10,Reported
13,2026-09-01,1,1308,Reported
13,2026-09-01,2,893,Reported
13,2026-09-01,3,261,Reported
13,2026-09-01,4,90,Reported
13,2026-09-01,5,54,Reported
13,2026-09-01,6,19,Reported
13,2026-09-01,7,44,Reported
13,2026-09-01,8,55,Reported
13,2026-09-01,9,47,Reported
13,2026-09-01,10,54,Reported
13,2026-09-01,11,178,Reported
13,2026-09-01,12,30,Reported
13,2026-09-01,13,59,Reported
13,2026-09-01,14,37,Reported
13,2026-09-01,15,49,Reported
13,2026-09-01,16,0,Reported zero
13,2026-09-01,17,10,Reported
13,2026-09-01,18,27,Reported
13,2026-09-01,19,13,Reported
13,2026-09-01,20,0,Reported zero
13,2026-09-01,21,116,Reported
13,2026-09-01,22,105,Reported
13,2026-09-01,23,105,Reported
13,2026-09-01,24,569,Reported
13,2026-09-01,25,547,Reported
13,2026-09-01,26,569,Reported
13,2026-09-01,27,4,Reported
14,2026-01-01,1,140,Reported
14,2026-01-01,2,17,Reported
14,2026-01-01,3,8,Reported
14,2026-01-01,4,3,Reported
14,2026-01-01,5,2,Reported
14,2026-01-01,6,0,Reported zero
14,2026-01-01,7,1,Reported
14,2026-01-01,8,1,Reported
14,2026-01-01,9,0,Reported zero
14,2026-01-01,10,2,Reported
14,2026-01-01,11,69,Reported
14,2026-01-01,12,11,Reported
14,2026-01-01,13,5,Reported
14,2026-01-01,14,1,Reported
14,2026-01-01,15,,Not captured on form
14,2026-01-01,16,,Not captured on form
14,2026-01-01,17,,Not captured on form
14,2026-01-01,18,,Not captured on form
14,2026-01-01,19,,Not captured on form
14,2026-01-01,20,,Not captured on form
14,2026-01-01,21,3,Reported
14,2026-01-01,22,3,Reported
14,2026-01-01,23,3,Reported
14,2026-01-01,24,9,Reported
14,2026-01-01,25,9,Reported
14,2026-01-01,26,9,Reported
14,2026-01-01,27,2,Reported
14,2026-02-01,1,157,Reported
14,2026-02-01,2,38,Reported
14,2026-02-01,3,9,Reported
14,2026-02-01,4,4,Reported
14,2026-02-01,5,1,Reported
14,2026-02-01,6,0,Reported zero
14,2026-02-01,7,4,Reported
14,2026-02-01,8,1,Reported
14,2026-02-01,9,0,Reported zero
14,2026-02-01,10,0,Reported zero
14,2026-02-01,11,66,Reported
14,2026-02-01,12,13,Reported
14,2026-02-01,13,5,Reported
14,2026-02-01,14,2,Reported
14,2026-02-01,15,,Not captured on form
14,2026-02-01,16,,Not captured on form
14,2026-02-01,17,,Not captured on form
14,2026-02-01,18,,Not captured on form
14,2026-02-01,19,,Not captured on form
14,2026-02-01,20,,Not captured on form
14,2026-02-01,21,6,Reported
14,2026-02-01,22,6,Reported
14,2026-02-01,23,6,Reported
14,2026-02-01,24,16,Reported
14,2026-02-01,25,6,Reported
14,2026-02-01,26,6,Reported
14,2026-02-01,27,2,Reported
14,2026-03-01,1,140,Reported
14,2026-03-01,2,24,Reported
14,2026-03-01,3,8,Reported
14,2026-03-01,4,2,Reported
14,2026-03-01,5,0,Reported zero
14,2026-03-01,6,0,Reported zero
14,2026-03-01,7,1,Reported
14,2026-03-01,8,2,Reported
14,2026-03-01,9,0,Reported zero
14,2026-03-01,10,0,Reported zero
14,2026-03-01,11,63,Reported
14,2026-03-01,12,7,Reported
14,2026-03-01,13,6,Reported
14,2026-03-01,14,6,Reported
14,2026-03-01,15,,Not captured on form
14,2026-03-01,16,,Not captured on form
14,2026-03-01,17,,Not captured on form
14,2026-03-01,18,,Not captured on form
14,2026-03-01,19,,Not captured on form
14,2026-03-01,20,,Not captured on form
14,2026-03-01,21,5,Reported
14,2026-03-01,22,5,Reported
14,2026-03-01,23,5,Reported
14,2026-03-01,24,15,Reported
14,2026-03-01,25,15,Reported
14,2026-03-01,26,15,Reported
14,2026-03-01,27,2,Reported
14,2026-04-01,1,157,Reported
14,2026-04-01,2,27,Reported
14,2026-04-01,3,6,Reported
14,2026-04-01,4,1,Reported
14,2026-04-01,5,1,Reported
14,2026-04-01,6,0,Reported zero
14,2026-04-01,7,1,Reported
14,2026-04-01,8,2,Reported
14,2026-04-01,9,0,Reported zero
14,2026-04-01,10,2,Reported
14,2026-04-01,11,65,Reported
14,2026-04-01,12,9,Reported
14,2026-04-01,13,9,Reported
14,2026-04-01,14,4,Reported
14,2026-04-01,15,,Not captured on form
14,2026-04-01,16,,Not captured on form
14,2026-04-01,17,,Not captured on form
14,2026-04-01,18,,Not captured on form
14,2026-04-01,19,,Not captured on form
14,2026-04-01,20,,Not captured on form
14,2026-04-01,21,1,Reported
14,2026-04-01,22,1,Reported
14,2026-04-01,23,1,Reported
14,2026-04-01,24,21,Reported
14,2026-04-01,25,21,Reported
14,2026-04-01,26,21,Reported
14,2026-04-01,27,1,Reported
14,2026-05-01,1,183,Reported
14,2026-05-01,2,63,Reported
14,2026-05-01,3,4,Reported
14,2026-05-01,4,1,Reported
14,2026-05-01,5,0,Reported zero
14,2026-05-01,6,0,Reported zero
14,2026-05-01,7,1,Reported
14,2026-05-01,8,2,Reported
14,2026-05-01,9,0,Reported zero
14,2026-05-01,10,0,Reported zero
14,2026-05-01,11,75,Reported
14,2026-05-01,12,12,Reported
14,2026-05-01,13,0,Reported zero
14,2026-05-01,14,0,Reported zero
14,2026-05-01,15,,Not captured on form
14,2026-05-01,16,,Not captured on form
14,2026-05-01,17,,Not captured on form
14,2026-05-01,18,,Not captured on form
14,2026-05-01,19,,Not captured on form
14,2026-05-01,20,,Not captured on form
14,2026-05-01,21,4,Reported
14,2026-05-01,22,2,Reported
14,2026-05-01,23,2,Reported
14,2026-05-01,24,54,Reported
14,2026-05-01,25,51,Reported
14,2026-05-01,26,51,Reported
14,2026-05-01,27,1,Reported
14,2026-06-01,1,224,Reported
14,2026-06-01,2,52,Reported
14,2026-06-01,3,5,Reported
14,2026-06-01,4,1,Reported
14,2026-06-01,5,0,Reported zero
14,2026-06-01,6,0,Reported zero
14,2026-06-01,7,1,Reported
14,2026-06-01,8,3,Reported
14,2026-06-01,9,0,Reported zero
14,2026-06-01,10,0,Reported zero
14,2026-06-01,11,1309,Reported
14,2026-06-01,12,18,Reported
14,2026-06-01,13,2,Reported
14,2026-06-01,14,2,Reported
14,2026-06-01,15,0,Reported zero
14,2026-06-01,16,0,Reported zero
14,2026-06-01,17,1,Reported
14,2026-06-01,18,1,Reported
14,2026-06-01,19,0,Reported zero
14,2026-06-01,20,0,Reported zero
14,2026-06-01,21,7,Reported
14,2026-06-01,22,7,Reported
14,2026-06-01,23,7,Reported
14,2026-06-01,24,19,Reported
14,2026-06-01,25,18,Reported
14,2026-06-01,26,18,Reported
14,2026-06-01,27,5,Reported
14,2026-07-01,1,306,Reported
14,2026-07-01,2,43,Reported
14,2026-07-01,3,10,Reported
14,2026-07-01,4,8,Reported
14,2026-07-01,5,1,Reported
14,2026-07-01,6,0,Reported zero
14,2026-07-01,7,4,Reported
14,2026-07-01,8,2,Reported
14,2026-07-01,9,0,Reported zero
14,2026-07-01,10,4,Reported
14,2026-07-01,11,105,Reported
14,2026-07-01,12,20,Reported
14,2026-07-01,13,7,Reported
14,2026-07-01,14,7,Reported
14,2026-07-01,15,3,Reported
14,2026-07-01,16,0,Reported zero
14,2026-07-01,17,1,Reported
14,2026-07-01,18,3,Reported
14,2026-07-01,19,0,Reported zero
14,2026-07-01,20,0,Reported zero
14,2026-07-01,21,2,Reported
14,2026-07-01,22,0,Reported zero
14,2026-07-01,23,0,Reported zero
14,2026-07-01,24,39,Reported
14,2026-07-01,25,16,Reported
14,2026-07-01,26,16,Reported
14,2026-07-01,27,6,Reported
14,2026-08-01,1,260,Reported
14,2026-08-01,2,56,Reported
14,2026-08-01,3,9,Reported
14,2026-08-01,4,5,Reported
14,2026-08-01,5,0,Reported zero
14,2026-08-01,6,0,Reported zero
14,2026-08-01,7,4,Reported
14,2026-08-01,8,2,Reported
14,2026-08-01,9,0,Reported zero
14,2026-08-01,10,3,Reported
14,2026-08-01,11,111,Reported
14,2026-08-01,12,12,Reported
14,2026-08-01,13,9,Reported
14,2026-08-01,14,5,Reported
14,2026-08-01,15,2,Reported
14,2026-08-01,16,0,Reported zero
14,2026-08-01,17,0,Reported zero
14,2026-08-01,18,3,Reported
14,2026-08-01,19,0,Reported zero
14,2026-08-01,20,0,Reported zero
14,2026-08-01,21,4,Reported
14,2026-08-01,22,4,Reported
14,2026-08-01,23,4,Reported
14,2026-08-01,24,48,Reported
14,2026-08-01,25,48,Reported
14,2026-08-01,26,48,Reported
14,2026-08-01,27,5,Reported
14,2026-09-01,1,242,Reported
14,2026-09-01,2,47,Reported
14,2026-09-01,3,11,Reported
14,2026-09-01,4,2,Reported
14,2026-09-01,5,0,Reported zero
14,2026-09-01,6,0,Reported zero
14,2026-09-01,7,2,Reported
14,2026-09-01,8,3,Reported
14,2026-09-01,9,0,Reported zero
14,2026-09-01,10,4,Reported
14,2026-09-01,11,129,Reported
14,2026-09-01,12,27,Reported
14,2026-09-01,13,9,Reported
14,2026-09-01,14,7,Reported
14,2026-09-01,15,3,Reported
14,2026-09-01,16,0,Reported zero
14,2026-09-01,17,2,Reported
14,2026-09-01,18,4,Reported
14,2026-09-01,19,0,Reported zero
14,2026-09-01,20,0,Reported zero
14,2026-09-01,21,7,Reported
14,2026-09-01,22,6,Reported
14,2026-09-01,23,6,Reported
14,2026-09-01,24,34,Reported
14,2026-09-01,25,33,Reported
14,2026-09-01,26,33,Reported
14,2026-09-01,27,5,Reported
15,2026-01-01,1,402,Reported
15,2026-01-01,2,228,Reported
15,2026-01-01,3,66,Reported
15,2026-01-01,4,14,Reported
15,2026-01-01,5,18,Reported
15,2026-01-01,6,8,Reported
15,2026-01-01,7,14,Reported
15,2026-01-01,8,18,Reported
15,2026-01-01,9,19,Reported
15,2026-01-01,10,44,Reported
15,2026-01-01,11,266,Reported
15,2026-01-01,12,56,Reported
15,2026-01-01,13,252,Reported
15,2026-01-01,14,252,Reported
15,2026-01-01,15,,Not captured on form
15,2026-01-01,16,,Not captured on form
15,2026-01-01,17,,Not captured on form
15,2026-01-01,18,,Not captured on form
15,2026-01-01,19,,Not captured on form
15,2026-01-01,20,,Not captured on form
15,2026-01-01,21,224,Reported
15,2026-01-01,22,94,Reported
15,2026-01-01,23,94,Reported
15,2026-01-01,24,116,Reported
15,2026-01-01,25,116,Reported
15,2026-01-01,26,116,Reported
15,2026-01-01,27,8,Reported
15,2026-02-01,1,500,Reported
15,2026-02-01,2,230,Reported
15,2026-02-01,3,50,Reported
15,2026-02-01,4,35,Reported
15,2026-02-01,5,15,Reported
15,2026-02-01,6,0,Reported zero
15,2026-02-01,7,35,Reported
15,2026-02-01,8,20,Reported
15,2026-02-01,9,15,Reported
15,2026-02-01,10,55,Reported
15,2026-02-01,11,261,Reported
15,2026-02-01,12,63,Reported
15,2026-02-01,13,201,Reported
15,2026-02-01,14,195,Reported
15,2026-02-01,15,,Not captured on form
15,2026-02-01,16,,Not captured on form
15,2026-02-01,17,,Not captured on form
15,2026-02-01,18,,Not captured on form
15,2026-02-01,19,,Not captured on form
15,2026-02-01,20,,Not captured on form
15,2026-02-01,21,166,Reported
15,2026-02-01,22,86,Reported
15,2026-02-01,23,80,Reported
15,2026-02-01,24,80,Reported
15,2026-02-01,25,78,Reported
15,2026-02-01,26,78,Reported
15,2026-02-01,27,4,Reported
15,2026-03-01,1,610,Reported
15,2026-03-01,2,290,Reported
15,2026-03-01,3,66,Reported
15,2026-03-01,4,36,Reported
15,2026-03-01,5,20,Reported
15,2026-03-01,6,0,Reported zero
15,2026-03-01,7,36,Reported
15,2026-03-01,8,20,Reported
15,2026-03-01,9,20,Reported
15,2026-03-01,10,56,Reported
15,2026-03-01,11,262,Reported
15,2026-03-01,12,44,Reported
15,2026-03-01,13,248,Reported
15,2026-03-01,14,190,Reported
15,2026-03-01,15,,Not captured on form
15,2026-03-01,16,,Not captured on form
15,2026-03-01,17,,Not captured on form
15,2026-03-01,18,,Not captured on form
15,2026-03-01,19,,Not captured on form
15,2026-03-01,20,,Not captured on form
15,2026-03-01,21,196,Reported
15,2026-03-01,22,100,Reported
15,2026-03-01,23,100,Reported
15,2026-03-01,24,112,Reported
15,2026-03-01,25,98,Reported
15,2026-03-01,26,98,Reported
15,2026-03-01,27,4,Reported
15,2026-04-01,1,500,Reported
15,2026-04-01,2,260,Reported
15,2026-04-01,3,61,Reported
15,2026-04-01,4,14,Reported
15,2026-04-01,5,10,Reported
15,2026-04-01,6,0,Reported zero
15,2026-04-01,7,14,Reported
15,2026-04-01,8,6,Reported
15,2026-04-01,9,34,Reported
15,2026-04-01,10,34,Reported
15,2026-04-01,11,190,Reported
15,2026-04-01,12,32,Reported
15,2026-04-01,13,124,Reported
15,2026-04-01,14,124,Reported
15,2026-04-01,15,,Not captured on form
15,2026-04-01,16,,Not captured on form
15,2026-04-01,17,,Not captured on form
15,2026-04-01,18,,Not captured on form
15,2026-04-01,19,,Not captured on form
15,2026-04-01,20,,Not captured on form
15,2026-04-01,21,180,Reported
15,2026-04-01,22,140,Reported
15,2026-04-01,23,140,Reported
15,2026-04-01,24,130,Reported
15,2026-04-01,25,60,Reported
15,2026-04-01,26,60,Reported
15,2026-04-01,27,4,Reported
15,2026-05-01,1,570,Reported
15,2026-05-01,2,131,Reported
15,2026-05-01,3,70,Reported
15,2026-05-01,4,20,Reported
15,2026-05-01,5,10,Reported
15,2026-05-01,6,8,Reported
15,2026-05-01,7,20,Reported
15,2026-05-01,8,14,Reported
15,2026-05-01,9,18,Reported
15,2026-05-01,10,40,Reported
15,2026-05-01,11,186,Reported
15,2026-05-01,12,32,Reported
15,2026-05-01,13,132,Reported
15,2026-05-01,14,123,Reported
15,2026-05-01,15,,Not captured on form
15,2026-05-01,16,,Not captured on form
15,2026-05-01,17,,Not captured on form
15,2026-05-01,18,,Not captured on form
15,2026-05-01,19,,Not captured on form
15,2026-05-01,20,,Not captured on form
15,2026-05-01,21,180,Reported
15,2026-05-01,22,55,Reported
15,2026-05-01,23,55,Reported
15,2026-05-01,24,110,Reported
15,2026-05-01,25,46,Reported
15,2026-05-01,26,46,Reported
15,2026-05-01,27,4,Reported
15,2026-06-01,1,180,Reported
15,2026-06-01,2,49,Reported
15,2026-06-01,3,22,Reported
15,2026-06-01,4,7,Reported
15,2026-06-01,5,8,Reported
15,2026-06-01,6,4,Reported
15,2026-06-01,7,7,Reported
15,2026-06-01,8,7,Reported
15,2026-06-01,9,8,Reported
15,2026-06-01,10,22,Reported
15,2026-06-01,11,223,Reported
15,2026-06-01,12,17,Reported
15,2026-06-01,13,124,Reported
15,2026-06-01,14,124,Reported
15,2026-06-01,15,24,Reported
15,2026-06-01,16,7,Reported
15,2026-06-01,17,3,Reported
15,2026-06-01,18,10,Reported
15,2026-06-01,19,80,Reported
15,2026-06-01,20,0,Reported zero
15,2026-06-01,21,177,Reported
15,2026-06-01,22,44,Reported
15,2026-06-01,23,44,Reported
15,2026-06-01,24,47,Reported
15,2026-06-01,25,43,Reported
15,2026-06-01,26,43,Reported
15,2026-06-01,27,4,Reported
15,2026-07-01,1,358,Reported
15,2026-07-01,2,152,Reported
15,2026-07-01,3,44,Reported
15,2026-07-01,4,16,Reported
15,2026-07-01,5,20,Reported
15,2026-07-01,6,10,Reported
15,2026-07-01,7,16,Reported
15,2026-07-01,8,14,Reported
15,2026-07-01,9,16,Reported
15,2026-07-01,10,26,Reported
15,2026-07-01,11,128,Reported
15,2026-07-01,12,14,Reported
15,2026-07-01,13,106,Reported
15,2026-07-01,14,106,Reported
15,2026-07-01,15,15,Reported
15,2026-07-01,16,0,Reported zero
15,2026-07-01,17,16,Reported
15,2026-07-01,18,28,Reported
15,2026-07-01,19,38,Reported
15,2026-07-01,20,10,Reported
15,2026-07-01,21,152,Reported
15,2026-07-01,22,144,Reported
15,2026-07-01,23,144,Reported
15,2026-07-01,24,72,Reported
15,2026-07-01,25,69,Reported
15,2026-07-01,26,69,Reported
15,2026-07-01,27,4,Reported
15,2026-08-01,1,484,Reported
15,2026-08-01,2,184,Reported
15,2026-08-01,3,52,Reported
15,2026-08-01,4,12,Reported
15,2026-08-01,5,10,Reported
15,2026-08-01,6,8,Reported
15,2026-08-01,7,12,Reported
15,2026-08-01,8,10,Reported
15,2026-08-01,9,10,Reported
15,2026-08-01,10,16,Reported
15,2026-08-01,11,166,Reported
15,2026-08-01,12,12,Reported
15,2026-08-01,13,210,Reported
15,2026-08-01,14,105,Reported
15,2026-08-01,15,25,Reported
15,2026-08-01,16,0,Reported zero
15,2026-08-01,17,5,Reported
15,2026-08-01,18,10,Reported
15,2026-08-01,19,55,Reported
15,2026-08-01,20,10,Reported
15,2026-08-01,21,105,Reported
15,2026-08-01,22,95,Reported
15,2026-08-01,23,95,Reported
15,2026-08-01,24,65,Reported
15,2026-08-01,25,60,Reported
15,2026-08-01,26,60,Reported
15,2026-08-01,27,8,Reported
15,2026-09-01,1,301,Reported
15,2026-09-01,2,182,Reported
15,2026-09-01,3,36,Reported
15,2026-09-01,4,10,Reported
15,2026-09-01,5,5,Reported
15,2026-09-01,6,3,Reported
15,2026-09-01,7,6,Reported
15,2026-09-01,8,6,Reported
15,2026-09-01,9,7,Reported
15,2026-09-01,10,17,Reported
15,2026-09-01,11,89,Reported
15,2026-09-01,12,13,Reported
15,2026-09-01,13,124,Reported
15,2026-09-01,14,123,Reported
15,2026-09-01,15,33,Reported
15,2026-09-01,16,0,Reported zero
15,2026-09-01,17,10,Reported
15,2026-09-01,18,5,Reported
15,2026-09-01,19,75,Reported
15,2026-09-01,20,3,Reported
15,2026-09-01,21,239,Reported
15,2026-09-01,22,177,Reported
15,2026-09-01,23,177,Reported
15,2026-09-01,24,62,Reported
15,2026-09-01,25,62,Reported
15,2026-09-01,26,6,Reported
15,2026-09-01,27,5,Reported
16,2026-01-01,1,111,Reported
16,2026-01-01,2,60,Reported
16,2026-01-01,3,5,Reported
16,2026-01-01,4,5,Reported
16,2026-01-01,5,0,Reported zero
16,2026-01-01,6,0,Reported zero
16,2026-01-01,7,0,Reported zero
16,2026-01-01,8,0,Reported zero
16,2026-01-01,9,0,Reported zero
16,2026-01-01,10,2,Reported
16,2026-01-01,11,64,Reported
16,2026-01-01,12,11,Reported
16,2026-01-01,13,6,Reported
16,2026-01-01,14,6,Reported
16,2026-01-01,15,,Not captured on form
16,2026-01-01,16,,Not captured on form
16,2026-01-01,17,,Not captured on form
16,2026-01-01,18,,Not captured on form
16,2026-01-01,19,,Not captured on form
16,2026-01-01,20,,Not captured on form
16,2026-01-01,21,11,Reported
16,2026-01-01,22,11,Reported
16,2026-01-01,23,11,Reported
16,2026-01-01,24,29,Reported
16,2026-01-01,25,29,Reported
16,2026-01-01,26,29,Reported
16,2026-01-01,27,3,Reported
16,2026-02-01,1,120,Reported
16,2026-02-01,2,40,Reported
16,2026-02-01,3,15,Reported
16,2026-02-01,4,4,Reported
16,2026-02-01,5,3,Reported
16,2026-02-01,6,0,Reported zero
16,2026-02-01,7,4,Reported
16,2026-02-01,8,4,Reported
16,2026-02-01,9,4,Reported
16,2026-02-01,10,5,Reported
16,2026-02-01,11,79,Reported
16,2026-02-01,12,11,Reported
16,2026-02-01,13,33,Reported
16,2026-02-01,14,23,Reported
16,2026-02-01,15,,Not captured on form
16,2026-02-01,16,,Not captured on form
16,2026-02-01,17,,Not captured on form
16,2026-02-01,18,,Not captured on form
16,2026-02-01,19,,Not captured on form
16,2026-02-01,20,,Not captured on form
16,2026-02-01,21,26,Reported
16,2026-02-01,22,6,Reported
16,2026-02-01,23,6,Reported
16,2026-02-01,24,6,Reported
16,2026-02-01,25,6,Reported
16,2026-02-01,26,6,Reported
16,2026-02-01,27,3,Reported
16,2026-03-01,1,134,Reported
16,2026-03-01,2,100,Reported
16,2026-03-01,3,10,Reported
16,2026-03-01,4,10,Reported
16,2026-03-01,5,1,Reported
16,2026-03-01,6,0,Reported zero
16,2026-03-01,7,5,Reported
16,2026-03-01,8,2,Reported
16,2026-03-01,9,2,Reported
16,2026-03-01,10,5,Reported
16,2026-03-01,11,56,Reported
16,2026-03-01,12,192,Reported
16,2026-03-01,13,18,Reported
16,2026-03-01,14,8,Reported
16,2026-03-01,15,,Not captured on form
16,2026-03-01,16,,Not captured on form
16,2026-03-01,17,,Not captured on form
16,2026-03-01,18,,Not captured on form
16,2026-03-01,19,,Not captured on form
16,2026-03-01,20,,Not captured on form
16,2026-03-01,21,14,Reported
16,2026-03-01,22,5,Reported
16,2026-03-01,23,5,Reported
16,2026-03-01,24,41,Reported
16,2026-03-01,25,8,Reported
16,2026-03-01,26,8,Reported
16,2026-03-01,27,3,Reported
16,2026-04-01,1,130,Reported
16,2026-04-01,2,60,Reported
16,2026-04-01,3,6,Reported
16,2026-04-01,4,6,Reported
16,2026-04-01,5,0,Reported zero
16,2026-04-01,6,0,Reported zero
16,2026-04-01,7,6,Reported
16,2026-04-01,8,10,Reported
16,2026-04-01,9,0,Reported zero
16,2026-04-01,10,3,Reported
16,2026-04-01,11,80,Reported
16,2026-04-01,12,12,Reported
16,2026-04-01,13,20,Reported
16,2026-04-01,14,15,Reported
16,2026-04-01,15,,Not captured on form
16,2026-04-01,16,,Not captured on form
16,2026-04-01,17,,Not captured on form
16,2026-04-01,18,,Not captured on form
16,2026-04-01,19,,Not captured on form
16,2026-04-01,20,,Not captured on form
16,2026-04-01,21,9,Reported
16,2026-04-01,22,6,Reported
16,2026-04-01,23,6,Reported
16,2026-04-01,24,39,Reported
16,2026-04-01,25,23,Reported
16,2026-04-01,26,23,Reported
16,2026-04-01,27,3,Reported
16,2026-05-01,1,125,Reported
16,2026-05-01,2,62,Reported
16,2026-05-01,3,10,Reported
16,2026-05-01,4,5,Reported
16,2026-05-01,5,1,Reported
16,2026-05-01,6,0,Reported zero
16,2026-05-01,7,4,Reported
16,2026-05-01,8,3,Reported
16,2026-05-01,9,2,Reported
16,2026-05-01,10,4,Reported
16,2026-05-01,11,65,Reported
16,2026-05-01,12,12,Reported
16,2026-05-01,13,20,Reported
16,2026-05-01,14,14,Reported
16,2026-05-01,15,,Not captured on form
16,2026-05-01,16,,Not captured on form
16,2026-05-01,17,,Not captured on form
16,2026-05-01,18,,Not captured on form
16,2026-05-01,19,,Not captured on form
16,2026-05-01,20,,Not captured on form
16,2026-05-01,21,13,Reported
16,2026-05-01,22,12,Reported
16,2026-05-01,23,12,Reported
16,2026-05-01,24,26,Reported
16,2026-05-01,25,18,Reported
16,2026-05-01,26,18,Reported
16,2026-05-01,27,3,Reported
16,2026-06-01,1,162,Reported
16,2026-06-01,2,69,Reported
16,2026-06-01,3,12,Reported
16,2026-06-01,4,5,Reported
16,2026-06-01,5,0,Reported zero
16,2026-06-01,6,0,Reported zero
16,2026-06-01,7,5,Reported
16,2026-06-01,8,4,Reported
16,2026-06-01,9,3,Reported
16,2026-06-01,10,3,Reported
16,2026-06-01,11,1413,Reported
16,2026-06-01,12,12,Reported
16,2026-06-01,13,60,Reported
16,2026-06-01,14,55,Reported
16,2026-06-01,15,10,Reported
16,2026-06-01,16,0,Reported zero
16,2026-06-01,17,15,Reported
16,2026-06-01,18,10,Reported
16,2026-06-01,19,10,Reported
16,2026-06-01,20,5,Reported
16,2026-06-01,21,12,Reported
16,2026-06-01,22,4,Reported
16,2026-06-01,23,4,Reported
16,2026-06-01,24,34,Reported
16,2026-06-01,25,14,Reported
16,2026-06-01,26,14,Reported
16,2026-06-01,27,3,Reported
16,2026-07-01,1,191,Reported
16,2026-07-01,2,65,Reported
16,2026-07-01,3,15,Reported
16,2026-07-01,4,6,Reported
16,2026-07-01,5,2,Reported
16,2026-07-01,6,0,Reported zero
16,2026-07-01,7,6,Reported
16,2026-07-01,8,4,Reported
16,2026-07-01,9,3,Reported
16,2026-07-01,10,5,Reported
16,2026-07-01,11,34,Reported
16,2026-07-01,12,8,Reported
16,2026-07-01,13,38,Reported
16,2026-07-01,14,20,Reported
16,2026-07-01,15,0,Reported zero
16,2026-07-01,16,0,Reported zero
16,2026-07-01,17,0,Reported zero
16,2026-07-01,18,19,Reported
16,2026-07-01,19,0,Reported zero
16,2026-07-01,20,0,Reported zero
16,2026-07-01,21,8,Reported
16,2026-07-01,22,6,Reported
16,2026-07-01,23,6,Reported
16,2026-07-01,24,40,Reported
16,2026-07-01,25,25,Reported
16,2026-07-01,26,25,Reported
16,2026-07-01,27,3,Reported
16,2026-08-01,1,122,Reported
16,2026-08-01,2,57,Reported
16,2026-08-01,3,16,Reported
16,2026-08-01,4,6,Reported
16,2026-08-01,5,1,Reported
16,2026-08-01,6,10,Reported
16,2026-08-01,7,7,Reported
16,2026-08-01,8,1,Reported
16,2026-08-01,9,1,Reported
16,2026-08-01,10,6,Reported
16,2026-08-01,11,61,Reported
16,2026-08-01,12,12,Reported
16,2026-08-01,13,25,Reported
16,2026-08-01,14,13,Reported
16,2026-08-01,15,5,Reported
16,2026-08-01,16,0,Reported zero
16,2026-08-01,17,0,Reported zero
16,2026-08-01,18,15,Reported
16,2026-08-01,19,1,Reported
16,2026-08-01,20,1,Reported
16,2026-08-01,21,7,Reported
16,2026-08-01,22,4,Reported
16,2026-08-01,23,4,Reported
16,2026-08-01,24,37,Reported
16,2026-08-01,25,17,Reported
16,2026-08-01,26,17,Reported
16,2026-08-01,27,3,Reported
16,2026-09-01,1,108,Reported
16,2026-09-01,2,44,Reported
16,2026-09-01,3,15,Reported
16,2026-09-01,4,15,Reported
16,2026-09-01,5,0,Reported zero
16,2026-09-01,6,0,Reported zero
16,2026-09-01,7,8,Reported
16,2026-09-01,8,4,Reported
16,2026-09-01,9,3,Reported
16,2026-09-01,10,5,Reported
16,2026-09-01,11,92,Reported
16,2026-09-01,12,11,Reported
16,2026-09-01,13,55,Reported
16,2026-09-01,14,34,Reported
16,2026-09-01,15,1,Reported
16,2026-09-01,16,0,Reported zero
16,2026-09-01,17,2,Reported
16,2026-09-01,18,8,Reported
16,2026-09-01,19,15,Reported
16,2026-09-01,20,8,Reported
16,2026-09-01,21,4,Reported
16,2026-09-01,22,4,Reported
16,2026-09-01,23,3,Reported
16,2026-09-01,24,25,Reported
16,2026-09-01,25,14,Reported
16,2026-09-01,26,14,Reported
16,2026-09-01,27,3,Reported
17,2026-01-01,1,277,Reported
17,2026-01-01,2,102,Reported
17,2026-01-01,3,26,Reported
17,2026-01-01,4,16,Reported
17,2026-01-01,5,3,Reported
17,2026-01-01,6,0,Reported zero
17,2026-01-01,7,16,Reported
17,2026-01-01,8,7,Reported
17,2026-01-01,9,4,Reported
17,2026-01-01,10,3,Reported
17,2026-01-01,11,78,Reported
17,2026-01-01,12,8,Reported
17,2026-01-01,13,45,Reported
17,2026-01-01,14,45,Reported
17,2026-01-01,15,,Not captured on form
17,2026-01-01,16,,Not captured on form
17,2026-01-01,17,,Not captured on form
17,2026-01-01,18,,Not captured on form
17,2026-01-01,19,,Not captured on form
17,2026-01-01,20,,Not captured on form
17,2026-01-01,21,26,Reported
17,2026-01-01,22,21,Reported
17,2026-01-01,23,21,Reported
17,2026-01-01,24,74,Reported
17,2026-01-01,25,27,Reported
17,2026-01-01,26,27,Reported
17,2026-01-01,27,2,Reported
17,2026-02-01,1,140,Reported
17,2026-02-01,2,73,Reported
17,2026-02-01,3,52,Reported
17,2026-02-01,4,16,Reported
17,2026-02-01,5,5,Reported
17,2026-02-01,6,0,Reported zero
17,2026-02-01,7,11,Reported
17,2026-02-01,8,9,Reported
17,2026-02-01,9,4,Reported
17,2026-02-01,10,0,Reported zero
17,2026-02-01,11,256,Reported
17,2026-02-01,12,42,Reported
17,2026-02-01,13,40,Reported
17,2026-02-01,14,17,Reported
17,2026-02-01,15,,Not captured on form
17,2026-02-01,16,,Not captured on form
17,2026-02-01,17,,Not captured on form
17,2026-02-01,18,,Not captured on form
17,2026-02-01,19,,Not captured on form
17,2026-02-01,20,,Not captured on form
17,2026-02-01,21,17,Reported
17,2026-02-01,22,11,Reported
17,2026-02-01,23,11,Reported
17,2026-02-01,24,34,Reported
17,2026-02-01,25,12,Reported
17,2026-02-01,26,12,Reported
17,2026-02-01,27,2,Reported
17,2026-03-01,1,119,Reported
17,2026-03-01,2,57,Reported
17,2026-03-01,3,64,Reported
17,2026-03-01,4,30,Reported
17,2026-03-01,5,11,Reported
17,2026-03-01,6,0,Reported zero
17,2026-03-01,7,24,Reported
17,2026-03-01,8,14,Reported
17,2026-03-01,9,12,Reported
17,2026-03-01,10,0,Reported zero
17,2026-03-01,11,183,Reported
17,2026-03-01,12,50,Reported
17,2026-03-01,13,19,Reported
17,2026-03-01,14,19,Reported
17,2026-03-01,15,,Not captured on form
17,2026-03-01,16,,Not captured on form
17,2026-03-01,17,,Not captured on form
17,2026-03-01,18,,Not captured on form
17,2026-03-01,19,,Not captured on form
17,2026-03-01,20,,Not captured on form
17,2026-03-01,21,13,Reported
17,2026-03-01,22,8,Reported
17,2026-03-01,23,8,Reported
17,2026-03-01,24,18,Reported
17,2026-03-01,25,4,Reported
17,2026-03-01,26,4,Reported
17,2026-03-01,27,2,Reported
17,2026-04-01,1,260,Reported
17,2026-04-01,2,57,Reported
17,2026-04-01,3,63,Reported
17,2026-04-01,4,36,Reported
17,2026-04-01,5,4,Reported
17,2026-04-01,6,5,Reported
17,2026-04-01,7,32,Reported
17,2026-04-01,8,10,Reported
17,2026-04-01,9,6,Reported
17,2026-04-01,10,1,Reported
17,2026-04-01,11,201,Reported
17,2026-04-01,12,38,Reported
17,2026-04-01,13,34,Reported
17,2026-04-01,14,18,Reported
17,2026-04-01,15,,Not captured on form
17,2026-04-01,16,,Not captured on form
17,2026-04-01,17,,Not captured on form
17,2026-04-01,18,,Not captured on form
17,2026-04-01,19,,Not captured on form
17,2026-04-01,20,,Not captured on form
17,2026-04-01,21,10,Reported
17,2026-04-01,22,25,Reported
17,2026-04-01,23,4,Reported
17,2026-04-01,24,25,Reported
17,2026-04-01,25,14,Reported
17,2026-04-01,26,14,Reported
17,2026-04-01,27,2,Reported
17,2026-05-01,1,198,Reported
17,2026-05-01,2,110,Reported
17,2026-05-01,3,42,Reported
17,2026-05-01,4,17,Reported
17,2026-05-01,5,6,Reported
17,2026-05-01,6,0,Reported zero
17,2026-05-01,7,16,Reported
17,2026-05-01,8,10,Reported
17,2026-05-01,9,8,Reported
17,2026-05-01,10,1,Reported
17,2026-05-01,11,229,Reported
17,2026-05-01,12,36,Reported
17,2026-05-01,13,26,Reported
17,2026-05-01,14,26,Reported
17,2026-05-01,15,,Not captured on form
17,2026-05-01,16,,Not captured on form
17,2026-05-01,17,,Not captured on form
17,2026-05-01,18,,Not captured on form
17,2026-05-01,19,,Not captured on form
17,2026-05-01,20,,Not captured on form
17,2026-05-01,21,29,Reported
17,2026-05-01,22,17,Reported
17,2026-05-01,23,17,Reported
17,2026-05-01,24,65,Reported
17,2026-05-01,25,32,Reported
17,2026-05-01,26,32,Reported
17,2026-05-01,27,2,Reported
17,2026-06-01,1,345,Reported
17,2026-06-01,2,176,Reported
17,2026-06-01,3,74,Reported
17,2026-06-01,4,45,Reported
17,2026-06-01,5,5,Reported
17,2026-06-01,6,0,Reported zero
17,2026-06-01,7,41,Reported
17,2026-06-01,8,10,Reported
17,2026-06-01,9,9,Reported
17,2026-06-01,10,2,Reported
17,2026-06-01,11,428,Reported
17,2026-06-01,12,35,Reported
17,2026-06-01,13,50,Reported
17,2026-06-01,14,50,Reported
17,2026-06-01,15,16,Reported
17,2026-06-01,16,0,Reported zero
17,2026-06-01,17,8,Reported
17,2026-06-01,18,8,Reported
17,2026-06-01,19,16,Reported
17,2026-06-01,20,4,Reported
17,2026-06-01,21,33,Reported
17,2026-06-01,22,24,Reported
17,2026-06-01,23,24,Reported
17,2026-06-01,24,111,Reported
17,2026-06-01,25,44,Reported
17,2026-06-01,26,44,Reported
17,2026-06-01,27,4,Reported
17,2026-07-01,1,718,Reported
17,2026-07-01,2,162,Reported
17,2026-07-01,3,48,Reported
17,2026-07-01,4,11,Reported
17,2026-07-01,5,4,Reported
17,2026-07-01,6,0,Reported zero
17,2026-07-01,7,7,Reported
17,2026-07-01,8,19,Reported
17,2026-07-01,9,13,Reported
17,2026-07-01,10,1,Reported
17,2026-07-01,11,322,Reported
17,2026-07-01,12,36,Reported
17,2026-07-01,13,65,Reported
17,2026-07-01,14,53,Reported
17,2026-07-01,15,10,Reported
17,2026-07-01,16,2,Reported
17,2026-07-01,17,7,Reported
17,2026-07-01,18,13,Reported
17,2026-07-01,19,18,Reported
17,2026-07-01,20,13,Reported
17,2026-07-01,21,23,Reported
17,2026-07-01,22,17,Reported
17,2026-07-01,23,17,Reported
17,2026-07-01,24,64,Reported
17,2026-07-01,25,20,Reported
17,2026-07-01,26,20,Reported
17,2026-07-01,27,4,Reported
17,2026-08-01,1,595,Reported
17,2026-08-01,2,182,Reported
17,2026-08-01,3,39,Reported
17,2026-08-01,4,17,Reported
17,2026-08-01,5,5,Reported
17,2026-08-01,6,0,Reported zero
17,2026-08-01,7,15,Reported
17,2026-08-01,8,9,Reported
17,2026-08-01,9,7,Reported
17,2026-08-01,10,0,Reported zero
17,2026-08-01,11,279,Reported
17,2026-08-01,12,28,Reported
17,2026-08-01,13,60,Reported
17,2026-08-01,14,48,Reported
17,2026-08-01,15,3,Reported
17,2026-08-01,16,3,Reported
17,2026-08-01,17,7,Reported
17,2026-08-01,18,19,Reported
17,2026-08-01,19,8,Reported
17,2026-08-01,20,16,Reported
17,2026-08-01,21,26,Reported
17,2026-08-01,22,19,Reported
17,2026-08-01,23,19,Reported
17,2026-08-01,24,61,Reported
17,2026-08-01,25,21,Reported
17,2026-08-01,26,21,Reported
17,2026-08-01,27,4,Reported
17,2026-09-01,1,647,Reported
17,2026-09-01,2,173,Reported
17,2026-09-01,3,54,Reported
17,2026-09-01,4,10,Reported
17,2026-09-01,5,10,Reported
17,2026-09-01,6,0,Reported zero
17,2026-09-01,7,8,Reported
17,2026-09-01,8,22,Reported
17,2026-09-01,9,11,Reported
17,2026-09-01,10,5,Reported
17,2026-09-01,11,254,Reported
17,2026-09-01,12,29,Reported
17,2026-09-01,13,85,Reported
17,2026-09-01,14,70,Reported
17,2026-09-01,15,4,Reported
17,2026-09-01,16,0,Reported zero
17,2026-09-01,17,53,Reported
17,2026-09-01,18,16,Reported
17,2026-09-01,19,29,Reported
17,2026-09-01,20,16,Reported
17,2026-09-01,21,24,Reported
17,2026-09-01,22,16,Reported
17,2026-09-01,23,16,Reported
17,2026-09-01,24,67,Reported
17,2026-09-01,25,23,Reported
17,2026-09-01,26,23,Reported
17,2026-09-01,27,8,Reported
18,2026-01-01,1,100,Reported
18,2026-01-01,2,28,Reported
18,2026-01-01,3,9,Reported
18,2026-01-01,4,5,Reported
18,2026-01-01,5,0,Reported zero
18,2026-01-01,6,0,Reported zero
18,2026-01-01,7,5,Reported
18,2026-01-01,8,2,Reported
18,2026-01-01,9,2,Reported
18,2026-01-01,10,0,Reported zero
18,2026-01-01,11,6,Reported
18,2026-01-01,12,4,Reported
18,2026-01-01,13,6,Reported
18,2026-01-01,14,6,Reported
18,2026-01-01,15,,Not captured on form
18,2026-01-01,16,,Not captured on form
18,2026-01-01,17,,Not captured on form
18,2026-01-01,18,,Not captured on form
18,2026-01-01,19,,Not captured on form
18,2026-01-01,20,,Not captured on form
18,2026-01-01,21,2,Reported
18,2026-01-01,22,2,Reported
18,2026-01-01,23,2,Reported
18,2026-01-01,24,11,Reported
18,2026-01-01,25,11,Reported
18,2026-01-01,26,11,Reported
18,2026-01-01,27,0,Reported zero
18,2026-02-01,1,56,Reported
18,2026-02-01,2,20,Reported
18,2026-02-01,3,8,Reported
18,2026-02-01,4,0,Reported zero
18,2026-02-01,5,0,Reported zero
18,2026-02-01,6,0,Reported zero
18,2026-02-01,7,0,Reported zero
18,2026-02-01,8,3,Reported
18,2026-02-01,9,4,Reported
18,2026-02-01,10,1,Reported
18,2026-02-01,11,8,Reported
18,2026-02-01,12,0,Reported zero
18,2026-02-01,13,10,Reported
18,2026-02-01,14,10,Reported
18,2026-02-01,15,,Not captured on form
18,2026-02-01,16,,Not captured on form
18,2026-02-01,17,,Not captured on form
18,2026-02-01,18,,Not captured on form
18,2026-02-01,19,,Not captured on form
18,2026-02-01,20,,Not captured on form
18,2026-02-01,21,3,Reported
18,2026-02-01,22,3,Reported
18,2026-02-01,23,3,Reported
18,2026-02-01,24,5,Reported
18,2026-02-01,25,5,Reported
18,2026-02-01,26,5,Reported
18,2026-02-01,27,0,Reported zero
18,2026-03-01,1,140,Reported
18,2026-03-01,2,110,Reported
18,2026-03-01,3,11,Reported
18,2026-03-01,4,1,Reported
18,2026-03-01,5,1,Reported
18,2026-03-01,6,1,Reported
18,2026-03-01,7,1,Reported
18,2026-03-01,8,2,Reported
18,2026-03-01,9,3,Reported
18,2026-03-01,10,0,Reported zero
18,2026-03-01,11,11,Reported
18,2026-03-01,12,0,Reported zero
18,2026-03-01,13,8,Reported
18,2026-03-01,14,8,Reported
18,2026-03-01,15,,Not captured on form
18,2026-03-01,16,,Not captured on form
18,2026-03-01,17,,Not captured on form
18,2026-03-01,18,,Not captured on form
18,2026-03-01,19,,Not captured on form
18,2026-03-01,20,,Not captured on form
18,2026-03-01,21,6,Reported
18,2026-03-01,22,6,Reported
18,2026-03-01,23,20,Reported
18,2026-03-01,24,20,Reported
18,2026-03-01,25,20,Reported
18,2026-03-01,26,20,Reported
18,2026-03-01,27,1,Reported
18,2026-04-01,1,69,Reported
18,2026-04-01,2,24,Reported
18,2026-04-01,3,6,Reported
18,2026-04-01,4,3,Reported
18,2026-04-01,5,0,Reported zero
18,2026-04-01,6,0,Reported zero
18,2026-04-01,7,3,Reported
18,2026-04-01,8,1,Reported
18,2026-04-01,9,2,Reported
18,2026-04-01,10,3,Reported
18,2026-04-01,11,22,Reported
18,2026-04-01,12,4,Reported
18,2026-04-01,13,10,Reported
18,2026-04-01,14,10,Reported
18,2026-04-01,15,,Not captured on form
18,2026-04-01,16,,Not captured on form
18,2026-04-01,17,,Not captured on form
18,2026-04-01,18,,Not captured on form
18,2026-04-01,19,,Not captured on form
18,2026-04-01,20,,Not captured on form
18,2026-04-01,21,2,Reported
18,2026-04-01,22,2,Reported
18,2026-04-01,23,2,Reported
18,2026-04-01,24,10,Reported
18,2026-04-01,25,9,Reported
18,2026-04-01,26,9,Reported
18,2026-04-01,27,0,Reported zero
18,2026-05-01,1,87,Reported
18,2026-05-01,2,24,Reported
18,2026-05-01,3,4,Reported
18,2026-05-01,4,4,Reported
18,2026-05-01,5,0,Reported zero
18,2026-05-01,6,0,Reported zero
18,2026-05-01,7,3,Reported
18,2026-05-01,8,0,Reported zero
18,2026-05-01,9,0,Reported zero
18,2026-05-01,10,2,Reported
18,2026-05-01,11,21,Reported
18,2026-05-01,12,2,Reported
18,2026-05-01,13,5,Reported
18,2026-05-01,14,5,Reported
18,2026-05-01,15,,Not captured on form
18,2026-05-01,16,,Not captured on form
18,2026-05-01,17,,Not captured on form
18,2026-05-01,18,,Not captured on form
18,2026-05-01,19,,Not captured on form
18,2026-05-01,20,,Not captured on form
18,2026-05-01,21,2,Reported
18,2026-05-01,22,1,Reported
18,2026-05-01,23,1,Reported
18,2026-05-01,24,8,Reported
18,2026-05-01,25,5,Reported
18,2026-05-01,26,5,Reported
18,2026-05-01,27,0,Reported zero
18,2026-06-01,1,73,Reported
18,2026-06-01,2,13,Reported
18,2026-06-01,3,5,Reported
18,2026-06-01,4,0,Reported zero
18,2026-06-01,5,0,Reported zero
18,2026-06-01,6,0,Reported zero
18,2026-06-01,7,0,Reported zero
18,2026-06-01,8,4,Reported
18,2026-06-01,9,1,Reported
18,2026-06-01,10,0,Reported zero
18,2026-06-01,11,3,Reported
18,2026-06-01,12,0,Reported zero
18,2026-06-01,13,0,Reported zero
18,2026-06-01,14,0,Reported zero
18,2026-06-01,15,0,Reported zero
18,2026-06-01,16,0,Reported zero
18,2026-06-01,17,0,Reported zero
18,2026-06-01,18,0,Reported zero
18,2026-06-01,19,0,Reported zero
18,2026-06-01,20,0,Reported zero
18,2026-06-01,21,3,Reported
18,2026-06-01,22,0,Reported zero
18,2026-06-01,23,0,Reported zero
18,2026-06-01,24,1,Reported
18,2026-06-01,25,0,Reported zero
18,2026-06-01,26,1,Reported
18,2026-06-01,27,1,Reported
18,2026-07-01,1,80,Reported
18,2026-07-01,2,15,Reported
18,2026-07-01,3,9,Reported
18,2026-07-01,4,2,Reported
18,2026-07-01,5,0,Reported zero
18,2026-07-01,6,0,Reported zero
18,2026-07-01,7,2,Reported
18,2026-07-01,8,2,Reported
18,2026-07-01,9,1,Reported
18,2026-07-01,10,0,Reported zero
18,2026-07-01,11,27,Reported
18,2026-07-01,12,3,Reported
18,2026-07-01,13,19,Reported
18,2026-07-01,14,19,Reported
18,2026-07-01,15,10,Reported
18,2026-07-01,16,5,Reported
18,2026-07-01,17,5,Reported
18,2026-07-01,18,7,Reported
18,2026-07-01,19,0,Reported zero
18,2026-07-01,20,0,Reported zero
18,2026-07-01,21,1,Reported
18,2026-07-01,22,0,Reported zero
18,2026-07-01,23,0,Reported zero
18,2026-07-01,24,6,Reported
18,2026-07-01,25,0,Reported zero
18,2026-07-01,26,0,Reported zero
18,2026-07-01,27,0,Reported zero
18,2026-08-01,1,121,Reported
18,2026-08-01,2,25,Reported
18,2026-08-01,3,9,Reported
18,2026-08-01,4,2,Reported
18,2026-08-01,5,5,Reported
18,2026-08-01,6,0,Reported zero
18,2026-08-01,7,1,Reported
18,2026-08-01,8,3,Reported
18,2026-08-01,9,2,Reported
18,2026-08-01,10,0,Reported zero
18,2026-08-01,11,29,Reported
18,2026-08-01,12,2,Reported
18,2026-08-01,13,22,Reported
18,2026-08-01,14,22,Reported
18,2026-08-01,15,10,Reported
18,2026-08-01,16,0,Reported zero
18,2026-08-01,17,11,Reported
18,2026-08-01,18,12,Reported
18,2026-08-01,19,0,Reported zero
18,2026-08-01,20,0,Reported zero
18,2026-08-01,21,1,Reported
18,2026-08-01,22,1,Reported
18,2026-08-01,23,1,Reported
18,2026-08-01,24,1,Reported
18,2026-08-01,25,0,Reported zero
18,2026-08-01,26,0,Reported zero
18,2026-08-01,27,1,Reported
18,2026-09-01,1,140,Reported
18,2026-09-01,2,35,Reported
18,2026-09-01,3,10,Reported
18,2026-09-01,4,2,Reported
18,2026-09-01,5,1,Reported
18,2026-09-01,6,0,Reported zero
18,2026-09-01,7,0,Reported zero
18,2026-09-01,8,1,Reported
18,2026-09-01,9,2,Reported
18,2026-09-01,10,0,Reported zero
18,2026-09-01,11,16,Reported
18,2026-09-01,12,3,Reported
18,2026-09-01,13,10,Reported
18,2026-09-01,14,10,Reported
18,2026-09-01,15,4,Reported
18,2026-09-01,16,0,Reported zero
18,2026-09-01,17,3,Reported
18,2026-09-01,18,3,Reported
18,2026-09-01,19,0,Reported zero
18,2026-09-01,20,0,Reported zero
18,2026-09-01,21,0,Reported zero
18,2026-09-01,22,0,Reported zero
18,2026-09-01,23,1,Reported
18,2026-09-01,24,0,Reported zero
18,2026-09-01,25,0,Reported zero
18,2026-09-01,26,5,Reported
18,2026-09-01,27,0,Reported zero
19,2026-01-01,1,100,Reported
19,2026-01-01,2,33,Reported
19,2026-01-01,3,10,Reported
19,2026-01-01,4,4,Reported
19,2026-01-01,5,1,Reported
19,2026-01-01,6,0,Reported zero
19,2026-01-01,7,3,Reported
19,2026-01-01,8,3,Reported
19,2026-01-01,9,3,Reported
19,2026-01-01,10,1,Reported
19,2026-01-01,11,41,Reported
19,2026-01-01,12,12,Reported
19,2026-01-01,13,5,Reported
19,2026-01-01,14,5,Reported
19,2026-01-01,15,,Not captured on form
19,2026-01-01,16,,Not captured on form
19,2026-01-01,17,,Not captured on form
19,2026-01-01,18,,Not captured on form
19,2026-01-01,19,,Not captured on form
19,2026-01-01,20,,Not captured on form
19,2026-01-01,21,9,Reported
19,2026-01-01,22,9,Reported
19,2026-01-01,23,9,Reported
19,2026-01-01,24,17,Reported
19,2026-01-01,25,17,Reported
19,2026-01-01,26,17,Reported
19,2026-01-01,27,2,Reported
19,2026-02-01,1,137,Reported
19,2026-02-01,2,75,Reported
19,2026-02-01,3,13,Reported
19,2026-02-01,4,2,Reported
19,2026-02-01,5,4,Reported
19,2026-02-01,6,0,Reported zero
19,2026-02-01,7,2,Reported
19,2026-02-01,8,4,Reported
19,2026-02-01,9,6,Reported
19,2026-02-01,10,3,Reported
19,2026-02-01,11,24,Reported
19,2026-02-01,12,7,Reported
19,2026-02-01,13,3,Reported
19,2026-02-01,14,3,Reported
19,2026-02-01,15,,Not captured on form
19,2026-02-01,16,,Not captured on form
19,2026-02-01,17,,Not captured on form
19,2026-02-01,18,,Not captured on form
19,2026-02-01,19,,Not captured on form
19,2026-02-01,20,,Not captured on form
19,2026-02-01,21,15,Reported
19,2026-02-01,22,15,Reported
19,2026-02-01,23,15,Reported
19,2026-02-01,24,43,Reported
19,2026-02-01,25,43,Reported
19,2026-02-01,26,43,Reported
19,2026-02-01,27,2,Reported
19,2026-03-01,1,139,Reported
19,2026-03-01,2,96,Reported
19,2026-03-01,3,32,Reported
19,2026-03-01,4,9,Reported
19,2026-03-01,5,7,Reported
19,2026-03-01,6,16,Reported
19,2026-03-01,7,9,Reported
19,2026-03-01,8,9,Reported
19,2026-03-01,9,7,Reported
19,2026-03-01,10,3,Reported
19,2026-03-01,11,32,Reported
19,2026-03-01,12,29,Reported
19,2026-03-01,13,4,Reported
19,2026-03-01,14,4,Reported
19,2026-03-01,15,,Not captured on form
19,2026-03-01,16,,Not captured on form
19,2026-03-01,17,,Not captured on form
19,2026-03-01,18,,Not captured on form
19,2026-03-01,19,,Not captured on form
19,2026-03-01,20,,Not captured on form
19,2026-03-01,21,34,Reported
19,2026-03-01,22,29,Reported
19,2026-03-01,23,29,Reported
19,2026-03-01,24,28,Reported
19,2026-03-01,25,27,Reported
19,2026-03-01,26,27,Reported
19,2026-03-01,27,4,Reported
19,2026-04-01,1,142,Reported
19,2026-04-01,2,75,Reported
19,2026-04-01,3,10,Reported
19,2026-04-01,4,6,Reported
19,2026-04-01,5,0,Reported zero
19,2026-04-01,6,0,Reported zero
19,2026-04-01,7,4,Reported
19,2026-04-01,8,1,Reported
19,2026-04-01,9,0,Reported zero
19,2026-04-01,10,0,Reported zero
19,2026-04-01,11,42,Reported
19,2026-04-01,12,10,Reported
19,2026-04-01,13,1,Reported
19,2026-04-01,14,1,Reported
19,2026-04-01,15,,Not captured on form
19,2026-04-01,16,,Not captured on form
19,2026-04-01,17,,Not captured on form
19,2026-04-01,18,,Not captured on form
19,2026-04-01,19,,Not captured on form
19,2026-04-01,20,,Not captured on form
19,2026-04-01,21,29,Reported
19,2026-04-01,22,22,Reported
19,2026-04-01,23,22,Reported
19,2026-04-01,24,37,Reported
19,2026-04-01,25,35,Reported
19,2026-04-01,26,37,Reported
19,2026-04-01,27,1,Reported
19,2026-05-01,1,194,Reported
19,2026-05-01,2,41,Reported
19,2026-05-01,3,17,Reported
19,2026-05-01,4,4,Reported
19,2026-05-01,5,3,Reported
19,2026-05-01,6,0,Reported zero
19,2026-05-01,7,4,Reported
19,2026-05-01,8,2,Reported
19,2026-05-01,9,3,Reported
19,2026-05-01,10,1,Reported
19,2026-05-01,11,25,Reported
19,2026-05-01,12,6,Reported
19,2026-05-01,13,8,Reported
19,2026-05-01,14,8,Reported
19,2026-05-01,15,,Not captured on form
19,2026-05-01,16,,Not captured on form
19,2026-05-01,17,,Not captured on form
19,2026-05-01,18,,Not captured on form
19,2026-05-01,19,,Not captured on form
19,2026-05-01,20,,Not captured on form
19,2026-05-01,21,5,Reported
19,2026-05-01,22,4,Reported
19,2026-05-01,23,4,Reported
19,2026-05-01,24,37,Reported
19,2026-05-01,25,33,Reported
19,2026-05-01,26,33,Reported
19,2026-05-01,27,1,Reported
19,2026-06-01,1,154,Reported
19,2026-06-01,2,56,Reported
19,2026-06-01,3,18,Reported
19,2026-06-01,4,3,Reported
19,2026-06-01,5,3,Reported
19,2026-06-01,6,0,Reported zero
19,2026-06-01,7,6,Reported
19,2026-06-01,8,5,Reported
19,2026-06-01,9,6,Reported
19,2026-06-01,10,6,Reported
19,2026-06-01,11,67,Reported
19,2026-06-01,12,13,Reported
19,2026-06-01,13,2,Reported
19,2026-06-01,14,2,Reported
19,2026-06-01,15,0,Reported zero
19,2026-06-01,16,0,Reported zero
19,2026-06-01,17,0,Reported zero
19,2026-06-01,18,2,Reported
19,2026-06-01,19,0,Reported zero
19,2026-06-01,20,0,Reported zero
19,2026-06-01,21,8,Reported
19,2026-06-01,22,8,Reported
19,2026-06-01,23,8,Reported
19,2026-06-01,24,42,Reported
19,2026-06-01,25,40,Reported
19,2026-06-01,26,40,Reported
19,2026-06-01,27,5,Reported
19,2026-07-01,1,115,Reported
19,2026-07-01,2,30,Reported
19,2026-07-01,3,14,Reported
19,2026-07-01,4,2,Reported
19,2026-07-01,5,1,Reported
19,2026-07-01,6,0,Reported zero
19,2026-07-01,7,9,Reported
19,2026-07-01,8,5,Reported
19,2026-07-01,9,1,Reported
19,2026-07-01,10,6,Reported
19,2026-07-01,11,37,Reported
19,2026-07-01,12,9,Reported
19,2026-07-01,13,4,Reported
19,2026-07-01,14,4,Reported
19,2026-07-01,15,0,Reported zero
19,2026-07-01,16,0,Reported zero
19,2026-07-01,17,0,Reported zero
19,2026-07-01,18,3,Reported
19,2026-07-01,19,1,Reported
19,2026-07-01,20,0,Reported zero
19,2026-07-01,21,4,Reported
19,2026-07-01,22,4,Reported
19,2026-07-01,23,4,Reported
19,2026-07-01,24,20,Reported
19,2026-07-01,25,18,Reported
19,2026-07-01,26,18,Reported
19,2026-07-01,27,0,Reported zero
19,2026-08-01,1,113,Reported
19,2026-08-01,2,35,Reported
19,2026-08-01,3,16,Reported
19,2026-08-01,4,1,Reported
19,2026-08-01,5,3,Reported
19,2026-08-01,6,2,Reported
19,2026-08-01,7,1,Reported
19,2026-08-01,8,1,Reported
19,2026-08-01,9,3,Reported
19,2026-08-01,10,1,Reported
19,2026-08-01,11,29,Reported
19,2026-08-01,12,9,Reported
19,2026-08-01,13,5,Reported
19,2026-08-01,14,5,Reported
19,2026-08-01,15,0,Reported zero
19,2026-08-01,16,0,Reported zero
19,2026-08-01,17,0,Reported zero
19,2026-08-01,18,3,Reported
19,2026-08-01,19,2,Reported
19,2026-08-01,20,0,Reported zero
19,2026-08-01,21,3,Reported
19,2026-08-01,22,3,Reported
19,2026-08-01,23,3,Reported
19,2026-08-01,24,15,Reported
19,2026-08-01,25,13,Reported
19,2026-08-01,26,13,Reported
19,2026-08-01,27,0,Reported zero
19,2026-09-01,1,,No report submitted
19,2026-09-01,2,,No report submitted
19,2026-09-01,3,,No report submitted
19,2026-09-01,4,,No report submitted
19,2026-09-01,5,,No report submitted
19,2026-09-01,6,,No report submitted
19,2026-09-01,7,,No report submitted
19,2026-09-01,8,,No report submitted
19,2026-09-01,9,,No report submitted
19,2026-09-01,10,,No report submitted
19,2026-09-01,11,,No report submitted
19,2026-09-01,12,,No report submitted
19,2026-09-01,13,,No report submitted
19,2026-09-01,14,,No report submitted
19,2026-09-01,15,,No report submitted
19,2026-09-01,16,,No report submitted
19,2026-09-01,17,,No report submitted
19,2026-09-01,18,,No report submitted
19,2026-09-01,19,,No report submitted
19,2026-09-01,20,,No report submitted
19,2026-09-01,21,,No report submitted
19,2026-09-01,22,,No report submitted
19,2026-09-01,23,,No report submitted
19,2026-09-01,24,,No report submitted
19,2026-09-01,25,,No report submitted
19,2026-09-01,26,,No report submitted
19,2026-09-01,27,,No report submitted
20,2026-01-01,1,69,Reported
20,2026-01-01,2,26,Reported
20,2026-01-01,3,3,Reported
20,2026-01-01,4,0,Reported zero
20,2026-01-01,5,0,Reported zero
20,2026-01-01,6,0,Reported zero
20,2026-01-01,7,1,Reported
20,2026-01-01,8,1,Reported
20,2026-01-01,9,0,Reported zero
20,2026-01-01,10,0,Reported zero
20,2026-01-01,11,35,Reported
20,2026-01-01,12,8,Reported
20,2026-01-01,13,15,Reported
20,2026-01-01,14,19,Reported
20,2026-01-01,15,,Not captured on form
20,2026-01-01,16,,Not captured on form
20,2026-01-01,17,,Not captured on form
20,2026-01-01,18,,Not captured on form
20,2026-01-01,19,,Not captured on form
20,2026-01-01,20,,Not captured on form
20,2026-01-01,21,3,Reported
20,2026-01-01,22,3,Reported
20,2026-01-01,23,3,Reported
20,2026-01-01,24,23,Reported
20,2026-01-01,25,21,Reported
20,2026-01-01,26,21,Reported
20,2026-01-01,27,0,Reported zero
20,2026-02-01,1,,No report submitted
20,2026-02-01,2,,No report submitted
20,2026-02-01,3,,No report submitted
20,2026-02-01,4,,No report submitted
20,2026-02-01,5,,No report submitted
20,2026-02-01,6,,No report submitted
20,2026-02-01,7,,No report submitted
20,2026-02-01,8,,No report submitted
20,2026-02-01,9,,No report submitted
20,2026-02-01,10,,No report submitted
20,2026-02-01,11,,No report submitted
20,2026-02-01,12,,No report submitted
20,2026-02-01,13,,No report submitted
20,2026-02-01,14,,No report submitted
20,2026-02-01,15,,No report submitted
20,2026-02-01,16,,No report submitted
20,2026-02-01,17,,No report submitted
20,2026-02-01,18,,No report submitted
20,2026-02-01,19,,No report submitted
20,2026-02-01,20,,No report submitted
20,2026-02-01,21,,No report submitted
20,2026-02-01,22,,No report submitted
20,2026-02-01,23,,No report submitted
20,2026-02-01,24,,No report submitted
20,2026-02-01,25,,No report submitted
20,2026-02-01,26,,No report submitted
20,2026-02-01,27,,No report submitted
20,2026-03-01,1,,No report submitted
20,2026-03-01,2,,No report submitted
20,2026-03-01,3,,No report submitted
20,2026-03-01,4,,No report submitted
20,2026-03-01,5,,No report submitted
20,2026-03-01,6,,No report submitted
20,2026-03-01,7,,No report submitted
20,2026-03-01,8,,No report submitted
20,2026-03-01,9,,No report submitted
20,2026-03-01,10,,No report submitted
20,2026-03-01,11,,No report submitted
20,2026-03-01,12,,No report submitted
20,2026-03-01,13,,No report submitted
20,2026-03-01,14,,No report submitted
20,2026-03-01,15,,No report submitted
20,2026-03-01,16,,No report submitted
20,2026-03-01,17,,No report submitted
20,2026-03-01,18,,No report submitted
20,2026-03-01,19,,No report submitted
20,2026-03-01,20,,No report submitted
20,2026-03-01,21,,No report submitted
20,2026-03-01,22,,No report submitted
20,2026-03-01,23,,No report submitted
20,2026-03-01,24,,No report submitted
20,2026-03-01,25,,No report submitted
20,2026-03-01,26,,No report submitted
20,2026-03-01,27,,No report submitted
20,2026-04-01,1,,No report submitted
20,2026-04-01,2,,No report submitted
20,2026-04-01,3,,No report submitted
20,2026-04-01,4,,No report submitted
20,2026-04-01,5,,No report submitted
20,2026-04-01,6,,No report submitted
20,2026-04-01,7,,No report submitted
20,2026-04-01,8,,No report submitted
20,2026-04-01,9,,No report submitted
20,2026-04-01,10,,No report submitted
20,2026-04-01,11,,No report submitted
20,2026-04-01,12,,No report submitted
20,2026-04-01,13,,No report submitted
20,2026-04-01,14,,No report submitted
20,2026-04-01,15,,No report submitted
20,2026-04-01,16,,No report submitted
20,2026-04-01,17,,No report submitted
20,2026-04-01,18,,No report submitted
20,2026-04-01,19,,No report submitted
20,2026-04-01,20,,No report submitted
20,2026-04-01,21,,No report submitted
20,2026-04-01,22,,No report submitted
20,2026-04-01,23,,No report submitted
20,2026-04-01,24,,No report submitted
20,2026-04-01,25,,No report submitted
20,2026-04-01,26,,No report submitted
20,2026-04-01,27,,No report submitted
20,2026-05-01,1,,No report submitted
20,2026-05-01,2,,No report submitted
20,2026-05-01,3,,No report submitted
20,2026-05-01,4,,No report submitted
20,2026-05-01,5,,No report submitted
20,2026-05-01,6,,No report submitted
20,2026-05-01,7,,No report submitted
20,2026-05-01,8,,No report submitted
20,2026-05-01,9,,No report submitted
20,2026-05-01,10,,No report submitted
20,2026-05-01,11,,No report submitted
20,2026-05-01,12,,No report submitted
20,2026-05-01,13,,No report submitted
20,2026-05-01,14,,No report submitted
20,2026-05-01,15,,No report submitted
20,2026-05-01,16,,No report submitted
20,2026-05-01,17,,No report submitted
20,2026-05-01,18,,No report submitted
20,2026-05-01,19,,No report submitted
20,2026-05-01,20,,No report submitted
20,2026-05-01,21,,No report submitted
20,2026-05-01,22,,No report submitted
20,2026-05-01,23,,No report submitted
20,2026-05-01,24,,No report submitted
20,2026-05-01,25,,No report submitted
20,2026-05-01,26,,No report submitted
20,2026-05-01,27,,No report submitted
20,2026-06-01,1,,No report submitted
20,2026-06-01,2,,No report submitted
20,2026-06-01,3,,No report submitted
20,2026-06-01,4,,No report submitted
20,2026-06-01,5,,No report submitted
20,2026-06-01,6,,No report submitted
20,2026-06-01,7,,No report submitted
20,2026-06-01,8,,No report submitted
20,2026-06-01,9,,No report submitted
20,2026-06-01,10,,No report submitted
20,2026-06-01,11,,No report submitted
20,2026-06-01,12,,No report submitted
20,2026-06-01,13,,No report submitted
20,2026-06-01,14,,No report submitted
20,2026-06-01,15,,No report submitted
20,2026-06-01,16,,No report submitted
20,2026-06-01,17,,No report submitted
20,2026-06-01,18,,No report submitted
20,2026-06-01,19,,No report submitted
20,2026-06-01,20,,No report submitted
20,2026-06-01,21,,No report submitted
20,2026-06-01,22,,No report submitted
20,2026-06-01,23,,No report submitted
20,2026-06-01,24,,No report submitted
20,2026-06-01,25,,No report submitted
20,2026-06-01,26,,No report submitted
20,2026-06-01,27,,No report submitted
20,2026-07-01,1,,No report submitted
20,2026-07-01,2,,No report submitted
20,2026-07-01,3,,No report submitted
20,2026-07-01,4,,No report submitted
20,2026-07-01,5,,No report submitted
20,2026-07-01,6,,No report submitted
20,2026-07-01,7,,No report submitted
20,2026-07-01,8,,No report submitted
20,2026-07-01,9,,No report submitted
20,2026-07-01,10,,No report submitted
20,2026-07-01,11,,No report submitted
20,2026-07-01,12,,No report submitted
20,2026-07-01,13,,No report submitted
20,2026-07-01,14,,No report submitted
20,2026-07-01,15,,No report submitted
20,2026-07-01,16,,No report submitted
20,2026-07-01,17,,No report submitted
20,2026-07-01,18,,No report submitted
20,2026-07-01,19,,No report submitted
20,2026-07-01,20,,No report submitted
20,2026-07-01,21,,No report submitted
20,2026-07-01,22,,No report submitted
20,2026-07-01,23,,No report submitted
20,2026-07-01,24,,No report submitted
20,2026-07-01,25,,No report submitted
20,2026-07-01,26,,No report submitted
20,2026-07-01,27,,No report submitted
20,2026-08-01,1,,No report submitted
20,2026-08-01,2,,No report submitted
20,2026-08-01,3,,No report submitted
20,2026-08-01,4,,No report submitted
20,2026-08-01,5,,No report submitted
20,2026-08-01,6,,No report submitted
20,2026-08-01,7,,No report submitted
20,2026-08-01,8,,No report submitted
20,2026-08-01,9,,No report submitted
20,2026-08-01,10,,No report submitted
20,2026-08-01,11,,No report submitted
20,2026-08-01,12,,No report submitted
20,2026-08-01,13,,No report submitted
20,2026-08-01,14,,No report submitted
20,2026-08-01,15,,No report submitted
20,2026-08-01,16,,No report submitted
20,2026-08-01,17,,No report submitted
20,2026-08-01,18,,No report submitted
20,2026-08-01,19,,No report submitted
20,2026-08-01,20,,No report submitted
20,2026-08-01,21,,No report submitted
20,2026-08-01,22,,No report submitted
20,2026-08-01,23,,No report submitted
20,2026-08-01,24,,No report submitted
20,2026-08-01,25,,No report submitted
20,2026-08-01,26,,No report submitted
20,2026-08-01,27,,No report submitted
20,2026-09-01,1,,No report submitted
20,2026-09-01,2,,No report submitted
20,2026-09-01,3,,No report submitted
20,2026-09-01,4,,No report submitted
20,2026-09-01,5,,No report submitted
20,2026-09-01,6,,No report submitted
20,2026-09-01,7,,No report submitted
20,2026-09-01,8,,No report submitted
20,2026-09-01,9,,No report submitted
20,2026-09-01,10,,No report submitted
20,2026-09-01,11,,No report submitted
20,2026-09-01,12,,No report submitted
20,2026-09-01,13,,No report submitted
20,2026-09-01,14,,No report submitted
20,2026-09-01,15,,No report submitted
20,2026-09-01,16,,No report submitted
20,2026-09-01,17,,No report submitted
20,2026-09-01,18,,No report submitted
20,2026-09-01,19,,No report submitted
20,2026-09-01,20,,No report submitted
20,2026-09-01,21,,No report submitted
20,2026-09-01,22,,No report submitted
20,2026-09-01,23,,No report submitted
20,2026-09-01,24,,No report submitted
20,2026-09-01,25,,No report submitted
20,2026-09-01,26,,No report submitted
20,2026-09-01,27,,No report submitted
21,2026-01-01,1,905,Reported
21,2026-01-01,2,52,Reported
21,2026-01-01,3,3,Reported
21,2026-01-01,4,2,Reported
21,2026-01-01,5,0,Reported zero
21,2026-01-01,6,0,Reported zero
21,2026-01-01,7,0,Reported zero
21,2026-01-01,8,0,Reported zero
21,2026-01-01,9,0,Reported zero
21,2026-01-01,10,0,Reported zero
21,2026-01-01,11,597,Reported
21,2026-01-01,12,104,Reported
21,2026-01-01,13,16,Reported
21,2026-01-01,14,16,Reported
21,2026-01-01,15,,Not captured on form
21,2026-01-01,16,,Not captured on form
21,2026-01-01,17,,Not captured on form
21,2026-01-01,18,,Not captured on form
21,2026-01-01,19,,Not captured on form
21,2026-01-01,20,,Not captured on form
21,2026-01-01,21,3,Reported
21,2026-01-01,22,3,Reported
21,2026-01-01,23,3,Reported
21,2026-01-01,24,34,Reported
21,2026-01-01,25,26,Reported
21,2026-01-01,26,26,Reported
21,2026-01-01,27,2,Reported
21,2026-02-01,1,1023,Reported
21,2026-02-01,2,97,Reported
21,2026-02-01,3,4,Reported
21,2026-02-01,4,1,Reported
21,2026-02-01,5,0,Reported zero
21,2026-02-01,6,0,Reported zero
21,2026-02-01,7,4,Reported
21,2026-02-01,8,0,Reported zero
21,2026-02-01,9,0,Reported zero
21,2026-02-01,10,1,Reported
21,2026-02-01,11,540,Reported
21,2026-02-01,12,106,Reported
21,2026-02-01,13,56,Reported
21,2026-02-01,14,7,Reported
21,2026-02-01,15,,Not captured on form
21,2026-02-01,16,,Not captured on form
21,2026-02-01,17,,Not captured on form
21,2026-02-01,18,,Not captured on form
21,2026-02-01,19,,Not captured on form
21,2026-02-01,20,,Not captured on form
21,2026-02-01,21,7,Reported
21,2026-02-01,22,4,Reported
21,2026-02-01,23,4,Reported
21,2026-02-01,24,63,Reported
21,2026-02-01,25,37,Reported
21,2026-02-01,26,37,Reported
21,2026-02-01,27,4,Reported
21,2026-03-01,1,1066,Reported
21,2026-03-01,2,88,Reported
21,2026-03-01,3,6,Reported
21,2026-03-01,4,3,Reported
21,2026-03-01,5,0,Reported zero
21,2026-03-01,6,0,Reported zero
21,2026-03-01,7,3,Reported
21,2026-03-01,8,0,Reported zero
21,2026-03-01,9,0,Reported zero
21,2026-03-01,10,2,Reported
21,2026-03-01,11,493,Reported
21,2026-03-01,12,86,Reported
21,2026-03-01,13,158,Reported
21,2026-03-01,14,108,Reported
21,2026-03-01,15,,Not captured on form
21,2026-03-01,16,,Not captured on form
21,2026-03-01,17,,Not captured on form
21,2026-03-01,18,,Not captured on form
21,2026-03-01,19,,Not captured on form
21,2026-03-01,20,,Not captured on form
21,2026-03-01,21,13,Reported
21,2026-03-01,22,6,Reported
21,2026-03-01,23,6,Reported
21,2026-03-01,24,60,Reported
21,2026-03-01,25,30,Reported
21,2026-03-01,26,30,Reported
21,2026-03-01,27,3,Reported
21,2026-04-01,1,924,Reported
21,2026-04-01,2,71,Reported
21,2026-04-01,3,7,Reported
21,2026-04-01,4,20,Reported
21,2026-04-01,5,0,Reported zero
21,2026-04-01,6,0,Reported zero
21,2026-04-01,7,0,Reported zero
21,2026-04-01,8,0,Reported zero
21,2026-04-01,9,0,Reported zero
21,2026-04-01,10,0,Reported zero
21,2026-04-01,11,478,Reported
21,2026-04-01,12,86,Reported
21,2026-04-01,13,77,Reported
21,2026-04-01,14,30,Reported
21,2026-04-01,15,,Not captured on form
21,2026-04-01,16,,Not captured on form
21,2026-04-01,17,,Not captured on form
21,2026-04-01,18,,Not captured on form
21,2026-04-01,19,,Not captured on form
21,2026-04-01,20,,Not captured on form
21,2026-04-01,21,4,Reported
21,2026-04-01,22,2,Reported
21,2026-04-01,23,2,Reported
21,2026-04-01,24,41,Reported
21,2026-04-01,25,28,Reported
21,2026-04-01,26,28,Reported
21,2026-04-01,27,5,Reported
21,2026-05-01,1,638,Reported
21,2026-05-01,2,50,Reported
21,2026-05-01,3,7,Reported
21,2026-05-01,4,1,Reported
21,2026-05-01,5,0,Reported zero
21,2026-05-01,6,0,Reported zero
21,2026-05-01,7,3,Reported
21,2026-05-01,8,0,Reported zero
21,2026-05-01,9,0,Reported zero
21,2026-05-01,10,0,Reported zero
21,2026-05-01,11,360,Reported
21,2026-05-01,12,84,Reported
21,2026-05-01,13,40,Reported
21,2026-05-01,14,16,Reported
21,2026-05-01,15,,Not captured on form
21,2026-05-01,16,,Not captured on form
21,2026-05-01,17,,Not captured on form
21,2026-05-01,18,,Not captured on form
21,2026-05-01,19,,Not captured on form
21,2026-05-01,20,,Not captured on form
21,2026-05-01,21,6,Reported
21,2026-05-01,22,3,Reported
21,2026-05-01,23,3,Reported
21,2026-05-01,24,30,Reported
21,2026-05-01,25,21,Reported
21,2026-05-01,26,21,Reported
21,2026-05-01,27,2,Reported
21,2026-06-01,1,2665,Reported
21,2026-06-01,2,93,Reported
21,2026-06-01,3,25,Reported
21,2026-06-01,4,13,Reported
21,2026-06-01,5,3,Reported
21,2026-06-01,6,0,Reported zero
21,2026-06-01,7,9,Reported
21,2026-06-01,8,0,Reported zero
21,2026-06-01,9,0,Reported zero
21,2026-06-01,10,0,Reported zero
21,2026-06-01,11,581,Reported
21,2026-06-01,12,37,Reported
21,2026-06-01,13,118,Reported
21,2026-06-01,14,72,Reported
21,2026-06-01,15,40,Reported
21,2026-06-01,16,4,Reported
21,2026-06-01,17,7,Reported
21,2026-06-01,18,6,Reported
21,2026-06-01,19,23,Reported
21,2026-06-01,20,0,Reported zero
21,2026-06-01,21,19,Reported
21,2026-06-01,22,3,Reported
21,2026-06-01,23,3,Reported
21,2026-06-01,24,62,Reported
21,2026-06-01,25,23,Reported
21,2026-06-01,26,23,Reported
21,2026-06-01,27,8,Reported
21,2026-07-01,1,652,Reported
21,2026-07-01,2,33,Reported
21,2026-07-01,3,10,Reported
21,2026-07-01,4,0,Reported zero
21,2026-07-01,5,1,Reported
21,2026-07-01,6,0,Reported zero
21,2026-07-01,7,0,Reported zero
21,2026-07-01,8,5,Reported
21,2026-07-01,9,0,Reported zero
21,2026-07-01,10,0,Reported zero
21,2026-07-01,11,351,Reported
21,2026-07-01,12,82,Reported
21,2026-07-01,13,35,Reported
21,2026-07-01,14,63,Reported
21,2026-07-01,15,5,Reported
21,2026-07-01,16,5,Reported
21,2026-07-01,17,10,Reported
21,2026-07-01,18,40,Reported
21,2026-07-01,19,3,Reported
21,2026-07-01,20,0,Reported zero
21,2026-07-01,21,4,Reported
21,2026-07-01,22,3,Reported
21,2026-07-01,23,3,Reported
21,2026-07-01,24,7,Reported
21,2026-07-01,25,4,Reported
21,2026-07-01,26,4,Reported
21,2026-07-01,27,3,Reported
21,2026-08-01,1,,No report submitted
21,2026-08-01,2,,No report submitted
21,2026-08-01,3,,No report submitted
21,2026-08-01,4,,No report submitted
21,2026-08-01,5,,No report submitted
21,2026-08-01,6,,No report submitted
21,2026-08-01,7,,No report submitted
21,2026-08-01,8,,No report submitted
21,2026-08-01,9,,No report submitted
21,2026-08-01,10,,No report submitted
21,2026-08-01,11,,No report submitted
21,2026-08-01,12,,No report submitted
21,2026-08-01,13,,No report submitted
21,2026-08-01,14,,No report submitted
21,2026-08-01,15,,No report submitted
21,2026-08-01,16,,No report submitted
21,2026-08-01,17,,No report submitted
21,2026-08-01,18,,No report submitted
21,2026-08-01,19,,No report submitted
21,2026-08-01,20,,No report submitted
21,2026-08-01,21,,No report submitted
21,2026-08-01,22,,No report submitted
21,2026-08-01,23,,No report submitted
21,2026-08-01,24,,No report submitted
21,2026-08-01,25,,No report submitted
21,2026-08-01,26,,No report submitted
21,2026-08-01,27,,No report submitted
21,2026-09-01,1,,No report submitted
21,2026-09-01,2,,No report submitted
21,2026-09-01,3,,No report submitted
21,2026-09-01,4,,No report submitted
21,2026-09-01,5,,No report submitted
21,2026-09-01,6,,No report submitted
21,2026-09-01,7,,No report submitted
21,2026-09-01,8,,No report submitted
21,2026-09-01,9,,No report submitted
21,2026-09-01,10,,No report submitted
21,2026-09-01,11,,No report submitted
21,2026-09-01,12,,No report submitted
21,2026-09-01,13,,No report submitted
21,2026-09-01,14,,No report submitted
21,2026-09-01,15,,No report submitted
21,2026-09-01,16,,No report submitted
21,2026-09-01,17,,No report submitted
21,2026-09-01,18,,No report submitted
21,2026-09-01,19,,No report submitted
21,2026-09-01,20,,No report submitted
21,2026-09-01,21,,No report submitted
21,2026-09-01,22,,No report submitted
21,2026-09-01,23,,No report submitted
21,2026-09-01,24,,No report submitted
21,2026-09-01,25,,No report submitted
21,2026-09-01,26,,No report submitted
21,2026-09-01,27,,No report submitted
22,2026-01-01,1,284,Reported
22,2026-01-01,2,65,Reported
22,2026-01-01,3,45,Reported
22,2026-01-01,4,15,Reported
22,2026-01-01,5,3,Reported
22,2026-01-01,6,1,Reported
22,2026-01-01,7,13,Reported
22,2026-01-01,8,4,Reported
22,2026-01-01,9,0,Reported zero
22,2026-01-01,10,5,Reported
22,2026-01-01,11,314,Reported
22,2026-01-01,12,69,Reported
22,2026-01-01,13,115,Reported
22,2026-01-01,14,2,Reported
22,2026-01-01,15,,Not captured on form
22,2026-01-01,16,,Not captured on form
22,2026-01-01,17,,Not captured on form
22,2026-01-01,18,,Not captured on form
22,2026-01-01,19,,Not captured on form
22,2026-01-01,20,,Not captured on form
22,2026-01-01,21,12,Reported
22,2026-01-01,22,5,Reported
22,2026-01-01,23,5,Reported
22,2026-01-01,24,39,Reported
22,2026-01-01,25,29,Reported
22,2026-01-01,26,29,Reported
22,2026-01-01,27,4,Reported
22,2026-02-01,1,338,Reported
22,2026-02-01,2,54,Reported
22,2026-02-01,3,55,Reported
22,2026-02-01,4,15,Reported
22,2026-02-01,5,10,Reported
22,2026-02-01,6,0,Reported zero
22,2026-02-01,7,10,Reported
22,2026-02-01,8,1,Reported
22,2026-02-01,9,0,Reported zero
22,2026-02-01,10,3,Reported
22,2026-02-01,11,344,Reported
22,2026-02-01,12,73,Reported
22,2026-02-01,13,58,Reported
22,2026-02-01,14,58,Reported
22,2026-02-01,15,,Not captured on form
22,2026-02-01,16,,Not captured on form
22,2026-02-01,17,,Not captured on form
22,2026-02-01,18,,Not captured on form
22,2026-02-01,19,,Not captured on form
22,2026-02-01,20,,Not captured on form
22,2026-02-01,21,10,Reported
22,2026-02-01,22,2,Reported
22,2026-02-01,23,2,Reported
22,2026-02-01,24,2,Reported
22,2026-02-01,25,2,Reported
22,2026-02-01,26,2,Reported
22,2026-02-01,27,4,Reported
22,2026-03-01,1,301,Reported
22,2026-03-01,2,50,Reported
22,2026-03-01,3,59,Reported
22,2026-03-01,4,10,Reported
22,2026-03-01,5,11,Reported
22,2026-03-01,6,3,Reported
22,2026-03-01,7,4,Reported
22,2026-03-01,8,5,Reported
22,2026-03-01,9,2,Reported
22,2026-03-01,10,3,Reported
22,2026-03-01,11,388,Reported
22,2026-03-01,12,75,Reported
22,2026-03-01,13,30,Reported
22,2026-03-01,14,3,Reported
22,2026-03-01,15,,Not captured on form
22,2026-03-01,16,,Not captured on form
22,2026-03-01,17,,Not captured on form
22,2026-03-01,18,,Not captured on form
22,2026-03-01,19,,Not captured on form
22,2026-03-01,20,,Not captured on form
22,2026-03-01,21,4,Reported
22,2026-03-01,22,2,Reported
22,2026-03-01,23,2,Reported
22,2026-03-01,24,20,Reported
22,2026-03-01,25,20,Reported
22,2026-03-01,26,20,Reported
22,2026-03-01,27,4,Reported
22,2026-04-01,1,330,Reported
22,2026-04-01,2,55,Reported
22,2026-04-01,3,67,Reported
22,2026-04-01,4,16,Reported
22,2026-04-01,5,10,Reported
22,2026-04-01,6,0,Reported zero
22,2026-04-01,7,5,Reported
22,2026-04-01,8,2,Reported
22,2026-04-01,9,0,Reported zero
22,2026-04-01,10,6,Reported
22,2026-04-01,11,251,Reported
22,2026-04-01,12,0,Reported zero
22,2026-04-01,13,15,Reported
22,2026-04-01,14,3,Reported
22,2026-04-01,15,,Not captured on form
22,2026-04-01,16,,Not captured on form
22,2026-04-01,17,,Not captured on form
22,2026-04-01,18,,Not captured on form
22,2026-04-01,19,,Not captured on form
22,2026-04-01,20,,Not captured on form
22,2026-04-01,21,8,Reported
22,2026-04-01,22,3,Reported
22,2026-04-01,23,3,Reported
22,2026-04-01,24,36,Reported
22,2026-04-01,25,22,Reported
22,2026-04-01,26,22,Reported
22,2026-04-01,27,4,Reported
22,2026-05-01,1,60,Reported
22,2026-05-01,2,58,Reported
22,2026-05-01,3,52,Reported
22,2026-05-01,4,5,Reported
22,2026-05-01,5,10,Reported
22,2026-05-01,6,0,Reported zero
22,2026-05-01,7,6,Reported
22,2026-05-01,8,2,Reported
22,2026-05-01,9,1,Reported
22,2026-05-01,10,15,Reported
22,2026-05-01,11,342,Reported
22,2026-05-01,12,82,Reported
22,2026-05-01,13,10,Reported
22,2026-05-01,14,5,Reported
22,2026-05-01,15,,Not captured on form
22,2026-05-01,16,,Not captured on form
22,2026-05-01,17,,Not captured on form
22,2026-05-01,18,,Not captured on form
22,2026-05-01,19,,Not captured on form
22,2026-05-01,20,,Not captured on form
22,2026-05-01,21,9,Reported
22,2026-05-01,22,7,Reported
22,2026-05-01,23,8,Reported
22,2026-05-01,24,32,Reported
22,2026-05-01,25,15,Reported
22,2026-05-01,26,40,Reported
22,2026-05-01,27,4,Reported
22,2026-06-01,1,411,Reported
22,2026-06-01,2,64,Reported
22,2026-06-01,3,72,Reported
22,2026-06-01,4,8,Reported
22,2026-06-01,5,8,Reported
22,2026-06-01,6,9,Reported
22,2026-06-01,7,4,Reported
22,2026-06-01,8,3,Reported
22,2026-06-01,9,2,Reported
22,2026-06-01,10,6,Reported
22,2026-06-01,11,282,Reported
22,2026-06-01,12,40,Reported
22,2026-06-01,13,10,Reported
22,2026-06-01,14,5,Reported
22,2026-06-01,15,0,Reported zero
22,2026-06-01,16,2,Reported
22,2026-06-01,17,0,Reported zero
22,2026-06-01,18,10,Reported
22,2026-06-01,19,2,Reported
22,2026-06-01,20,0,Reported zero
22,2026-06-01,21,9,Reported
22,2026-06-01,22,5,Reported
22,2026-06-01,23,5,Reported
22,2026-06-01,24,51,Reported
22,2026-06-01,25,37,Reported
22,2026-06-01,26,37,Reported
22,2026-06-01,27,4,Reported
22,2026-07-01,1,307,Reported
22,2026-07-01,2,87,Reported
22,2026-07-01,3,48,Reported
22,2026-07-01,4,10,Reported
22,2026-07-01,5,6,Reported
22,2026-07-01,6,6,Reported
22,2026-07-01,7,3,Reported
22,2026-07-01,8,0,Reported zero
22,2026-07-01,9,0,Reported zero
22,2026-07-01,10,8,Reported
22,2026-07-01,11,100,Reported
22,2026-07-01,12,35,Reported
22,2026-07-01,13,11,Reported
22,2026-07-01,14,8,Reported
22,2026-07-01,15,3,Reported
22,2026-07-01,16,0,Reported zero
22,2026-07-01,17,0,Reported zero
22,2026-07-01,18,6,Reported
22,2026-07-01,19,2,Reported
22,2026-07-01,20,0,Reported zero
22,2026-07-01,21,17,Reported
22,2026-07-01,22,10,Reported
22,2026-07-01,23,10,Reported
22,2026-07-01,24,60,Reported
22,2026-07-01,25,35,Reported
22,2026-07-01,26,35,Reported
22,2026-07-01,27,4,Reported
22,2026-08-01,1,332,Reported
22,2026-08-01,2,93,Reported
22,2026-08-01,3,50,Reported
22,2026-08-01,4,6,Reported
22,2026-08-01,5,6,Reported
22,2026-08-01,6,3,Reported
22,2026-08-01,7,0,Reported zero
22,2026-08-01,8,0,Reported zero
22,2026-08-01,9,5,Reported
22,2026-08-01,10,3,Reported
22,2026-08-01,11,283,Reported
22,2026-08-01,12,43,Reported
22,2026-08-01,13,3,Reported
22,2026-08-01,14,3,Reported
22,2026-08-01,15,1,Reported
22,2026-08-01,16,0,Reported zero
22,2026-08-01,17,0,Reported zero
22,2026-08-01,18,0,Reported zero
22,2026-08-01,19,2,Reported
22,2026-08-01,20,0,Reported zero
22,2026-08-01,21,20,Reported
22,2026-08-01,22,11,Reported
22,2026-08-01,23,11,Reported
22,2026-08-01,24,54,Reported
22,2026-08-01,25,39,Reported
22,2026-08-01,26,39,Reported
22,2026-08-01,27,4,Reported
22,2026-09-01,1,337,Reported
22,2026-09-01,2,63,Reported
22,2026-09-01,3,50,Reported
22,2026-09-01,4,12,Reported
22,2026-09-01,5,7,Reported
22,2026-09-01,6,2,Reported
22,2026-09-01,7,3,Reported
22,2026-09-01,8,2,Reported
22,2026-09-01,9,0,Reported zero
22,2026-09-01,10,5,Reported
22,2026-09-01,11,290,Reported
22,2026-09-01,12,43,Reported
22,2026-09-01,13,8,Reported
22,2026-09-01,14,7,Reported
22,2026-09-01,15,14,Reported
22,2026-09-01,16,0,Reported zero
22,2026-09-01,17,0,Reported zero
22,2026-09-01,18,3,Reported
22,2026-09-01,19,5,Reported
22,2026-09-01,20,0,Reported zero
22,2026-09-01,21,13,Reported
22,2026-09-01,22,5,Reported
22,2026-09-01,23,5,Reported
22,2026-09-01,24,37,Reported
22,2026-09-01,25,31,Reported
22,2026-09-01,26,31,Reported
22,2026-09-01,27,9,Reported
23,2026-01-01,1,328,Reported
23,2026-01-01,2,113,Reported
23,2026-01-01,3,170,Reported
23,2026-01-01,4,48,Reported
23,2026-01-01,5,27,Reported
23,2026-01-01,6,1,Reported
23,2026-01-01,7,65,Reported
23,2026-01-01,8,48,Reported
23,2026-01-01,9,9,Reported
23,2026-01-01,10,33,Reported
23,2026-01-01,11,83,Reported
23,2026-01-01,12,24,Reported
23,2026-01-01,13,50,Reported
23,2026-01-01,14,50,Reported
23,2026-01-01,15,,Not captured on form
23,2026-01-01,16,,Not captured on form
23,2026-01-01,17,,Not captured on form
23,2026-01-01,18,,Not captured on form
23,2026-01-01,19,,Not captured on form
23,2026-01-01,20,,Not captured on form
23,2026-01-01,21,28,Reported
23,2026-01-01,22,26,Reported
23,2026-01-01,23,26,Reported
23,2026-01-01,24,83,Reported
23,2026-01-01,25,13,Reported
23,2026-01-01,26,13,Reported
23,2026-01-01,27,5,Reported
23,2026-02-01,1,400,Reported
23,2026-02-01,2,84,Reported
23,2026-02-01,3,179,Reported
23,2026-02-01,4,57,Reported
23,2026-02-01,5,19,Reported
23,2026-02-01,6,3,Reported
23,2026-02-01,7,57,Reported
23,2026-02-01,8,24,Reported
23,2026-02-01,9,53,Reported
23,2026-02-01,10,31,Reported
23,2026-02-01,11,112,Reported
23,2026-02-01,12,20,Reported
23,2026-02-01,13,74,Reported
23,2026-02-01,14,74,Reported
23,2026-02-01,15,,Not captured on form
23,2026-02-01,16,,Not captured on form
23,2026-02-01,17,,Not captured on form
23,2026-02-01,18,,Not captured on form
23,2026-02-01,19,,Not captured on form
23,2026-02-01,20,,Not captured on form
23,2026-02-01,21,14,Reported
23,2026-02-01,22,5,Reported
23,2026-02-01,23,5,Reported
23,2026-02-01,24,70,Reported
23,2026-02-01,25,19,Reported
23,2026-02-01,26,19,Reported
23,2026-02-01,27,3,Reported
23,2026-03-01,1,405,Reported
23,2026-03-01,2,73,Reported
23,2026-03-01,3,160,Reported
23,2026-03-01,4,27,Reported
23,2026-03-01,5,24,Reported
23,2026-03-01,6,2,Reported
23,2026-03-01,7,27,Reported
23,2026-03-01,8,34,Reported
23,2026-03-01,9,35,Reported
23,2026-03-01,10,33,Reported
23,2026-03-01,11,139,Reported
23,2026-03-01,12,27,Reported
23,2026-03-01,13,60,Reported
23,2026-03-01,14,60,Reported
23,2026-03-01,15,,Not captured on form
23,2026-03-01,16,,Not captured on form
23,2026-03-01,17,,Not captured on form
23,2026-03-01,18,,Not captured on form
23,2026-03-01,19,,Not captured on form
23,2026-03-01,20,,Not captured on form
23,2026-03-01,21,12,Reported
23,2026-03-01,22,3,Reported
23,2026-03-01,23,3,Reported
23,2026-03-01,24,69,Reported
23,2026-03-01,25,12,Reported
23,2026-03-01,26,12,Reported
23,2026-03-01,27,4,Reported
23,2026-04-01,1,468,Reported
23,2026-04-01,2,101,Reported
23,2026-04-01,3,150,Reported
23,2026-04-01,4,22,Reported
23,2026-04-01,5,26,Reported
23,2026-04-01,6,1,Reported
23,2026-04-01,7,22,Reported
23,2026-04-01,8,29,Reported
23,2026-04-01,9,23,Reported
23,2026-04-01,10,27,Reported
23,2026-04-01,11,107,Reported
23,2026-04-01,12,23,Reported
23,2026-04-01,13,67,Reported
23,2026-04-01,14,67,Reported
23,2026-04-01,15,,Not captured on form
23,2026-04-01,16,,Not captured on form
23,2026-04-01,17,,Not captured on form
23,2026-04-01,18,,Not captured on form
23,2026-04-01,19,,Not captured on form
23,2026-04-01,20,,Not captured on form
23,2026-04-01,21,28,Reported
23,2026-04-01,22,8,Reported
23,2026-04-01,23,8,Reported
23,2026-04-01,24,70,Reported
23,2026-04-01,25,16,Reported
23,2026-04-01,26,16,Reported
23,2026-04-01,27,4,Reported
23,2026-05-01,1,395,Reported
23,2026-05-01,2,59,Reported
23,2026-05-01,3,140,Reported
23,2026-05-01,4,37,Reported
23,2026-05-01,5,8,Reported
23,2026-05-01,6,7,Reported
23,2026-05-01,7,37,Reported
23,2026-05-01,8,38,Reported
23,2026-05-01,9,7,Reported
23,2026-05-01,10,32,Reported
23,2026-05-01,11,142,Reported
23,2026-05-01,12,34,Reported
23,2026-05-01,13,78,Reported
23,2026-05-01,14,78,Reported
23,2026-05-01,15,,Not captured on form
23,2026-05-01,16,,Not captured on form
23,2026-05-01,17,,Not captured on form
23,2026-05-01,18,,Not captured on form
23,2026-05-01,19,,Not captured on form
23,2026-05-01,20,,Not captured on form
23,2026-05-01,21,7,Reported
23,2026-05-01,22,3,Reported
23,2026-05-01,23,3,Reported
23,2026-05-01,24,51,Reported
23,2026-05-01,25,8,Reported
23,2026-05-01,26,8,Reported
23,2026-05-01,27,4,Reported
23,2026-06-01,1,4604,Reported
23,2026-06-01,2,111,Reported
23,2026-06-01,3,153,Reported
23,2026-06-01,4,63,Reported
23,2026-06-01,5,7,Reported
23,2026-06-01,6,1,Reported
23,2026-06-01,7,61,Reported
23,2026-06-01,8,56,Reported
23,2026-06-01,9,25,Reported
23,2026-06-01,10,29,Reported
23,2026-06-01,11,140,Reported
23,2026-06-01,12,26,Reported
23,2026-06-01,13,56,Reported
23,2026-06-01,14,56,Reported
23,2026-06-01,15,8,Reported
23,2026-06-01,16,0,Reported zero
23,2026-06-01,17,6,Reported
23,2026-06-01,18,30,Reported
23,2026-06-01,19,8,Reported
23,2026-06-01,20,0,Reported zero
23,2026-06-01,21,19,Reported
23,2026-06-01,22,14,Reported
23,2026-06-01,23,14,Reported
23,2026-06-01,24,90,Reported
23,2026-06-01,25,32,Reported
23,2026-06-01,26,32,Reported
23,2026-06-01,27,4,Reported
23,2026-07-01,1,408,Reported
23,2026-07-01,2,128,Reported
23,2026-07-01,3,148,Reported
23,2026-07-01,4,47,Reported
23,2026-07-01,5,20,Reported
23,2026-07-01,6,1,Reported
23,2026-07-01,7,72,Reported
23,2026-07-01,8,26,Reported
23,2026-07-01,9,37,Reported
23,2026-07-01,10,31,Reported
23,2026-07-01,11,149,Reported
23,2026-07-01,12,33,Reported
23,2026-07-01,13,57,Reported
23,2026-07-01,14,57,Reported
23,2026-07-01,15,0,Reported zero
23,2026-07-01,16,0,Reported zero
23,2026-07-01,17,13,Reported
23,2026-07-01,18,27,Reported
23,2026-07-01,19,14,Reported
23,2026-07-01,20,0,Reported zero
23,2026-07-01,21,26,Reported
23,2026-07-01,22,9,Reported
23,2026-07-01,23,9,Reported
23,2026-07-01,24,100,Reported
23,2026-07-01,25,48,Reported
23,2026-07-01,26,48,Reported
23,2026-07-01,27,5,Reported
23,2026-08-01,1,360,Reported
23,2026-08-01,2,127,Reported
23,2026-08-01,3,140,Reported
23,2026-08-01,4,47,Reported
23,2026-08-01,5,5,Reported
23,2026-08-01,6,3,Reported
23,2026-08-01,7,50,Reported
23,2026-08-01,8,66,Reported
23,2026-08-01,9,14,Reported
23,2026-08-01,10,30,Reported
23,2026-08-01,11,130,Reported
23,2026-08-01,12,25,Reported
23,2026-08-01,13,62,Reported
23,2026-08-01,14,62,Reported
23,2026-08-01,15,20,Reported
23,2026-08-01,16,0,Reported zero
23,2026-08-01,17,8,Reported
23,2026-08-01,18,29,Reported
23,2026-08-01,19,22,Reported
23,2026-08-01,20,0,Reported zero
23,2026-08-01,21,28,Reported
23,2026-08-01,22,23,Reported
23,2026-08-01,23,23,Reported
23,2026-08-01,24,95,Reported
23,2026-08-01,25,54,Reported
23,2026-08-01,26,54,Reported
23,2026-08-01,27,4,Reported
23,2026-09-01,1,380,Reported
23,2026-09-01,2,119,Reported
23,2026-09-01,3,140,Reported
23,2026-09-01,4,44,Reported
23,2026-09-01,5,23,Reported
23,2026-09-01,6,1,Reported
23,2026-09-01,7,47,Reported
23,2026-09-01,8,41,Reported
23,2026-09-01,9,31,Reported
23,2026-09-01,10,32,Reported
23,2026-09-01,11,142,Reported
23,2026-09-01,12,53,Reported
23,2026-09-01,13,26,Reported
23,2026-09-01,14,62,Reported
23,2026-09-01,15,4,Reported
23,2026-09-01,16,0,Reported zero
23,2026-09-01,17,6,Reported
23,2026-09-01,18,28,Reported
23,2026-09-01,19,22,Reported
23,2026-09-01,20,0,Reported zero
23,2026-09-01,21,23,Reported
23,2026-09-01,22,13,Reported
23,2026-09-01,23,13,Reported
23,2026-09-01,24,95,Reported
23,2026-09-01,25,23,Reported
23,2026-09-01,26,23,Reported
23,2026-09-01,27,5,Reported
24,2026-01-01,1,1050,Reported
24,2026-01-01,2,811,Reported
24,2026-01-01,3,100,Reported
24,2026-01-01,4,67,Reported
24,2026-01-01,5,19,Reported
24,2026-01-01,6,14,Reported
24,2026-01-01,7,20,Reported
24,2026-01-01,8,28,Reported
24,2026-01-01,9,0,Reported zero
24,2026-01-01,10,21,Reported
24,2026-01-01,11,80,Reported
24,2026-01-01,12,13,Reported
24,2026-01-01,13,117,Reported
24,2026-01-01,14,100,Reported
24,2026-01-01,15,,Not captured on form
24,2026-01-01,16,,Not captured on form
24,2026-01-01,17,,Not captured on form
24,2026-01-01,18,,Not captured on form
24,2026-01-01,19,,Not captured on form
24,2026-01-01,20,,Not captured on form
24,2026-01-01,21,185,Reported
24,2026-01-01,22,151,Reported
24,2026-01-01,23,151,Reported
24,2026-01-01,24,343,Reported
24,2026-01-01,25,306,Reported
24,2026-01-01,26,306,Reported
24,2026-01-01,27,4,Reported
24,2026-02-01,1,1156,Reported
24,2026-02-01,2,983,Reported
24,2026-02-01,3,114,Reported
24,2026-02-01,4,73,Reported
24,2026-02-01,5,25,Reported
24,2026-02-01,6,16,Reported
24,2026-02-01,7,27,Reported
24,2026-02-01,8,20,Reported
24,2026-02-01,9,13,Reported
24,2026-02-01,10,23,Reported
24,2026-02-01,11,98,Reported
24,2026-02-01,12,10,Reported
24,2026-02-01,13,87,Reported
24,2026-02-01,14,75,Reported
24,2026-02-01,15,,Not captured on form
24,2026-02-01,16,,Not captured on form
24,2026-02-01,17,,Not captured on form
24,2026-02-01,18,,Not captured on form
24,2026-02-01,19,,Not captured on form
24,2026-02-01,20,,Not captured on form
24,2026-02-01,21,313,Reported
24,2026-02-01,22,268,Reported
24,2026-02-01,23,268,Reported
24,2026-02-01,24,386,Reported
24,2026-02-01,25,330,Reported
24,2026-02-01,26,330,Reported
24,2026-02-01,27,4,Reported
24,2026-03-01,1,1216,Reported
24,2026-03-01,2,349,Reported
24,2026-03-01,3,205,Reported
24,2026-03-01,4,123,Reported
24,2026-03-01,5,47,Reported
24,2026-03-01,6,35,Reported
24,2026-03-01,7,86,Reported
24,2026-03-01,8,53,Reported
24,2026-03-01,9,41,Reported
24,2026-03-01,10,36,Reported
24,2026-03-01,11,134,Reported
24,2026-03-01,12,13,Reported
24,2026-03-01,13,158,Reported
24,2026-03-01,14,107,Reported
24,2026-03-01,15,,Not captured on form
24,2026-03-01,16,,Not captured on form
24,2026-03-01,17,,Not captured on form
24,2026-03-01,18,,Not captured on form
24,2026-03-01,19,,Not captured on form
24,2026-03-01,20,,Not captured on form
24,2026-03-01,21,354,Reported
24,2026-03-01,22,286,Reported
24,2026-03-01,23,286,Reported
24,2026-03-01,24,415,Reported
24,2026-03-01,25,363,Reported
24,2026-03-01,26,363,Reported
24,2026-03-01,27,4,Reported
24,2026-04-01,1,1157,Reported
24,2026-04-01,2,1019,Reported
24,2026-04-01,3,89,Reported
24,2026-04-01,4,51,Reported
24,2026-04-01,5,22,Reported
24,2026-04-01,6,16,Reported
24,2026-04-01,7,50,Reported
24,2026-04-01,8,20,Reported
24,2026-04-01,9,13,Reported
24,2026-04-01,10,23,Reported
24,2026-04-01,11,93,Reported
24,2026-04-01,12,8,Reported
24,2026-04-01,13,156,Reported
24,2026-04-01,14,115,Reported
24,2026-04-01,15,,Not captured on form
24,2026-04-01,16,,Not captured on form
24,2026-04-01,17,,Not captured on form
24,2026-04-01,18,,Not captured on form
24,2026-04-01,19,,Not captured on form
24,2026-04-01,20,,Not captured on form
24,2026-04-01,21,325,Reported
24,2026-04-01,22,276,Reported
24,2026-04-01,23,276,Reported
24,2026-04-01,24,563,Reported
24,2026-04-01,25,449,Reported
24,2026-04-01,26,449,Reported
24,2026-04-01,27,4,Reported
24,2026-05-01,1,1187,Reported
24,2026-05-01,2,1052,Reported
24,2026-05-01,3,116,Reported
24,2026-05-01,4,75,Reported
24,2026-05-01,5,25,Reported
24,2026-05-01,6,16,Reported
24,2026-05-01,7,75,Reported
24,2026-05-01,8,20,Reported
24,2026-05-01,9,15,Reported
24,2026-05-01,10,26,Reported
24,2026-05-01,11,96,Reported
24,2026-05-01,12,12,Reported
24,2026-05-01,13,93,Reported
24,2026-05-01,14,76,Reported
24,2026-05-01,15,,Not captured on form
24,2026-05-01,16,,Not captured on form
24,2026-05-01,17,,Not captured on form
24,2026-05-01,18,,Not captured on form
24,2026-05-01,19,,Not captured on form
24,2026-05-01,20,,Not captured on form
24,2026-05-01,21,281,Reported
24,2026-05-01,22,250,Reported
24,2026-05-01,23,250,Reported
24,2026-05-01,24,307,Reported
24,2026-05-01,25,271,Reported
24,2026-05-01,26,271,Reported
24,2026-05-01,27,4,Reported
24,2026-06-01,1,1232,Reported
24,2026-06-01,2,968,Reported
24,2026-06-01,3,125,Reported
24,2026-06-01,4,83,Reported
24,2026-06-01,5,22,Reported
24,2026-06-01,6,20,Reported
24,2026-06-01,7,83,Reported
24,2026-06-01,8,22,Reported
24,2026-06-01,9,20,Reported
24,2026-06-01,10,26,Reported
24,2026-06-01,11,115,Reported
24,2026-06-01,12,10,Reported
24,2026-06-01,13,87,Reported
24,2026-06-01,14,69,Reported
24,2026-06-01,15,10,Reported
24,2026-06-01,16,5,Reported
24,2026-06-01,17,15,Reported
24,2026-06-01,18,5,Reported
24,2026-06-01,19,30,Reported
24,2026-06-01,20,0,Reported zero
24,2026-06-01,21,378,Reported
24,2026-06-01,22,345,Reported
24,2026-06-01,23,345,Reported
24,2026-06-01,24,421,Reported
24,2026-06-01,25,385,Reported
24,2026-06-01,26,385,Reported
24,2026-06-01,27,4,Reported
24,2026-07-01,1,1377,Reported
24,2026-07-01,2,1246,Reported
24,2026-07-01,3,123,Reported
24,2026-07-01,4,83,Reported
24,2026-07-01,5,31,Reported
24,2026-07-01,6,19,Reported
24,2026-07-01,7,83,Reported
24,2026-07-01,8,31,Reported
24,2026-07-01,9,19,Reported
24,2026-07-01,10,35,Reported
24,2026-07-01,11,98,Reported
24,2026-07-01,12,13,Reported
24,2026-07-01,13,94,Reported
24,2026-07-01,14,81,Reported
24,2026-07-01,15,11,Reported
24,2026-07-01,16,4,Reported
24,2026-07-01,17,35,Reported
24,2026-07-01,18,10,Reported
24,2026-07-01,19,38,Reported
24,2026-07-01,20,0,Reported zero
24,2026-07-01,21,409,Reported
24,2026-07-01,22,375,Reported
24,2026-07-01,23,375,Reported
24,2026-07-01,24,613,Reported
24,2026-07-01,25,546,Reported
24,2026-07-01,26,546,Reported
24,2026-07-01,27,4,Reported
24,2026-08-01,1,1125,Reported
24,2026-08-01,2,947,Reported
24,2026-08-01,3,110,Reported
24,2026-08-01,4,76,Reported
24,2026-08-01,5,20,Reported
24,2026-08-01,6,15,Reported
24,2026-08-01,7,75,Reported
24,2026-08-01,8,20,Reported
24,2026-08-01,9,15,Reported
24,2026-08-01,10,32,Reported
24,2026-08-01,11,87,Reported
24,2026-08-01,12,11,Reported
24,2026-08-01,13,115,Reported
24,2026-08-01,14,91,Reported
24,2026-08-01,15,15,Reported
24,2026-08-01,16,5,Reported
24,2026-08-01,17,23,Reported
24,2026-08-01,18,20,Reported
24,2026-08-01,19,35,Reported
24,2026-08-01,20,2,Reported
24,2026-08-01,21,250,Reported
24,2026-08-01,22,223,Reported
24,2026-08-01,23,223,Reported
24,2026-08-01,24,459,Reported
24,2026-08-01,25,405,Reported
24,2026-08-01,26,405,Reported
24,2026-08-01,27,4,Reported
24,2026-09-01,1,1278,Reported
24,2026-09-01,2,1131,Reported
24,2026-09-01,3,127,Reported
24,2026-09-01,4,87,Reported
24,2026-09-01,5,23,Reported
24,2026-09-01,6,17,Reported
24,2026-09-01,7,87,Reported
24,2026-09-01,8,23,Reported
24,2026-09-01,9,17,Reported
24,2026-09-01,10,32,Reported
24,2026-09-01,11,105,Reported
24,2026-09-01,12,8,Reported
24,2026-09-01,13,152,Reported
24,2026-09-01,14,134,Reported
24,2026-09-01,15,24,Reported
24,2026-09-01,16,10,Reported
24,2026-09-01,17,45,Reported
24,2026-09-01,18,20,Reported
24,2026-09-01,19,40,Reported
24,2026-09-01,20,0,Reported zero
24,2026-09-01,21,375,Reported
24,2026-09-01,22,319,Reported
24,2026-09-01,23,319,Reported
24,2026-09-01,24,457,Reported
24,2026-09-01,25,386,Reported
24,2026-09-01,26,153,Reported
24,2026-09-01,27,4,Reported
25,2026-01-01,1,1331,Reported
25,2026-01-01,2,290,Reported
25,2026-01-01,3,203,Reported
25,2026-01-01,4,68,Reported
25,2026-01-01,5,73,Reported
25,2026-01-01,6,5,Reported
25,2026-01-01,7,58,Reported
25,2026-01-01,8,48,Reported
25,2026-01-01,9,50,Reported
25,2026-01-01,10,82,Reported
25,2026-01-01,11,551,Reported
25,2026-01-01,12,65,Reported
25,2026-01-01,13,305,Reported
25,2026-01-01,14,197,Reported
25,2026-01-01,15,,Not captured on form
25,2026-01-01,16,,Not captured on form
25,2026-01-01,17,,Not captured on form
25,2026-01-01,18,,Not captured on form
25,2026-01-01,19,,Not captured on form
25,2026-01-01,20,,Not captured on form
25,2026-01-01,21,56,Reported
25,2026-01-01,22,4,Reported
25,2026-01-01,23,4,Reported
25,2026-01-01,24,216,Reported
25,2026-01-01,25,22,Reported
25,2026-01-01,26,22,Reported
25,2026-01-01,27,4,Reported
25,2026-02-01,1,1672,Reported
25,2026-02-01,2,277,Reported
25,2026-02-01,3,210,Reported
25,2026-02-01,4,45,Reported
25,2026-02-01,5,67,Reported
25,2026-02-01,6,4,Reported
25,2026-02-01,7,45,Reported
25,2026-02-01,8,37,Reported
25,2026-02-01,9,35,Reported
25,2026-02-01,10,75,Reported
25,2026-02-01,11,459,Reported
25,2026-02-01,12,57,Reported
25,2026-02-01,13,460,Reported
25,2026-02-01,14,251,Reported
25,2026-02-01,15,,Not captured on form
25,2026-02-01,16,,Not captured on form
25,2026-02-01,17,,Not captured on form
25,2026-02-01,18,,Not captured on form
25,2026-02-01,19,,Not captured on form
25,2026-02-01,20,,Not captured on form
25,2026-02-01,21,48,Reported
25,2026-02-01,22,2,Reported
25,2026-02-01,23,2,Reported
25,2026-02-01,24,151,Reported
25,2026-02-01,25,16,Reported
25,2026-02-01,26,16,Reported
25,2026-02-01,27,4,Reported
25,2026-03-01,1,1684,Reported
25,2026-03-01,2,261,Reported
25,2026-03-01,3,227,Reported
25,2026-03-01,4,60,Reported
25,2026-03-01,5,49,Reported
25,2026-03-01,6,0,Reported zero
25,2026-03-01,7,60,Reported
25,2026-03-01,8,71,Reported
25,2026-03-01,9,48,Reported
25,2026-03-01,10,84,Reported
25,2026-03-01,11,472,Reported
25,2026-03-01,12,51,Reported
25,2026-03-01,13,442,Reported
25,2026-03-01,14,225,Reported
25,2026-03-01,15,,Not captured on form
25,2026-03-01,16,,Not captured on form
25,2026-03-01,17,,Not captured on form
25,2026-03-01,18,,Not captured on form
25,2026-03-01,19,,Not captured on form
25,2026-03-01,20,,Not captured on form
25,2026-03-01,21,51,Reported
25,2026-03-01,22,3,Reported
25,2026-03-01,23,3,Reported
25,2026-03-01,24,153,Reported
25,2026-03-01,25,16,Reported
25,2026-03-01,26,16,Reported
25,2026-03-01,27,4,Reported
25,2026-04-01,1,1503,Reported
25,2026-04-01,2,251,Reported
25,2026-04-01,3,213,Reported
25,2026-04-01,4,26,Reported
25,2026-04-01,5,26,Reported
25,2026-04-01,6,3,Reported
25,2026-04-01,7,9,Reported
25,2026-04-01,8,2,Reported
25,2026-04-01,9,0,Reported zero
25,2026-04-01,10,80,Reported
25,2026-04-01,11,328,Reported
25,2026-04-01,12,49,Reported
25,2026-04-01,13,362,Reported
25,2026-04-01,14,206,Reported
25,2026-04-01,15,,Not captured on form
25,2026-04-01,16,,Not captured on form
25,2026-04-01,17,,Not captured on form
25,2026-04-01,18,,Not captured on form
25,2026-04-01,19,,Not captured on form
25,2026-04-01,20,,Not captured on form
25,2026-04-01,21,55,Reported
25,2026-04-01,22,3,Reported
25,2026-04-01,23,3,Reported
25,2026-04-01,24,154,Reported
25,2026-04-01,25,13,Reported
25,2026-04-01,26,13,Reported
25,2026-04-01,27,4,Reported
25,2026-05-01,1,1385,Reported
25,2026-05-01,2,332,Reported
25,2026-05-01,3,219,Reported
25,2026-05-01,4,15,Reported
25,2026-05-01,5,84,Reported
25,2026-05-01,6,3,Reported
25,2026-05-01,7,15,Reported
25,2026-05-01,8,48,Reported
25,2026-05-01,9,51,Reported
25,2026-05-01,10,84,Reported
25,2026-05-01,11,271,Reported
25,2026-05-01,12,15,Reported
25,2026-05-01,13,253,Reported
25,2026-05-01,14,113,Reported
25,2026-05-01,15,,Not captured on form
25,2026-05-01,16,,Not captured on form
25,2026-05-01,17,,Not captured on form
25,2026-05-01,18,,Not captured on form
25,2026-05-01,19,,Not captured on form
25,2026-05-01,20,,Not captured on form
25,2026-05-01,21,75,Reported
25,2026-05-01,22,1,Reported
25,2026-05-01,23,1,Reported
25,2026-05-01,24,211,Reported
25,2026-05-01,25,15,Reported
25,2026-05-01,26,15,Reported
25,2026-05-01,27,4,Reported
25,2026-06-01,1,5539,Reported
25,2026-06-01,2,506,Reported
25,2026-06-01,3,401,Reported
25,2026-06-01,4,28,Reported
25,2026-06-01,5,223,Reported
25,2026-06-01,6,2,Reported
25,2026-06-01,7,28,Reported
25,2026-06-01,8,52,Reported
25,2026-06-01,9,43,Reported
25,2026-06-01,10,103,Reported
25,2026-06-01,11,799,Reported
25,2026-06-01,12,125,Reported
25,2026-06-01,13,3759,Reported
25,2026-06-01,14,1108,Reported
25,2026-06-01,15,240,Reported
25,2026-06-01,16,10,Reported
25,2026-06-01,17,64,Reported
25,2026-06-01,18,3530,Reported
25,2026-06-01,19,102,Reported
25,2026-06-01,20,19,Reported
25,2026-06-01,21,77,Reported
25,2026-06-01,22,13,Reported
25,2026-06-01,23,13,Reported
25,2026-06-01,24,293,Reported
25,2026-06-01,25,78,Reported
25,2026-06-01,26,78,Reported
25,2026-06-01,27,4,Reported
25,2026-07-01,1,1180,Reported
25,2026-07-01,2,436,Reported
25,2026-07-01,3,340,Reported
25,2026-07-01,4,29,Reported
25,2026-07-01,5,163,Reported
25,2026-07-01,6,0,Reported zero
25,2026-07-01,7,29,Reported
25,2026-07-01,8,65,Reported
25,2026-07-01,9,50,Reported
25,2026-07-01,10,92,Reported
25,2026-07-01,11,438,Reported
25,2026-07-01,12,78,Reported
25,2026-07-01,13,271,Reported
25,2026-07-01,14,126,Reported
25,2026-07-01,15,1,Reported
25,2026-07-01,16,0,Reported zero
25,2026-07-01,17,55,Reported
25,2026-07-01,18,155,Reported
25,2026-07-01,19,78,Reported
25,2026-07-01,20,18,Reported
25,2026-07-01,21,59,Reported
25,2026-07-01,22,16,Reported
25,2026-07-01,23,16,Reported
25,2026-07-01,24,308,Reported
25,2026-07-01,25,85,Reported
25,2026-07-01,26,85,Reported
25,2026-07-01,27,4,Reported
25,2026-08-01,1,1627,Reported
25,2026-08-01,2,435,Reported
25,2026-08-01,3,320,Reported
25,2026-08-01,4,32,Reported
25,2026-08-01,5,124,Reported
25,2026-08-01,6,2,Reported
25,2026-08-01,7,32,Reported
25,2026-08-01,8,72,Reported
25,2026-08-01,9,69,Reported
25,2026-08-01,10,91,Reported
25,2026-08-01,11,517,Reported
25,2026-08-01,12,80,Reported
25,2026-08-01,13,315,Reported
25,2026-08-01,14,134,Reported
25,2026-08-01,15,100,Reported
25,2026-08-01,16,188,Reported
25,2026-08-01,17,63,Reported
25,2026-08-01,18,188,Reported
25,2026-08-01,19,81,Reported
25,2026-08-01,20,17,Reported
25,2026-08-01,21,35,Reported
25,2026-08-01,22,20,Reported
25,2026-08-01,23,20,Reported
25,2026-08-01,24,193,Reported
25,2026-08-01,25,166,Reported
25,2026-08-01,26,166,Reported
25,2026-08-01,27,4,Reported
25,2026-09-01,1,1983,Reported
25,2026-09-01,2,520,Reported
25,2026-09-01,3,498,Reported
25,2026-09-01,4,35,Reported
25,2026-09-01,5,247,Reported
25,2026-09-01,6,0,Reported zero
25,2026-09-01,7,35,Reported
25,2026-09-01,8,58,Reported
25,2026-09-01,9,76,Reported
25,2026-09-01,10,111,Reported
25,2026-09-01,11,441,Reported
25,2026-09-01,12,70,Reported
25,2026-09-01,13,360,Reported
25,2026-09-01,14,164,Reported
25,2026-09-01,15,658,Reported
25,2026-09-01,16,0,Reported zero
25,2026-09-01,17,24,Reported
25,2026-09-01,18,134,Reported
25,2026-09-01,19,173,Reported
25,2026-09-01,20,23,Reported
25,2026-09-01,21,68,Reported
25,2026-09-01,22,24,Reported
25,2026-09-01,23,24,Reported
25,2026-09-01,24,22,Reported
25,2026-09-01,25,191,Reported
25,2026-09-01,26,191,Reported
25,2026-09-01,27,4,Reported
26,2026-01-01,1,326,Reported
26,2026-01-01,2,158,Reported
26,2026-01-01,3,67,Reported
26,2026-01-01,4,18,Reported
26,2026-01-01,5,11,Reported
26,2026-01-01,6,0,Reported zero
26,2026-01-01,7,21,Reported
26,2026-01-01,8,17,Reported
26,2026-01-01,9,8,Reported
26,2026-01-01,10,7,Reported
26,2026-01-01,11,157,Reported
26,2026-01-01,12,30,Reported
26,2026-01-01,13,23,Reported
26,2026-01-01,14,23,Reported
26,2026-01-01,15,,Not captured on form
26,2026-01-01,16,,Not captured on form
26,2026-01-01,17,,Not captured on form
26,2026-01-01,18,,Not captured on form
26,2026-01-01,19,,Not captured on form
26,2026-01-01,20,,Not captured on form
26,2026-01-01,21,24,Reported
26,2026-01-01,22,14,Reported
26,2026-01-01,23,14,Reported
26,2026-01-01,24,25,Reported
26,2026-01-01,25,19,Reported
26,2026-01-01,26,19,Reported
26,2026-01-01,27,4,Reported
26,2026-02-01,1,360,Reported
26,2026-02-01,2,157,Reported
26,2026-02-01,3,82,Reported
26,2026-02-01,4,13,Reported
26,2026-02-01,5,9,Reported
26,2026-02-01,6,5,Reported
26,2026-02-01,7,21,Reported
26,2026-02-01,8,19,Reported
26,2026-02-01,9,8,Reported
26,2026-02-01,10,5,Reported
26,2026-02-01,11,181,Reported
26,2026-02-01,12,30,Reported
26,2026-02-01,13,26,Reported
26,2026-02-01,14,26,Reported
26,2026-02-01,15,,Not captured on form
26,2026-02-01,16,,Not captured on form
26,2026-02-01,17,,Not captured on form
26,2026-02-01,18,,Not captured on form
26,2026-02-01,19,,Not captured on form
26,2026-02-01,20,,Not captured on form
26,2026-02-01,21,28,Reported
26,2026-02-01,22,15,Reported
26,2026-02-01,23,15,Reported
26,2026-02-01,24,31,Reported
26,2026-02-01,25,30,Reported
26,2026-02-01,26,30,Reported
26,2026-02-01,27,4,Reported
26,2026-03-01,1,380,Reported
26,2026-03-01,2,168,Reported
26,2026-03-01,3,110,Reported
26,2026-03-01,4,20,Reported
26,2026-03-01,5,12,Reported
26,2026-03-01,6,5,Reported
26,2026-03-01,7,15,Reported
26,2026-03-01,8,12,Reported
26,2026-03-01,9,11,Reported
26,2026-03-01,10,9,Reported
26,2026-03-01,11,166,Reported
26,2026-03-01,12,28,Reported
26,2026-03-01,13,45,Reported
26,2026-03-01,14,45,Reported
26,2026-03-01,15,,Not captured on form
26,2026-03-01,16,,Not captured on form
26,2026-03-01,17,,Not captured on form
26,2026-03-01,18,,Not captured on form
26,2026-03-01,19,,Not captured on form
26,2026-03-01,20,,Not captured on form
26,2026-03-01,21,22,Reported
26,2026-03-01,22,17,Reported
26,2026-03-01,23,17,Reported
26,2026-03-01,24,32,Reported
26,2026-03-01,25,26,Reported
26,2026-03-01,26,26,Reported
26,2026-03-01,27,4,Reported
26,2026-04-01,1,401,Reported
26,2026-04-01,2,157,Reported
26,2026-04-01,3,70,Reported
26,2026-04-01,4,7,Reported
26,2026-04-01,5,9,Reported
26,2026-04-01,6,3,Reported
26,2026-04-01,7,11,Reported
26,2026-04-01,8,6,Reported
26,2026-04-01,9,7,Reported
26,2026-04-01,10,9,Reported
26,2026-04-01,11,214,Reported
26,2026-04-01,12,299,Reported
26,2026-04-01,13,55,Reported
26,2026-04-01,14,20,Reported
26,2026-04-01,15,,Not captured on form
26,2026-04-01,16,,Not captured on form
26,2026-04-01,17,,Not captured on form
26,2026-04-01,18,,Not captured on form
26,2026-04-01,19,,Not captured on form
26,2026-04-01,20,,Not captured on form
26,2026-04-01,21,20,Reported
26,2026-04-01,22,17,Reported
26,2026-04-01,23,17,Reported
26,2026-04-01,24,33,Reported
26,2026-04-01,25,23,Reported
26,2026-04-01,26,23,Reported
26,2026-04-01,27,4,Reported
26,2026-05-01,1,340,Reported
26,2026-05-01,2,133,Reported
26,2026-05-01,3,53,Reported
26,2026-05-01,4,6,Reported
26,2026-05-01,5,11,Reported
26,2026-05-01,6,3,Reported
26,2026-05-01,7,12,Reported
26,2026-05-01,8,7,Reported
26,2026-05-01,9,10,Reported
26,2026-05-01,10,8,Reported
26,2026-05-01,11,144,Reported
26,2026-05-01,12,22,Reported
26,2026-05-01,13,77,Reported
26,2026-05-01,14,77,Reported
26,2026-05-01,15,,Not captured on form
26,2026-05-01,16,,Not captured on form
26,2026-05-01,17,,Not captured on form
26,2026-05-01,18,,Not captured on form
26,2026-05-01,19,,Not captured on form
26,2026-05-01,20,,Not captured on form
26,2026-05-01,21,18,Reported
26,2026-05-01,22,15,Reported
26,2026-05-01,23,15,Reported
26,2026-05-01,24,28,Reported
26,2026-05-01,25,25,Reported
26,2026-05-01,26,25,Reported
26,2026-05-01,27,4,Reported
26,2026-06-01,1,348,Reported
26,2026-06-01,2,152,Reported
26,2026-06-01,3,57,Reported
26,2026-06-01,4,10,Reported
26,2026-06-01,5,11,Reported
26,2026-06-01,6,8,Reported
26,2026-06-01,7,3,Reported
26,2026-06-01,8,3,Reported
26,2026-06-01,9,2,Reported
26,2026-06-01,10,3,Reported
26,2026-06-01,11,167,Reported
26,2026-06-01,12,23,Reported
26,2026-06-01,13,65,Reported
26,2026-06-01,14,65,Reported
26,2026-06-01,15,12,Reported
26,2026-06-01,16,0,Reported zero
26,2026-06-01,17,12,Reported
26,2026-06-01,18,41,Reported
26,2026-06-01,19,11,Reported
26,2026-06-01,20,0,Reported zero
26,2026-06-01,21,25,Reported
26,2026-06-01,22,19,Reported
26,2026-06-01,23,19,Reported
26,2026-06-01,24,32,Reported
26,2026-06-01,25,28,Reported
26,2026-06-01,26,28,Reported
26,2026-06-01,27,4,Reported
26,2026-07-01,1,352,Reported
26,2026-07-01,2,123,Reported
26,2026-07-01,3,47,Reported
26,2026-07-01,4,11,Reported
26,2026-07-01,5,4,Reported
26,2026-07-01,6,3,Reported
26,2026-07-01,7,4,Reported
26,2026-07-01,8,6,Reported
26,2026-07-01,9,1,Reported
26,2026-07-01,10,5,Reported
26,2026-07-01,11,242,Reported
26,2026-07-01,12,23,Reported
26,2026-07-01,13,55,Reported
26,2026-07-01,14,55,Reported
26,2026-07-01,15,4,Reported
26,2026-07-01,16,10,Reported
26,2026-07-01,17,4,Reported
26,2026-07-01,18,21,Reported
26,2026-07-01,19,16,Reported
26,2026-07-01,20,0,Reported zero
26,2026-07-01,21,12,Reported
26,2026-07-01,22,10,Reported
26,2026-07-01,23,10,Reported
26,2026-07-01,24,35,Reported
26,2026-07-01,25,30,Reported
26,2026-07-01,26,30,Reported
26,2026-07-01,27,4,Reported
26,2026-08-01,1,271,Reported
26,2026-08-01,2,94,Reported
26,2026-08-01,3,50,Reported
26,2026-08-01,4,12,Reported
26,2026-08-01,5,8,Reported
26,2026-08-01,6,3,Reported
26,2026-08-01,7,5,Reported
26,2026-08-01,8,4,Reported
26,2026-08-01,9,3,Reported
26,2026-08-01,10,5,Reported
26,2026-08-01,11,152,Reported
26,2026-08-01,12,36,Reported
26,2026-08-01,13,22,Reported
26,2026-08-01,14,22,Reported
26,2026-08-01,15,0,Reported zero
26,2026-08-01,16,0,Reported zero
26,2026-08-01,17,3,Reported
26,2026-08-01,18,12,Reported
26,2026-08-01,19,4,Reported
26,2026-08-01,20,3,Reported
26,2026-08-01,21,9,Reported
26,2026-08-01,22,6,Reported
26,2026-08-01,23,6,Reported
26,2026-08-01,24,24,Reported
26,2026-08-01,25,20,Reported
26,2026-08-01,26,20,Reported
26,2026-08-01,27,4,Reported
26,2026-09-01,1,348,Reported
26,2026-09-01,2,110,Reported
26,2026-09-01,3,61,Reported
26,2026-09-01,4,11,Reported
26,2026-09-01,5,3,Reported
26,2026-09-01,6,2,Reported
26,2026-09-01,7,12,Reported
26,2026-09-01,8,9,Reported
26,2026-09-01,9,1,Reported
26,2026-09-01,10,6,Reported
26,2026-09-01,11,132,Reported
26,2026-09-01,12,15,Reported
26,2026-09-01,13,40,Reported
26,2026-09-01,14,40,Reported
26,2026-09-01,15,0,Reported zero
26,2026-09-01,16,30,Reported
26,2026-09-01,17,8,Reported
26,2026-09-01,18,22,Reported
26,2026-09-01,19,9,Reported
26,2026-09-01,20,1,Reported
26,2026-09-01,21,10,Reported
26,2026-09-01,22,9,Reported
26,2026-09-01,23,9,Reported
26,2026-09-01,24,31,Reported
26,2026-09-01,25,28,Reported
26,2026-09-01,26,28,Reported
26,2026-09-01,27,0,Reported zero
27,2026-01-01,1,25,Reported
27,2026-01-01,2,162,Reported
27,2026-01-01,3,16,Reported
27,2026-01-01,4,6,Reported
27,2026-01-01,5,5,Reported
27,2026-01-01,6,6,Reported
27,2026-01-01,7,6,Reported
27,2026-01-01,8,6,Reported
27,2026-01-01,9,4,Reported
27,2026-01-01,10,8,Reported
27,2026-01-01,11,75,Reported
27,2026-01-01,12,0,Field blank in report (0 per source rule)
27,2026-01-01,13,8,Reported
27,2026-01-01,14,3,Reported
27,2026-01-01,15,,Not captured on form
27,2026-01-01,16,,Not captured on form
27,2026-01-01,17,,Not captured on form
27,2026-01-01,18,,Not captured on form
27,2026-01-01,19,,Not captured on form
27,2026-01-01,20,,Not captured on form
27,2026-01-01,21,42,Reported
27,2026-01-01,22,25,Reported
27,2026-01-01,23,25,Reported
27,2026-01-01,24,96,Reported
27,2026-01-01,25,62,Reported
27,2026-01-01,26,62,Reported
27,2026-01-01,27,3,Reported
27,2026-02-01,1,319,Reported
27,2026-02-01,2,203,Reported
27,2026-02-01,3,52,Reported
27,2026-02-01,4,44,Reported
27,2026-02-01,5,5,Reported
27,2026-02-01,6,7,Reported
27,2026-02-01,7,33,Reported
27,2026-02-01,8,16,Reported
27,2026-02-01,9,7,Reported
27,2026-02-01,10,9,Reported
27,2026-02-01,11,63,Reported
27,2026-02-01,12,11,Reported
27,2026-02-01,13,18,Reported
27,2026-02-01,14,6,Reported
27,2026-02-01,15,,Not captured on form
27,2026-02-01,16,,Not captured on form
27,2026-02-01,17,,Not captured on form
27,2026-02-01,18,,Not captured on form
27,2026-02-01,19,,Not captured on form
27,2026-02-01,20,,Not captured on form
27,2026-02-01,21,45,Reported
27,2026-02-01,22,39,Reported
27,2026-02-01,23,39,Reported
27,2026-02-01,24,160,Reported
27,2026-02-01,25,145,Reported
27,2026-02-01,26,145,Reported
27,2026-02-01,27,2,Reported
27,2026-03-01,1,390,Reported
27,2026-03-01,2,245,Reported
27,2026-03-01,3,59,Reported
27,2026-03-01,4,31,Reported
27,2026-03-01,5,5,Reported
27,2026-03-01,6,6,Reported
27,2026-03-01,7,29,Reported
27,2026-03-01,8,7,Reported
27,2026-03-01,9,9,Reported
27,2026-03-01,10,11,Reported
27,2026-03-01,11,1059,Reported
27,2026-03-01,12,11,Reported
27,2026-03-01,13,30,Reported
27,2026-03-01,14,7,Reported
27,2026-03-01,15,,Not captured on form
27,2026-03-01,16,,Not captured on form
27,2026-03-01,17,,Not captured on form
27,2026-03-01,18,,Not captured on form
27,2026-03-01,19,,Not captured on form
27,2026-03-01,20,,Not captured on form
27,2026-03-01,21,32,Reported
27,2026-03-01,22,39,Reported
27,2026-03-01,23,29,Reported
27,2026-03-01,24,113,Reported
27,2026-03-01,25,106,Reported
27,2026-03-01,26,106,Reported
27,2026-03-01,27,2,Reported
27,2026-04-01,1,366,Reported
27,2026-04-01,2,211,Reported
27,2026-04-01,3,42,Reported
27,2026-04-01,4,14,Reported
27,2026-04-01,5,3,Reported
27,2026-04-01,6,2,Reported
27,2026-04-01,7,13,Reported
27,2026-04-01,8,8,Reported
27,2026-04-01,9,9,Reported
27,2026-04-01,10,13,Reported
27,2026-04-01,11,81,Reported
27,2026-04-01,12,17,Reported
27,2026-04-01,13,29,Reported
27,2026-04-01,14,4,Reported
27,2026-04-01,15,,Not captured on form
27,2026-04-01,16,,Not captured on form
27,2026-04-01,17,,Not captured on form
27,2026-04-01,18,,Not captured on form
27,2026-04-01,19,,Not captured on form
27,2026-04-01,20,,Not captured on form
27,2026-04-01,21,38,Reported
27,2026-04-01,22,33,Reported
27,2026-04-01,23,33,Reported
27,2026-04-01,24,99,Reported
27,2026-04-01,25,94,Reported
27,2026-04-01,26,94,Reported
27,2026-04-01,27,4,Reported
27,2026-05-01,1,411,Reported
27,2026-05-01,2,210,Reported
27,2026-05-01,3,50,Reported
27,2026-05-01,4,8,Reported
27,2026-05-01,5,10,Reported
27,2026-05-01,6,2,Reported
27,2026-05-01,7,12,Reported
27,2026-05-01,8,10,Reported
27,2026-05-01,9,13,Reported
27,2026-05-01,10,8,Reported
27,2026-05-01,11,91,Reported
27,2026-05-01,12,10,Reported
27,2026-05-01,13,30,Reported
27,2026-05-01,14,12,Reported
27,2026-05-01,15,,Not captured on form
27,2026-05-01,16,,Not captured on form
27,2026-05-01,17,,Not captured on form
27,2026-05-01,18,,Not captured on form
27,2026-05-01,19,,Not captured on form
27,2026-05-01,20,,Not captured on form
27,2026-05-01,21,26,Reported
27,2026-05-01,22,20,Reported
27,2026-05-01,23,20,Reported
27,2026-05-01,24,136,Reported
27,2026-05-01,25,129,Reported
27,2026-05-01,26,129,Reported
27,2026-05-01,27,3,Reported
27,2026-06-01,1,458,Reported
27,2026-06-01,2,232,Reported
27,2026-06-01,3,41,Reported
27,2026-06-01,4,14,Reported
27,2026-06-01,5,8,Reported
27,2026-06-01,6,2,Reported
27,2026-06-01,7,8,Reported
27,2026-06-01,8,10,Reported
27,2026-06-01,9,7,Reported
27,2026-06-01,10,9,Reported
27,2026-06-01,11,144,Reported
27,2026-06-01,12,25,Reported
27,2026-06-01,13,108,Reported
27,2026-06-01,14,101,Reported
27,2026-06-01,15,4,Reported
27,2026-06-01,16,0,Reported zero
27,2026-06-01,17,10,Reported
27,2026-06-01,18,34,Reported
27,2026-06-01,19,49,Reported
27,2026-06-01,20,4,Reported
27,2026-06-01,21,29,Reported
27,2026-06-01,22,23,Reported
27,2026-06-01,23,23,Reported
27,2026-06-01,24,198,Reported
27,2026-06-01,25,182,Reported
27,2026-06-01,26,182,Reported
27,2026-06-01,27,4,Reported
27,2026-07-01,1,370,Reported
27,2026-07-01,2,178,Reported
27,2026-07-01,3,42,Reported
27,2026-07-01,4,5,Reported
27,2026-07-01,5,5,Reported
27,2026-07-01,6,4,Reported
27,2026-07-01,7,15,Reported
27,2026-07-01,8,8,Reported
27,2026-07-01,9,4,Reported
27,2026-07-01,10,8,Reported
27,2026-07-01,11,107,Reported
27,2026-07-01,12,11,Reported
27,2026-07-01,13,28,Reported
27,2026-07-01,14,5,Reported
27,2026-07-01,15,7,Reported
27,2026-07-01,16,0,Reported zero
27,2026-07-01,17,6,Reported
27,2026-07-01,18,10,Reported
27,2026-07-01,19,4,Reported
27,2026-07-01,20,0,Reported zero
27,2026-07-01,21,21,Reported
27,2026-07-01,22,18,Reported
27,2026-07-01,23,18,Reported
27,2026-07-01,24,117,Reported
27,2026-07-01,25,110,Reported
27,2026-07-01,26,110,Reported
27,2026-07-01,27,2,Reported
27,2026-08-01,1,375,Reported
27,2026-08-01,2,171,Reported
27,2026-08-01,3,47,Reported
27,2026-08-01,4,10,Reported
27,2026-08-01,5,9,Reported
27,2026-08-01,6,3,Reported
27,2026-08-01,7,7,Reported
27,2026-08-01,8,7,Reported
27,2026-08-01,9,13,Reported
27,2026-08-01,10,10,Reported
27,2026-08-01,11,115,Reported
27,2026-08-01,12,13,Reported
27,2026-08-01,13,20,Reported
27,2026-08-01,14,9,Reported
27,2026-08-01,15,2,Reported
27,2026-08-01,16,0,Reported zero
27,2026-08-01,17,7,Reported
27,2026-08-01,18,8,Reported
27,2026-08-01,19,5,Reported
27,2026-08-01,20,0,Reported zero
27,2026-08-01,21,13,Reported
27,2026-08-01,22,10,Reported
27,2026-08-01,23,10,Reported
27,2026-08-01,24,2,Reported
27,2026-08-01,25,91,Reported
27,2026-08-01,26,76,Reported
27,2026-08-01,27,0,Reported zero
27,2026-09-01,1,378,Reported
27,2026-09-01,2,170,Reported
27,2026-09-01,3,37,Reported
27,2026-09-01,4,11,Reported
27,2026-09-01,5,8,Reported
27,2026-09-01,6,5,Reported
27,2026-09-01,7,6,Reported
27,2026-09-01,8,8,Reported
27,2026-09-01,9,10,Reported
27,2026-09-01,10,14,Reported
27,2026-09-01,11,197,Reported
27,2026-09-01,12,35,Reported
27,2026-09-01,13,26,Reported
27,2026-09-01,14,26,Reported
27,2026-09-01,15,6,Reported
27,2026-09-01,16,6,Reported
27,2026-09-01,17,2,Reported
27,2026-09-01,18,4,Reported
27,2026-09-01,19,4,Reported
27,2026-09-01,20,0,Reported zero
27,2026-09-01,21,28,Reported
27,2026-09-01,22,24,Reported
27,2026-09-01,23,24,Reported
27,2026-09-01,24,96,Reported
27,2026-09-01,25,87,Reported
27,2026-09-01,26,87,Reported
27,2026-09-01,27,2,Reported
28,2026-01-01,1,610,Reported
28,2026-01-01,2,309,Reported
28,2026-01-01,3,78,Reported
28,2026-01-01,4,46,Reported
28,2026-01-01,5,29,Reported
28,2026-01-01,6,4,Reported
28,2026-01-01,7,8,Reported
28,2026-01-01,8,4,Reported
28,2026-01-01,9,5,Reported
28,2026-01-01,10,56,Reported
28,2026-01-01,11,130,Reported
28,2026-01-01,12,12,Reported
28,2026-01-01,13,84,Reported
28,2026-01-01,14,18,Reported
28,2026-01-01,15,,Not captured on form
28,2026-01-01,16,,Not captured on form
28,2026-01-01,17,,Not captured on form
28,2026-01-01,18,,Not captured on form
28,2026-01-01,19,,Not captured on form
28,2026-01-01,20,,Not captured on form
28,2026-01-01,21,46,Reported
28,2026-01-01,22,11,Reported
28,2026-01-01,23,11,Reported
28,2026-01-01,24,62,Reported
28,2026-01-01,25,8,Reported
28,2026-01-01,26,8,Reported
28,2026-01-01,27,8,Reported
28,2026-02-01,1,619,Reported
28,2026-02-01,2,308,Reported
28,2026-02-01,3,76,Reported
28,2026-02-01,4,44,Reported
28,2026-02-01,5,25,Reported
28,2026-02-01,6,7,Reported
28,2026-02-01,7,16,Reported
28,2026-02-01,8,7,Reported
28,2026-02-01,9,4,Reported
28,2026-02-01,10,61,Reported
28,2026-02-01,11,68,Reported
28,2026-02-01,12,9,Reported
28,2026-02-01,13,0,Reported zero
28,2026-02-01,14,74,Reported
28,2026-02-01,15,,Not captured on form
28,2026-02-01,16,,Not captured on form
28,2026-02-01,17,,Not captured on form
28,2026-02-01,18,,Not captured on form
28,2026-02-01,19,,Not captured on form
28,2026-02-01,20,,Not captured on form
28,2026-02-01,21,46,Reported
28,2026-02-01,22,8,Reported
28,2026-02-01,23,8,Reported
28,2026-02-01,24,48,Reported
28,2026-02-01,25,14,Reported
28,2026-02-01,26,14,Reported
28,2026-02-01,27,8,Reported
28,2026-03-01,1,616,Reported
28,2026-03-01,2,305,Reported
28,2026-03-01,3,79,Reported
28,2026-03-01,4,38,Reported
28,2026-03-01,5,30,Reported
28,2026-03-01,6,11,Reported
28,2026-03-01,7,32,Reported
28,2026-03-01,8,8,Reported
28,2026-03-01,9,5,Reported
28,2026-03-01,10,59,Reported
28,2026-03-01,11,75,Reported
28,2026-03-01,12,56,Reported
28,2026-03-01,13,78,Reported
28,2026-03-01,14,69,Reported
28,2026-03-01,15,,Not captured on form
28,2026-03-01,16,,Not captured on form
28,2026-03-01,17,,Not captured on form
28,2026-03-01,18,,Not captured on form
28,2026-03-01,19,,Not captured on form
28,2026-03-01,20,,Not captured on form
28,2026-03-01,21,24,Reported
28,2026-03-01,22,4,Reported
28,2026-03-01,23,4,Reported
28,2026-03-01,24,43,Reported
28,2026-03-01,25,10,Reported
28,2026-03-01,26,10,Reported
28,2026-03-01,27,8,Reported
28,2026-04-01,1,618,Reported
28,2026-04-01,2,304,Reported
28,2026-04-01,3,81,Reported
28,2026-04-01,4,44,Reported
28,2026-04-01,5,31,Reported
28,2026-04-01,6,6,Reported
28,2026-04-01,7,9,Reported
28,2026-04-01,8,5,Reported
28,2026-04-01,9,4,Reported
28,2026-04-01,10,62,Reported
28,2026-04-01,11,72,Reported
28,2026-04-01,12,56,Reported
28,2026-04-01,13,64,Reported
28,2026-04-01,14,48,Reported
28,2026-04-01,15,,Not captured on form
28,2026-04-01,16,,Not captured on form
28,2026-04-01,17,,Not captured on form
28,2026-04-01,18,,Not captured on form
28,2026-04-01,19,,Not captured on form
28,2026-04-01,20,,Not captured on form
28,2026-04-01,21,21,Reported
28,2026-04-01,22,11,Reported
28,2026-04-01,23,11,Reported
28,2026-04-01,24,48,Reported
28,2026-04-01,25,11,Reported
28,2026-04-01,26,11,Reported
28,2026-04-01,27,7,Reported
28,2026-05-01,1,692,Reported
28,2026-05-01,2,311,Reported
28,2026-05-01,3,76,Reported
28,2026-05-01,4,54,Reported
28,2026-05-01,5,19,Reported
28,2026-05-01,6,3,Reported
28,2026-05-01,7,54,Reported
28,2026-05-01,8,9,Reported
28,2026-05-01,9,4,Reported
28,2026-05-01,10,62,Reported
28,2026-05-01,11,97,Reported
28,2026-05-01,12,57,Reported
28,2026-05-01,13,69,Reported
28,2026-05-01,14,64,Reported
28,2026-05-01,15,,Not captured on form
28,2026-05-01,16,,Not captured on form
28,2026-05-01,17,,Not captured on form
28,2026-05-01,18,,Not captured on form
28,2026-05-01,19,,Not captured on form
28,2026-05-01,20,,Not captured on form
28,2026-05-01,21,14,Reported
28,2026-05-01,22,5,Reported
28,2026-05-01,23,5,Reported
28,2026-05-01,24,42,Reported
28,2026-05-01,25,12,Reported
28,2026-05-01,26,12,Reported
28,2026-05-01,27,8,Reported
28,2026-06-01,1,637,Reported
28,2026-06-01,2,328,Reported
28,2026-06-01,3,90,Reported
28,2026-06-01,4,50,Reported
28,2026-06-01,5,34,Reported
28,2026-06-01,6,6,Reported
28,2026-06-01,7,26,Reported
28,2026-06-01,8,17,Reported
28,2026-06-01,9,11,Reported
28,2026-06-01,10,71,Reported
28,2026-06-01,11,167,Reported
28,2026-06-01,12,57,Reported
28,2026-06-01,13,84,Reported
28,2026-06-01,14,68,Reported
28,2026-06-01,15,20,Reported
28,2026-06-01,16,5,Reported
28,2026-06-01,17,0,Reported zero
28,2026-06-01,18,0,Reported zero
28,2026-06-01,19,19,Reported
28,2026-06-01,20,0,Reported zero
28,2026-06-01,21,36,Reported
28,2026-06-01,22,9,Reported
28,2026-06-01,23,9,Reported
28,2026-06-01,24,30,Reported
28,2026-06-01,25,9,Reported
28,2026-06-01,26,9,Reported
28,2026-06-01,27,8,Reported
28,2026-07-01,1,648,Reported
28,2026-07-01,2,340,Reported
28,2026-07-01,3,96,Reported
28,2026-07-01,4,54,Reported
28,2026-07-01,5,36,Reported
28,2026-07-01,6,6,Reported
28,2026-07-01,7,27,Reported
28,2026-07-01,8,13,Reported
28,2026-07-01,9,9,Reported
28,2026-07-01,10,76,Reported
28,2026-07-01,11,112,Reported
28,2026-07-01,12,23,Reported
28,2026-07-01,13,124,Reported
28,2026-07-01,14,103,Reported
28,2026-07-01,15,0,Reported zero
28,2026-07-01,16,85,Reported
28,2026-07-01,17,11,Reported
28,2026-07-01,18,10,Reported
28,2026-07-01,19,75,Reported
28,2026-07-01,20,0,Reported zero
28,2026-07-01,21,53,Reported
28,2026-07-01,22,0,Reported zero
28,2026-07-01,23,0,Reported zero
28,2026-07-01,24,66,Reported
28,2026-07-01,25,0,Reported zero
28,2026-07-01,26,0,Reported zero
28,2026-07-01,27,8,Reported
28,2026-08-01,1,659,Reported
28,2026-08-01,2,356,Reported
28,2026-08-01,3,94,Reported
28,2026-08-01,4,55,Reported
28,2026-08-01,5,30,Reported
28,2026-08-01,6,9,Reported
28,2026-08-01,7,55,Reported
28,2026-08-01,8,18,Reported
28,2026-08-01,9,9,Reported
28,2026-08-01,10,76,Reported
28,2026-08-01,11,74,Reported
28,2026-08-01,12,56,Reported
28,2026-08-01,13,154,Reported
28,2026-08-01,14,88,Reported
28,2026-08-01,15,0,Reported zero
28,2026-08-01,16,0,Reported zero
28,2026-08-01,17,0,Reported zero
28,2026-08-01,18,8,Reported
28,2026-08-01,19,80,Reported
28,2026-08-01,20,7,Reported
28,2026-08-01,21,62,Reported
28,2026-08-01,22,32,Reported
28,2026-08-01,23,32,Reported
28,2026-08-01,24,81,Reported
28,2026-08-01,25,54,Reported
28,2026-08-01,26,54,Reported
28,2026-08-01,27,5,Reported
28,2026-09-01,1,,No report submitted
28,2026-09-01,2,,No report submitted
28,2026-09-01,3,,No report submitted
28,2026-09-01,4,,No report submitted
28,2026-09-01,5,,No report submitted
28,2026-09-01,6,,No report submitted
28,2026-09-01,7,,No report submitted
28,2026-09-01,8,,No report submitted
28,2026-09-01,9,,No report submitted
28,2026-09-01,10,,No report submitted
28,2026-09-01,11,,No report submitted
28,2026-09-01,12,,No report submitted
28,2026-09-01,13,,No report submitted
28,2026-09-01,14,,No report submitted
28,2026-09-01,15,,No report submitted
28,2026-09-01,16,,No report submitted
28,2026-09-01,17,,No report submitted
28,2026-09-01,18,,No report submitted
28,2026-09-01,19,,No report submitted
28,2026-09-01,20,,No report submitted
28,2026-09-01,21,,No report submitted
28,2026-09-01,22,,No report submitted
28,2026-09-01,23,,No report submitted
28,2026-09-01,24,,No report submitted
28,2026-09-01,25,,No report submitted
28,2026-09-01,26,,No report submitted
28,2026-09-01,27,,No report submitted
29,2026-01-01,1,223,Reported
29,2026-01-01,2,129,Reported
29,2026-01-01,3,40,Reported
29,2026-01-01,4,9,Reported
29,2026-01-01,5,7,Reported
29,2026-01-01,6,0,Reported zero
29,2026-01-01,7,10,Reported
29,2026-01-01,8,10,Reported
29,2026-01-01,9,1,Reported
29,2026-01-01,10,7,Reported
29,2026-01-01,11,115,Reported
29,2026-01-01,12,15,Reported
29,2026-01-01,13,8,Reported
29,2026-01-01,14,8,Reported
29,2026-01-01,15,,Not captured on form
29,2026-01-01,16,,Not captured on form
29,2026-01-01,17,,Not captured on form
29,2026-01-01,18,,Not captured on form
29,2026-01-01,19,,Not captured on form
29,2026-01-01,20,,Not captured on form
29,2026-01-01,21,7,Reported
29,2026-01-01,22,5,Reported
29,2026-01-01,23,5,Reported
29,2026-01-01,24,40,Reported
29,2026-01-01,25,21,Reported
29,2026-01-01,26,21,Reported
29,2026-01-01,27,35,Reported
29,2026-02-01,1,277,Reported
29,2026-02-01,2,70,Reported
29,2026-02-01,3,56,Reported
29,2026-02-01,4,23,Reported
29,2026-02-01,5,4,Reported
29,2026-02-01,6,0,Reported zero
29,2026-02-01,7,23,Reported
29,2026-02-01,8,5,Reported
29,2026-02-01,9,0,Reported zero
29,2026-02-01,10,8,Reported
29,2026-02-01,11,122,Reported
29,2026-02-01,12,14,Reported
29,2026-02-01,13,7,Reported
29,2026-02-01,14,7,Reported
29,2026-02-01,15,,Not captured on form
29,2026-02-01,16,,Not captured on form
29,2026-02-01,17,,Not captured on form
29,2026-02-01,18,,Not captured on form
29,2026-02-01,19,,Not captured on form
29,2026-02-01,20,,Not captured on form
29,2026-02-01,21,6,Reported
29,2026-02-01,22,5,Reported
29,2026-02-01,23,5,Reported
29,2026-02-01,24,25,Reported
29,2026-02-01,25,16,Reported
29,2026-02-01,26,16,Reported
29,2026-02-01,27,2,Reported
29,2026-03-01,1,236,Reported
29,2026-03-01,2,50,Reported
29,2026-03-01,3,35,Reported
29,2026-03-01,4,7,Reported
29,2026-03-01,5,4,Reported
29,2026-03-01,6,0,Reported zero
29,2026-03-01,7,7,Reported
29,2026-03-01,8,3,Reported
29,2026-03-01,9,5,Reported
29,2026-03-01,10,7,Reported
29,2026-03-01,11,139,Reported
29,2026-03-01,12,20,Reported
29,2026-03-01,13,9,Reported
29,2026-03-01,14,9,Reported
29,2026-03-01,15,,Not captured on form
29,2026-03-01,16,,Not captured on form
29,2026-03-01,17,,Not captured on form
29,2026-03-01,18,,Not captured on form
29,2026-03-01,19,,Not captured on form
29,2026-03-01,20,,Not captured on form
29,2026-03-01,21,4,Reported
29,2026-03-01,22,0,Reported zero
29,2026-03-01,23,0,Reported zero
29,2026-03-01,24,14,Reported
29,2026-03-01,25,9,Reported
29,2026-03-01,26,9,Reported
29,2026-03-01,27,2,Reported
29,2026-04-01,1,253,Reported
29,2026-04-01,2,78,Reported
29,2026-04-01,3,24,Reported
29,2026-04-01,4,4,Reported
29,2026-04-01,5,7,Reported
29,2026-04-01,6,0,Reported zero
29,2026-04-01,7,1,Reported
29,2026-04-01,8,5,Reported
29,2026-04-01,9,2,Reported
29,2026-04-01,10,6,Reported
29,2026-04-01,11,128,Reported
29,2026-04-01,12,19,Reported
29,2026-04-01,13,15,Reported
29,2026-04-01,14,15,Reported
29,2026-04-01,15,,Not captured on form
29,2026-04-01,16,,Not captured on form
29,2026-04-01,17,,Not captured on form
29,2026-04-01,18,,Not captured on form
29,2026-04-01,19,,Not captured on form
29,2026-04-01,20,,Not captured on form
29,2026-04-01,21,4,Reported
29,2026-04-01,22,3,Reported
29,2026-04-01,23,3,Reported
29,2026-04-01,24,40,Reported
29,2026-04-01,25,22,Reported
29,2026-04-01,26,22,Reported
29,2026-04-01,27,2,Reported
29,2026-05-01,1,328,Reported
29,2026-05-01,2,101,Reported
29,2026-05-01,3,56,Reported
29,2026-05-01,4,32,Reported
29,2026-05-01,5,4,Reported
29,2026-05-01,6,1,Reported
29,2026-05-01,7,28,Reported
29,2026-05-01,8,4,Reported
29,2026-05-01,9,0,Reported zero
29,2026-05-01,10,8,Reported
29,2026-05-01,11,133,Reported
29,2026-05-01,12,22,Reported
29,2026-05-01,13,11,Reported
29,2026-05-01,14,11,Reported
29,2026-05-01,15,,Not captured on form
29,2026-05-01,16,,Not captured on form
29,2026-05-01,17,,Not captured on form
29,2026-05-01,18,,Not captured on form
29,2026-05-01,19,,Not captured on form
29,2026-05-01,20,,Not captured on form
29,2026-05-01,21,11,Reported
29,2026-05-01,22,6,Reported
29,2026-05-01,23,6,Reported
29,2026-05-01,24,6,Reported
29,2026-05-01,25,31,Reported
29,2026-05-01,26,5,Reported
29,2026-05-01,27,2,Reported
29,2026-06-01,1,293,Reported
29,2026-06-01,2,102,Reported
29,2026-06-01,3,54,Reported
29,2026-06-01,4,23,Reported
29,2026-06-01,5,4,Reported
29,2026-06-01,6,0,Reported zero
29,2026-06-01,7,11,Reported
29,2026-06-01,8,3,Reported
29,2026-06-01,9,2,Reported
29,2026-06-01,10,7,Reported
29,2026-06-01,11,142,Reported
29,2026-06-01,12,30,Reported
29,2026-06-01,13,16,Reported
29,2026-06-01,14,16,Reported
29,2026-06-01,15,0,Reported zero
29,2026-06-01,16,0,Reported zero
29,2026-06-01,17,0,Reported zero
29,2026-06-01,18,4,Reported
29,2026-06-01,19,1,Reported
29,2026-06-01,20,11,Reported
29,2026-06-01,21,5,Reported
29,2026-06-01,22,4,Reported
29,2026-06-01,23,4,Reported
29,2026-06-01,24,38,Reported
29,2026-06-01,25,26,Reported
29,2026-06-01,26,26,Reported
29,2026-06-01,27,2,Reported
29,2026-07-01,1,322,Reported
29,2026-07-01,2,96,Reported
29,2026-07-01,3,42,Reported
29,2026-07-01,4,3,Reported
29,2026-07-01,5,4,Reported
29,2026-07-01,6,0,Reported zero
29,2026-07-01,7,3,Reported
29,2026-07-01,8,17,Reported
29,2026-07-01,9,13,Reported
29,2026-07-01,10,8,Reported
29,2026-07-01,11,111,Reported
29,2026-07-01,12,0,Reported zero
29,2026-07-01,13,12,Reported
29,2026-07-01,14,12,Reported
29,2026-07-01,15,12,Reported
29,2026-07-01,16,0,Reported zero
29,2026-07-01,17,0,Reported zero
29,2026-07-01,18,1,Reported
29,2026-07-01,19,12,Reported
29,2026-07-01,20,0,Reported zero
29,2026-07-01,21,4,Reported
29,2026-07-01,22,4,Reported
29,2026-07-01,23,4,Reported
29,2026-07-01,24,45,Reported
29,2026-07-01,25,34,Reported
29,2026-07-01,26,34,Reported
29,2026-07-01,27,3,Reported
29,2026-08-01,1,241,Reported
29,2026-08-01,2,100,Reported
29,2026-08-01,3,38,Reported
29,2026-08-01,4,4,Reported
29,2026-08-01,5,12,Reported
29,2026-08-01,6,0,Reported zero
29,2026-08-01,7,1,Reported
29,2026-08-01,8,3,Reported
29,2026-08-01,9,15,Reported
29,2026-08-01,10,9,Reported
29,2026-08-01,11,115,Reported
29,2026-08-01,12,17,Reported
29,2026-08-01,13,19,Reported
29,2026-08-01,14,19,Reported
29,2026-08-01,15,19,Reported
29,2026-08-01,16,0,Reported zero
29,2026-08-01,17,0,Reported zero
29,2026-08-01,18,2,Reported
29,2026-08-01,19,5,Reported
29,2026-08-01,20,1,Reported
29,2026-08-01,21,8,Reported
29,2026-08-01,22,8,Reported
29,2026-08-01,23,8,Reported
29,2026-08-01,24,44,Reported
29,2026-08-01,25,27,Reported
29,2026-08-01,26,27,Reported
29,2026-08-01,27,3,Reported
29,2026-09-01,1,,No report submitted
29,2026-09-01,2,,No report submitted
29,2026-09-01,3,,No report submitted
29,2026-09-01,4,,No report submitted
29,2026-09-01,5,,No report submitted
29,2026-09-01,6,,No report submitted
29,2026-09-01,7,,No report submitted
29,2026-09-01,8,,No report submitted
29,2026-09-01,9,,No report submitted
29,2026-09-01,10,,No report submitted
29,2026-09-01,11,,No report submitted
29,2026-09-01,12,,No report submitted
29,2026-09-01,13,,No report submitted
29,2026-09-01,14,,No report submitted
29,2026-09-01,15,,No report submitted
29,2026-09-01,16,,No report submitted
29,2026-09-01,17,,No report submitted
29,2026-09-01,18,,No report submitted
29,2026-09-01,19,,No report submitted
29,2026-09-01,20,,No report submitted
29,2026-09-01,21,,No report submitted
29,2026-09-01,22,,No report submitted
29,2026-09-01,23,,No report submitted
29,2026-09-01,24,,No report submitted
29,2026-09-01,25,,No report submitted
29,2026-09-01,26,,No report submitted
29,2026-09-01,27,,No report submitted
30,2026-01-01,1,651,Reported
30,2026-01-01,2,207,Reported
30,2026-01-01,3,88,Reported
30,2026-01-01,4,36,Reported
30,2026-01-01,5,5,Reported
30,2026-01-01,6,1,Reported
30,2026-01-01,7,34,Reported
30,2026-01-01,8,33,Reported
30,2026-01-01,9,9,Reported
30,2026-01-01,10,30,Reported
30,2026-01-01,11,134,Reported
30,2026-01-01,12,16,Reported
30,2026-01-01,13,119,Reported
30,2026-01-01,14,106,Reported
30,2026-01-01,15,,Not captured on form
30,2026-01-01,16,,Not captured on form
30,2026-01-01,17,,Not captured on form
30,2026-01-01,18,,Not captured on form
30,2026-01-01,19,,Not captured on form
30,2026-01-01,20,,Not captured on form
30,2026-01-01,21,8,Reported
30,2026-01-01,22,3,Reported
30,2026-01-01,23,3,Reported
30,2026-01-01,24,140,Reported
30,2026-01-01,25,94,Reported
30,2026-01-01,26,94,Reported
30,2026-01-01,27,4,Reported
30,2026-02-01,1,576,Reported
30,2026-02-01,2,167,Reported
30,2026-02-01,3,77,Reported
30,2026-02-01,4,16,Reported
30,2026-02-01,5,36,Reported
30,2026-02-01,6,1,Reported
30,2026-02-01,7,16,Reported
30,2026-02-01,8,7,Reported
30,2026-02-01,9,7,Reported
30,2026-02-01,10,30,Reported
30,2026-02-01,11,134,Reported
30,2026-02-01,12,24,Reported
30,2026-02-01,13,169,Reported
30,2026-02-01,14,169,Reported
30,2026-02-01,15,,Not captured on form
30,2026-02-01,16,,Not captured on form
30,2026-02-01,17,,Not captured on form
30,2026-02-01,18,,Not captured on form
30,2026-02-01,19,,Not captured on form
30,2026-02-01,20,,Not captured on form
30,2026-02-01,21,68,Reported
30,2026-02-01,22,27,Reported
30,2026-02-01,23,27,Reported
30,2026-02-01,24,78,Reported
30,2026-02-01,25,54,Reported
30,2026-02-01,26,54,Reported
30,2026-02-01,27,3,Reported
30,2026-03-01,1,446,Reported
30,2026-03-01,2,158,Reported
30,2026-03-01,3,49,Reported
30,2026-03-01,4,48,Reported
30,2026-03-01,5,0,Reported zero
30,2026-03-01,6,0,Reported zero
30,2026-03-01,7,23,Reported
30,2026-03-01,8,15,Reported
30,2026-03-01,9,5,Reported
30,2026-03-01,10,34,Reported
30,2026-03-01,11,149,Reported
30,2026-03-01,12,23,Reported
30,2026-03-01,13,103,Reported
30,2026-03-01,14,74,Reported
30,2026-03-01,15,,Not captured on form
30,2026-03-01,16,,Not captured on form
30,2026-03-01,17,,Not captured on form
30,2026-03-01,18,,Not captured on form
30,2026-03-01,19,,Not captured on form
30,2026-03-01,20,,Not captured on form
30,2026-03-01,21,64,Reported
30,2026-03-01,22,42,Reported
30,2026-03-01,23,42,Reported
30,2026-03-01,24,44,Reported
30,2026-03-01,25,26,Reported
30,2026-03-01,26,44,Reported
30,2026-03-01,27,4,Reported
30,2026-04-01,1,572,Reported
30,2026-04-01,2,98,Reported
30,2026-04-01,3,96,Reported
30,2026-04-01,4,50,Reported
30,2026-04-01,5,5,Reported
30,2026-04-01,6,0,Reported zero
30,2026-04-01,7,48,Reported
30,2026-04-01,8,22,Reported
30,2026-04-01,9,8,Reported
30,2026-04-01,10,30,Reported
30,2026-04-01,11,203,Reported
30,2026-04-01,12,37,Reported
30,2026-04-01,13,104,Reported
30,2026-04-01,14,94,Reported
30,2026-04-01,15,,Not captured on form
30,2026-04-01,16,,Not captured on form
30,2026-04-01,17,,Not captured on form
30,2026-04-01,18,,Not captured on form
30,2026-04-01,19,,Not captured on form
30,2026-04-01,20,,Not captured on form
30,2026-04-01,21,18,Reported
30,2026-04-01,22,8,Reported
30,2026-04-01,23,8,Reported
30,2026-04-01,24,41,Reported
30,2026-04-01,25,28,Reported
30,2026-04-01,26,28,Reported
30,2026-04-01,27,4,Reported
30,2026-05-01,1,449,Reported
30,2026-05-01,2,137,Reported
30,2026-05-01,3,58,Reported
30,2026-05-01,4,25,Reported
30,2026-05-01,5,12,Reported
30,2026-05-01,6,0,Reported zero
30,2026-05-01,7,25,Reported
30,2026-05-01,8,14,Reported
30,2026-05-01,9,7,Reported
30,2026-05-01,10,30,Reported
30,2026-05-01,11,111,Reported
30,2026-05-01,12,15,Reported
30,2026-05-01,13,72,Reported
30,2026-05-01,14,66,Reported
30,2026-05-01,15,,Not captured on form
30,2026-05-01,16,,Not captured on form
30,2026-05-01,17,,Not captured on form
30,2026-05-01,18,,Not captured on form
30,2026-05-01,19,,Not captured on form
30,2026-05-01,20,,Not captured on form
30,2026-05-01,21,20,Reported
30,2026-05-01,22,12,Reported
30,2026-05-01,23,12,Reported
30,2026-05-01,24,58,Reported
30,2026-05-01,25,39,Reported
30,2026-05-01,26,39,Reported
30,2026-05-01,27,1,Reported
30,2026-06-01,1,625,Reported
30,2026-06-01,2,125,Reported
30,2026-06-01,3,154,Reported
30,2026-06-01,4,102,Reported
30,2026-06-01,5,25,Reported
30,2026-06-01,6,5,Reported
30,2026-06-01,7,98,Reported
30,2026-06-01,8,19,Reported
30,2026-06-01,9,8,Reported
30,2026-06-01,10,32,Reported
30,2026-06-01,11,157,Reported
30,2026-06-01,12,26,Reported
30,2026-06-01,13,120,Reported
30,2026-06-01,14,98,Reported
30,2026-06-01,15,0,Reported zero
30,2026-06-01,16,0,Reported zero
30,2026-06-01,17,5,Reported
30,2026-06-01,18,64,Reported
30,2026-06-01,19,41,Reported
30,2026-06-01,20,3,Reported
30,2026-06-01,21,11,Reported
30,2026-06-01,22,5,Reported
30,2026-06-01,23,5,Reported
30,2026-06-01,24,58,Reported
30,2026-06-01,25,37,Reported
30,2026-06-01,26,37,Reported
30,2026-06-01,27,4,Reported
30,2026-07-01,1,832,Reported
30,2026-07-01,2,206,Reported
30,2026-07-01,3,85,Reported
30,2026-07-01,4,85,Reported
30,2026-07-01,5,44,Reported
30,2026-07-01,6,5,Reported
30,2026-07-01,7,0,Reported zero
30,2026-07-01,8,39,Reported
30,2026-07-01,9,8,Reported
30,2026-07-01,10,30,Reported
30,2026-07-01,11,220,Reported
30,2026-07-01,12,26,Reported
30,2026-07-01,13,174,Reported
30,2026-07-01,14,162,Reported
30,2026-07-01,15,306,Reported
30,2026-07-01,16,132,Reported
30,2026-07-01,17,18,Reported
30,2026-07-01,18,64,Reported
30,2026-07-01,19,26,Reported
30,2026-07-01,20,8,Reported
30,2026-07-01,21,123,Reported
30,2026-07-01,22,6,Reported
30,2026-07-01,23,6,Reported
30,2026-07-01,24,94,Reported
30,2026-07-01,25,78,Reported
30,2026-07-01,26,78,Reported
30,2026-07-01,27,4,Reported
30,2026-08-01,1,909,Reported
30,2026-08-01,2,246,Reported
30,2026-08-01,3,93,Reported
30,2026-08-01,4,59,Reported
30,2026-08-01,5,4,Reported
30,2026-08-01,6,3,Reported
30,2026-08-01,7,59,Reported
30,2026-08-01,8,18,Reported
30,2026-08-01,9,8,Reported
30,2026-08-01,10,27,Reported
30,2026-08-01,11,223,Reported
30,2026-08-01,12,23,Reported
30,2026-08-01,13,150,Reported
30,2026-08-01,14,136,Reported
30,2026-08-01,15,114,Reported
30,2026-08-01,16,11,Reported
30,2026-08-01,17,5,Reported
30,2026-08-01,18,74,Reported
30,2026-08-01,19,136,Reported
30,2026-08-01,20,7,Reported
30,2026-08-01,21,38,Reported
30,2026-08-01,22,26,Reported
30,2026-08-01,23,26,Reported
30,2026-08-01,24,128,Reported
30,2026-08-01,25,92,Reported
30,2026-08-01,26,92,Reported
30,2026-08-01,27,4,Reported
30,2026-09-01,1,,No report submitted
30,2026-09-01,2,,No report submitted
30,2026-09-01,3,,No report submitted
30,2026-09-01,4,,No report submitted
30,2026-09-01,5,,No report submitted
30,2026-09-01,6,,No report submitted
30,2026-09-01,7,,No report submitted
30,2026-09-01,8,,No report submitted
30,2026-09-01,9,,No report submitted
30,2026-09-01,10,,No report submitted
30,2026-09-01,11,,No report submitted
30,2026-09-01,12,,No report submitted
30,2026-09-01,13,,No report submitted
30,2026-09-01,14,,No report submitted
30,2026-09-01,15,,No report submitted
30,2026-09-01,16,,No report submitted
30,2026-09-01,17,,No report submitted
30,2026-09-01,18,,No report submitted
30,2026-09-01,19,,No report submitted
30,2026-09-01,20,,No report submitted
30,2026-09-01,21,,No report submitted
30,2026-09-01,22,,No report submitted
30,2026-09-01,23,,No report submitted
30,2026-09-01,24,,No report submitted
30,2026-09-01,25,,No report submitted
30,2026-09-01,26,,No report submitted
30,2026-09-01,27,,No report submitted
31,2026-01-01,1,478,Reported
31,2026-01-01,2,180,Reported
31,2026-01-01,3,80,Reported
31,2026-01-01,4,21,Reported
31,2026-01-01,5,11,Reported
31,2026-01-01,6,0,Reported zero
31,2026-01-01,7,21,Reported
31,2026-01-01,8,21,Reported
31,2026-01-01,9,28,Reported
31,2026-01-01,10,32,Reported
31,2026-01-01,11,190,Reported
31,2026-01-01,12,41,Reported
31,2026-01-01,13,78,Reported
31,2026-01-01,14,78,Reported
31,2026-01-01,15,,Not captured on form
31,2026-01-01,16,,Not captured on form
31,2026-01-01,17,,Not captured on form
31,2026-01-01,18,,Not captured on form
31,2026-01-01,19,,Not captured on form
31,2026-01-01,20,,Not captured on form
31,2026-01-01,21,50,Reported
31,2026-01-01,22,50,Reported
31,2026-01-01,23,50,Reported
31,2026-01-01,24,92,Reported
31,2026-01-01,25,70,Reported
31,2026-01-01,26,70,Reported
31,2026-01-01,27,4,Reported
31,2026-02-01,1,439,Reported
31,2026-02-01,2,153,Reported
31,2026-02-01,3,68,Reported
31,2026-02-01,4,19,Reported
31,2026-02-01,5,12,Reported
31,2026-02-01,6,0,Reported zero
31,2026-02-01,7,19,Reported
31,2026-02-01,8,23,Reported
31,2026-02-01,9,19,Reported
31,2026-02-01,10,32,Reported
31,2026-02-01,11,213,Reported
31,2026-02-01,12,37,Reported
31,2026-02-01,13,54,Reported
31,2026-02-01,14,34,Reported
31,2026-02-01,15,,Not captured on form
31,2026-02-01,16,,Not captured on form
31,2026-02-01,17,,Not captured on form
31,2026-02-01,18,,Not captured on form
31,2026-02-01,19,,Not captured on form
31,2026-02-01,20,,Not captured on form
31,2026-02-01,21,80,Reported
31,2026-02-01,22,60,Reported
31,2026-02-01,23,60,Reported
31,2026-02-01,24,30,Reported
31,2026-02-01,25,25,Reported
31,2026-02-01,26,25,Reported
31,2026-02-01,27,4,Reported
31,2026-03-01,1,488,Reported
31,2026-03-01,2,170,Reported
31,2026-03-01,3,75,Reported
31,2026-03-01,4,28,Reported
31,2026-03-01,5,6,Reported
31,2026-03-01,6,0,Reported zero
31,2026-03-01,7,28,Reported
31,2026-03-01,8,14,Reported
31,2026-03-01,9,27,Reported
31,2026-03-01,10,33,Reported
31,2026-03-01,11,194,Reported
31,2026-03-01,12,37,Reported
31,2026-03-01,13,44,Reported
31,2026-03-01,14,44,Reported
31,2026-03-01,15,,Not captured on form
31,2026-03-01,16,,Not captured on form
31,2026-03-01,17,,Not captured on form
31,2026-03-01,18,,Not captured on form
31,2026-03-01,19,,Not captured on form
31,2026-03-01,20,,Not captured on form
31,2026-03-01,21,50,Reported
31,2026-03-01,22,41,Reported
31,2026-03-01,23,41,Reported
31,2026-03-01,24,88,Reported
31,2026-03-01,25,71,Reported
31,2026-03-01,26,71,Reported
31,2026-03-01,27,4,Reported
31,2026-04-01,1,428,Reported
31,2026-04-01,2,192,Reported
31,2026-04-01,3,84,Reported
31,2026-04-01,4,28,Reported
31,2026-04-01,5,15,Reported
31,2026-04-01,6,4,Reported
31,2026-04-01,7,21,Reported
31,2026-04-01,8,16,Reported
31,2026-04-01,9,11,Reported
31,2026-04-01,10,24,Reported
31,2026-04-01,11,189,Reported
31,2026-04-01,12,19,Reported
31,2026-04-01,13,48,Reported
31,2026-04-01,14,40,Reported
31,2026-04-01,15,,Not captured on form
31,2026-04-01,16,,Not captured on form
31,2026-04-01,17,,Not captured on form
31,2026-04-01,18,,Not captured on form
31,2026-04-01,19,,Not captured on form
31,2026-04-01,20,,Not captured on form
31,2026-04-01,21,31,Reported
31,2026-04-01,22,24,Reported
31,2026-04-01,23,24,Reported
31,2026-04-01,24,67,Reported
31,2026-04-01,25,59,Reported
31,2026-04-01,26,59,Reported
31,2026-04-01,27,4,Reported
31,2026-05-01,1,367,Reported
31,2026-05-01,2,149,Reported
31,2026-05-01,3,84,Reported
31,2026-05-01,4,32,Reported
31,2026-05-01,5,11,Reported
31,2026-05-01,6,0,Reported zero
31,2026-05-01,7,29,Reported
31,2026-05-01,8,18,Reported
31,2026-05-01,9,14,Reported
31,2026-05-01,10,28,Reported
31,2026-05-01,11,125,Reported
31,2026-05-01,12,19,Reported
31,2026-05-01,13,34,Reported
31,2026-05-01,14,34,Reported
31,2026-05-01,15,,Not captured on form
31,2026-05-01,16,,Not captured on form
31,2026-05-01,17,,Not captured on form
31,2026-05-01,18,,Not captured on form
31,2026-05-01,19,,Not captured on form
31,2026-05-01,20,,Not captured on form
31,2026-05-01,21,42,Reported
31,2026-05-01,22,31,Reported
31,2026-05-01,23,31,Reported
31,2026-05-01,24,68,Reported
31,2026-05-01,25,51,Reported
31,2026-05-01,26,51,Reported
31,2026-05-01,27,4,Reported
31,2026-06-01,1,469,Reported
31,2026-06-01,2,287,Reported
31,2026-06-01,3,98,Reported
31,2026-06-01,4,45,Reported
31,2026-06-01,5,18,Reported
31,2026-06-01,6,6,Reported
31,2026-06-01,7,40,Reported
31,2026-06-01,8,35,Reported
31,2026-06-01,9,23,Reported
31,2026-06-01,10,29,Reported
31,2026-06-01,11,160,Reported
31,2026-06-01,12,22,Reported
31,2026-06-01,13,46,Reported
31,2026-06-01,14,43,Reported
31,2026-06-01,15,17,Reported
31,2026-06-01,16,22,Reported
31,2026-06-01,17,3,Reported
31,2026-06-01,18,15,Reported
31,2026-06-01,19,3,Reported
31,2026-06-01,20,0,Reported zero
31,2026-06-01,21,47,Reported
31,2026-06-01,22,42,Reported
31,2026-06-01,23,42,Reported
31,2026-06-01,24,83,Reported
31,2026-06-01,25,78,Reported
31,2026-06-01,26,78,Reported
31,2026-06-01,27,4,Reported
31,2026-07-01,1,423,Reported
31,2026-07-01,2,177,Reported
31,2026-07-01,3,80,Reported
31,2026-07-01,4,25,Reported
31,2026-07-01,5,9,Reported
31,2026-07-01,6,0,Reported zero
31,2026-07-01,7,25,Reported
31,2026-07-01,8,25,Reported
31,2026-07-01,9,9,Reported
31,2026-07-01,10,15,Reported
31,2026-07-01,11,206,Reported
31,2026-07-01,12,37,Reported
31,2026-07-01,13,32,Reported
31,2026-07-01,14,32,Reported
31,2026-07-01,15,2,Reported
31,2026-07-01,16,4,Reported
31,2026-07-01,17,2,Reported
31,2026-07-01,18,12,Reported
31,2026-07-01,19,2,Reported
31,2026-07-01,20,0,Reported zero
31,2026-07-01,21,58,Reported
31,2026-07-01,22,49,Reported
31,2026-07-01,23,49,Reported
31,2026-07-01,24,67,Reported
31,2026-07-01,25,62,Reported
31,2026-07-01,26,62,Reported
31,2026-07-01,27,4,Reported
31,2026-08-01,1,421,Reported
31,2026-08-01,2,174,Reported
31,2026-08-01,3,82,Reported
31,2026-08-01,4,31,Reported
31,2026-08-01,5,10,Reported
31,2026-08-01,6,0,Reported zero
31,2026-08-01,7,31,Reported
31,2026-08-01,8,21,Reported
31,2026-08-01,9,15,Reported
31,2026-08-01,10,32,Reported
31,2026-08-01,11,214,Reported
31,2026-08-01,12,41,Reported
31,2026-08-01,13,55,Reported
31,2026-08-01,14,38,Reported
31,2026-08-01,15,6,Reported
31,2026-08-01,16,6,Reported
31,2026-08-01,17,0,Reported zero
31,2026-08-01,18,36,Reported
31,2026-08-01,19,2,Reported
31,2026-08-01,20,0,Reported zero
31,2026-08-01,21,20,Reported
31,2026-08-01,22,14,Reported
31,2026-08-01,23,14,Reported
31,2026-08-01,24,73,Reported
31,2026-08-01,25,59,Reported
31,2026-08-01,26,59,Reported
31,2026-08-01,27,4,Reported
31,2026-09-01,1,635,Reported
31,2026-09-01,2,183,Reported
31,2026-09-01,3,123,Reported
31,2026-09-01,4,35,Reported
31,2026-09-01,5,19,Reported
31,2026-09-01,6,0,Reported zero
31,2026-09-01,7,35,Reported
31,2026-09-01,8,43,Reported
31,2026-09-01,9,19,Reported
31,2026-09-01,10,35,Reported
31,2026-09-01,11,226,Reported
31,2026-09-01,12,43,Reported
31,2026-09-01,13,67,Reported
31,2026-09-01,14,42,Reported
31,2026-09-01,15,11,Reported
31,2026-09-01,16,0,Reported zero
31,2026-09-01,17,13,Reported
31,2026-09-01,18,37,Reported
31,2026-09-01,19,6,Reported
31,2026-09-01,20,0,Reported zero
31,2026-09-01,21,22,Reported
31,2026-09-01,22,20,Reported
31,2026-09-01,23,20,Reported
31,2026-09-01,24,70,Reported
31,2026-09-01,25,60,Reported
31,2026-09-01,26,60,Reported
31,2026-09-01,27,4,Reported
32,2026-01-01,1,1757,Reported
32,2026-01-01,2,92,Reported
32,2026-01-01,3,33,Reported
32,2026-01-01,4,9,Reported
32,2026-01-01,5,8,Reported
32,2026-01-01,6,5,Reported
32,2026-01-01,7,9,Reported
32,2026-01-01,8,3,Reported
32,2026-01-01,9,9,Reported
32,2026-01-01,10,6,Reported
32,2026-01-01,11,418,Reported
32,2026-01-01,12,91,Reported
32,2026-01-01,13,46,Reported
32,2026-01-01,14,46,Reported
32,2026-01-01,15,,Not captured on form
32,2026-01-01,16,,Not captured on form
32,2026-01-01,17,,Not captured on form
32,2026-01-01,18,,Not captured on form
32,2026-01-01,19,,Not captured on form
32,2026-01-01,20,,Not captured on form
32,2026-01-01,21,55,Reported
32,2026-01-01,22,51,Reported
32,2026-01-01,23,51,Reported
32,2026-01-01,24,34,Reported
32,2026-01-01,25,34,Reported
32,2026-01-01,26,34,Reported
32,2026-01-01,27,1,Reported
32,2026-02-01,1,1784,Reported
32,2026-02-01,2,120,Reported
32,2026-02-01,3,40,Reported
32,2026-02-01,4,12,Reported
32,2026-02-01,5,9,Reported
32,2026-02-01,6,5,Reported
32,2026-02-01,7,12,Reported
32,2026-02-01,8,8,Reported
32,2026-02-01,9,5,Reported
32,2026-02-01,10,4,Reported
32,2026-02-01,11,254,Reported
32,2026-02-01,12,18,Reported
32,2026-02-01,13,57,Reported
32,2026-02-01,14,25,Reported
32,2026-02-01,15,,Not captured on form
32,2026-02-01,16,,Not captured on form
32,2026-02-01,17,,Not captured on form
32,2026-02-01,18,,Not captured on form
32,2026-02-01,19,,Not captured on form
32,2026-02-01,20,,Not captured on form
32,2026-02-01,21,47,Reported
32,2026-02-01,22,34,Reported
32,2026-02-01,23,34,Reported
32,2026-02-01,24,72,Reported
32,2026-02-01,25,71,Reported
32,2026-02-01,26,71,Reported
32,2026-02-01,27,2,Reported
32,2026-03-01,1,2048,Reported
32,2026-03-01,2,120,Reported
32,2026-03-01,3,37,Reported
32,2026-03-01,4,15,Reported
32,2026-03-01,5,7,Reported
32,2026-03-01,6,3,Reported
32,2026-03-01,7,10,Reported
32,2026-03-01,8,3,Reported
32,2026-03-01,9,6,Reported
32,2026-03-01,10,2,Reported
32,2026-03-01,11,387,Reported
32,2026-03-01,12,65,Reported
32,2026-03-01,13,38,Reported
32,2026-03-01,14,11,Reported
32,2026-03-01,15,,Not captured on form
32,2026-03-01,16,,Not captured on form
32,2026-03-01,17,,Not captured on form
32,2026-03-01,18,,Not captured on form
32,2026-03-01,19,,Not captured on form
32,2026-03-01,20,,Not captured on form
32,2026-03-01,21,44,Reported
32,2026-03-01,22,30,Reported
32,2026-03-01,23,30,Reported
32,2026-03-01,24,73,Reported
32,2026-03-01,25,72,Reported
32,2026-03-01,26,72,Reported
32,2026-03-01,27,2,Reported
32,2026-04-01,1,1883,Reported
32,2026-04-01,2,104,Reported
32,2026-04-01,3,56,Reported
32,2026-04-01,4,24,Reported
32,2026-04-01,5,7,Reported
32,2026-04-01,6,3,Reported
32,2026-04-01,7,18,Reported
32,2026-04-01,8,15,Reported
32,2026-04-01,9,2,Reported
32,2026-04-01,10,1,Reported
32,2026-04-01,11,407,Reported
32,2026-04-01,12,78,Reported
32,2026-04-01,13,36,Reported
32,2026-04-01,14,8,Reported
32,2026-04-01,15,,Not captured on form
32,2026-04-01,16,,Not captured on form
32,2026-04-01,17,,Not captured on form
32,2026-04-01,18,,Not captured on form
32,2026-04-01,19,,Not captured on form
32,2026-04-01,20,,Not captured on form
32,2026-04-01,21,41,Reported
32,2026-04-01,22,35,Reported
32,2026-04-01,23,35,Reported
32,2026-04-01,24,59,Reported
32,2026-04-01,25,59,Reported
32,2026-04-01,26,59,Reported
32,2026-04-01,27,2,Reported
32,2026-05-01,1,1992,Reported
32,2026-05-01,2,78,Reported
32,2026-05-01,3,57,Reported
32,2026-05-01,4,17,Reported
32,2026-05-01,5,13,Reported
32,2026-05-01,6,5,Reported
32,2026-05-01,7,17,Reported
32,2026-05-01,8,14,Reported
32,2026-05-01,9,6,Reported
32,2026-05-01,10,2,Reported
32,2026-05-01,11,398,Reported
32,2026-05-01,12,74,Reported
32,2026-05-01,13,55,Reported
32,2026-05-01,14,15,Reported
32,2026-05-01,15,,Not captured on form
32,2026-05-01,16,,Not captured on form
32,2026-05-01,17,,Not captured on form
32,2026-05-01,18,,Not captured on form
32,2026-05-01,19,,Not captured on form
32,2026-05-01,20,,Not captured on form
32,2026-05-01,21,35,Reported
32,2026-05-01,22,28,Reported
32,2026-05-01,23,28,Reported
32,2026-05-01,24,37,Reported
32,2026-05-01,25,37,Reported
32,2026-05-01,26,37,Reported
32,2026-05-01,27,2,Reported
32,2026-06-01,1,1852,Reported
32,2026-06-01,2,93,Reported
32,2026-06-01,3,55,Reported
32,2026-06-01,4,17,Reported
32,2026-06-01,5,11,Reported
32,2026-06-01,6,9,Reported
32,2026-06-01,7,17,Reported
32,2026-06-01,8,7,Reported
32,2026-06-01,9,12,Reported
32,2026-06-01,10,6,Reported
32,2026-06-01,11,1318,Reported
32,2026-06-01,12,91,Reported
32,2026-06-01,13,53,Reported
32,2026-06-01,14,53,Reported
32,2026-06-01,15,0,Reported zero
32,2026-06-01,16,0,Reported zero
32,2026-06-01,17,3,Reported
32,2026-06-01,18,40,Reported
32,2026-06-01,19,15,Reported
32,2026-06-01,20,0,Reported zero
32,2026-06-01,21,38,Reported
32,2026-06-01,22,34,Reported
32,2026-06-01,23,34,Reported
32,2026-06-01,24,48,Reported
32,2026-06-01,25,48,Reported
32,2026-06-01,26,48,Reported
32,2026-06-01,27,5,Reported
32,2026-07-01,1,2090,Reported
32,2026-07-01,2,130,Reported
32,2026-07-01,3,54,Reported
32,2026-07-01,4,10,Reported
32,2026-07-01,5,12,Reported
32,2026-07-01,6,9,Reported
32,2026-07-01,7,10,Reported
32,2026-07-01,8,8,Reported
32,2026-07-01,9,12,Reported
32,2026-07-01,10,6,Reported
32,2026-07-01,11,455,Reported
32,2026-07-01,12,90,Reported
32,2026-07-01,13,69,Reported
32,2026-07-01,14,25,Reported
32,2026-07-01,15,97,Reported
32,2026-07-01,16,5,Reported
32,2026-07-01,17,11,Reported
32,2026-07-01,18,40,Reported
32,2026-07-01,19,13,Reported
32,2026-07-01,20,5,Reported
32,2026-07-01,21,60,Reported
32,2026-07-01,22,54,Reported
32,2026-07-01,23,54,Reported
32,2026-07-01,24,64,Reported
32,2026-07-01,25,64,Reported
32,2026-07-01,26,64,Reported
32,2026-07-01,27,2,Reported
32,2026-08-01,1,2301,Reported
32,2026-08-01,2,68,Reported
32,2026-08-01,3,44,Reported
32,2026-08-01,4,12,Reported
32,2026-08-01,5,12,Reported
32,2026-08-01,6,8,Reported
32,2026-08-01,7,12,Reported
32,2026-08-01,8,9,Reported
32,2026-08-01,9,3,Reported
32,2026-08-01,10,4,Reported
32,2026-08-01,11,481,Reported
32,2026-08-01,12,93,Reported
32,2026-08-01,13,207,Reported
32,2026-08-01,14,177,Reported
32,2026-08-01,15,0,Reported zero
32,2026-08-01,16,0,Reported zero
32,2026-08-01,17,14,Reported
32,2026-08-01,18,274,Reported
32,2026-08-01,19,48,Reported
32,2026-08-01,20,52,Reported
32,2026-08-01,21,21,Reported
32,2026-08-01,22,18,Reported
32,2026-08-01,23,18,Reported
32,2026-08-01,24,44,Reported
32,2026-08-01,25,43,Reported
32,2026-08-01,26,43,Reported
32,2026-08-01,27,5,Reported
32,2026-09-01,1,1778,Reported
32,2026-09-01,2,150,Reported
32,2026-09-01,3,56,Reported
32,2026-09-01,4,13,Reported
32,2026-09-01,5,9,Reported
32,2026-09-01,6,13,Reported
32,2026-09-01,7,13,Reported
32,2026-09-01,8,6,Reported
32,2026-09-01,9,6,Reported
32,2026-09-01,10,6,Reported
32,2026-09-01,11,399,Reported
32,2026-09-01,12,71,Reported
32,2026-09-01,13,29,Reported
32,2026-09-01,14,29,Reported
32,2026-09-01,15,0,Reported zero
32,2026-09-01,16,0,Reported zero
32,2026-09-01,17,5,Reported
32,2026-09-01,18,16,Reported
32,2026-09-01,19,4,Reported
32,2026-09-01,20,0,Reported zero
32,2026-09-01,21,35,Reported
32,2026-09-01,22,31,Reported
32,2026-09-01,23,31,Reported
32,2026-09-01,24,97,Reported
32,2026-09-01,25,95,Reported
32,2026-09-01,26,95,Reported
32,2026-09-01,27,2,Reported
33,2026-01-01,1,261,Reported
33,2026-01-01,2,62,Reported
33,2026-01-01,3,62,Reported
33,2026-01-01,4,14,Reported
33,2026-01-01,5,18,Reported
33,2026-01-01,6,14,Reported
33,2026-01-01,7,10,Reported
33,2026-01-01,8,4,Reported
33,2026-01-01,9,0,Reported zero
33,2026-01-01,10,6,Reported
33,2026-01-01,11,81,Reported
33,2026-01-01,12,9,Reported
33,2026-01-01,13,16,Reported
33,2026-01-01,14,16,Reported
33,2026-01-01,15,,Not captured on form
33,2026-01-01,16,,Not captured on form
33,2026-01-01,17,,Not captured on form
33,2026-01-01,18,,Not captured on form
33,2026-01-01,19,,Not captured on form
33,2026-01-01,20,,Not captured on form
33,2026-01-01,21,19,Reported
33,2026-01-01,22,19,Reported
33,2026-01-01,23,19,Reported
33,2026-01-01,24,31,Reported
33,2026-01-01,25,31,Reported
33,2026-01-01,26,31,Reported
33,2026-01-01,27,2,Reported
33,2026-02-01,1,272,Reported
33,2026-02-01,2,69,Reported
33,2026-02-01,3,72,Reported
33,2026-02-01,4,10,Reported
33,2026-02-01,5,8,Reported
33,2026-02-01,6,2,Reported
33,2026-02-01,7,11,Reported
33,2026-02-01,8,8,Reported
33,2026-02-01,9,5,Reported
33,2026-02-01,10,2,Reported
33,2026-02-01,11,66,Reported
33,2026-02-01,12,10,Reported
33,2026-02-01,13,20,Reported
33,2026-02-01,14,20,Reported
33,2026-02-01,15,,Not captured on form
33,2026-02-01,16,,Not captured on form
33,2026-02-01,17,,Not captured on form
33,2026-02-01,18,,Not captured on form
33,2026-02-01,19,,Not captured on form
33,2026-02-01,20,,Not captured on form
33,2026-02-01,21,17,Reported
33,2026-02-01,22,17,Reported
33,2026-02-01,23,17,Reported
33,2026-02-01,24,21,Reported
33,2026-02-01,25,17,Reported
33,2026-02-01,26,17,Reported
33,2026-02-01,27,0,Reported zero
33,2026-03-01,1,289,Reported
33,2026-03-01,2,77,Reported
33,2026-03-01,3,83,Reported
33,2026-03-01,4,9,Reported
33,2026-03-01,5,13,Reported
33,2026-03-01,6,3,Reported
33,2026-03-01,7,11,Reported
33,2026-03-01,8,14,Reported
33,2026-03-01,9,7,Reported
33,2026-03-01,10,8,Reported
33,2026-03-01,11,95,Reported
33,2026-03-01,12,1,Reported
33,2026-03-01,13,25,Reported
33,2026-03-01,14,25,Reported
33,2026-03-01,15,,Not captured on form
33,2026-03-01,16,,Not captured on form
33,2026-03-01,17,,Not captured on form
33,2026-03-01,18,,Not captured on form
33,2026-03-01,19,,Not captured on form
33,2026-03-01,20,,Not captured on form
33,2026-03-01,21,8,Reported
33,2026-03-01,22,8,Reported
33,2026-03-01,23,8,Reported
33,2026-03-01,24,27,Reported
33,2026-03-01,25,18,Reported
33,2026-03-01,26,18,Reported
33,2026-03-01,27,0,Reported zero
33,2026-04-01,1,342,Reported
33,2026-04-01,2,72,Reported
33,2026-04-01,3,73,Reported
33,2026-04-01,4,11,Reported
33,2026-04-01,5,10,Reported
33,2026-04-01,6,5,Reported
33,2026-04-01,7,11,Reported
33,2026-04-01,8,11,Reported
33,2026-04-01,9,8,Reported
33,2026-04-01,10,6,Reported
33,2026-04-01,11,122,Reported
33,2026-04-01,12,12,Reported
33,2026-04-01,13,26,Reported
33,2026-04-01,14,26,Reported
33,2026-04-01,15,,Not captured on form
33,2026-04-01,16,,Not captured on form
33,2026-04-01,17,,Not captured on form
33,2026-04-01,18,,Not captured on form
33,2026-04-01,19,,Not captured on form
33,2026-04-01,20,,Not captured on form
33,2026-04-01,21,15,Reported
33,2026-04-01,22,13,Reported
33,2026-04-01,23,13,Reported
33,2026-04-01,24,52,Reported
33,2026-04-01,25,8,Reported
33,2026-04-01,26,8,Reported
33,2026-04-01,27,0,Reported zero
33,2026-05-01,1,278,Reported
33,2026-05-01,2,98,Reported
33,2026-05-01,3,69,Reported
33,2026-05-01,4,10,Reported
33,2026-05-01,5,5,Reported
33,2026-05-01,6,3,Reported
33,2026-05-01,7,5,Reported
33,2026-05-01,8,12,Reported
33,2026-05-01,9,7,Reported
33,2026-05-01,10,14,Reported
33,2026-05-01,11,115,Reported
33,2026-05-01,12,12,Reported
33,2026-05-01,13,69,Reported
33,2026-05-01,14,23,Reported
33,2026-05-01,15,,Not captured on form
33,2026-05-01,16,,Not captured on form
33,2026-05-01,17,,Not captured on form
33,2026-05-01,18,,Not captured on form
33,2026-05-01,19,,Not captured on form
33,2026-05-01,20,,Not captured on form
33,2026-05-01,21,4,Reported
33,2026-05-01,22,4,Reported
33,2026-05-01,23,4,Reported
33,2026-05-01,24,10,Reported
33,2026-05-01,25,10,Reported
33,2026-05-01,26,10,Reported
33,2026-05-01,27,4,Reported
33,2026-06-01,1,,No report submitted
33,2026-06-01,2,,No report submitted
33,2026-06-01,3,,No report submitted
33,2026-06-01,4,,No report submitted
33,2026-06-01,5,,No report submitted
33,2026-06-01,6,,No report submitted
33,2026-06-01,7,,No report submitted
33,2026-06-01,8,,No report submitted
33,2026-06-01,9,,No report submitted
33,2026-06-01,10,,No report submitted
33,2026-06-01,11,,No report submitted
33,2026-06-01,12,,No report submitted
33,2026-06-01,13,,No report submitted
33,2026-06-01,14,,No report submitted
33,2026-06-01,15,,No report submitted
33,2026-06-01,16,,No report submitted
33,2026-06-01,17,,No report submitted
33,2026-06-01,18,,No report submitted
33,2026-06-01,19,,No report submitted
33,2026-06-01,20,,No report submitted
33,2026-06-01,21,,No report submitted
33,2026-06-01,22,,No report submitted
33,2026-06-01,23,,No report submitted
33,2026-06-01,24,,No report submitted
33,2026-06-01,25,,No report submitted
33,2026-06-01,26,,No report submitted
33,2026-06-01,27,,No report submitted
33,2026-07-01,1,366,Reported
33,2026-07-01,2,166,Reported
33,2026-07-01,3,47,Reported
33,2026-07-01,4,10,Reported
33,2026-07-01,5,5,Reported
33,2026-07-01,6,3,Reported
33,2026-07-01,7,2,Reported
33,2026-07-01,8,3,Reported
33,2026-07-01,9,5,Reported
33,2026-07-01,10,6,Reported
33,2026-07-01,11,134,Reported
33,2026-07-01,12,11,Reported
33,2026-07-01,13,47,Reported
33,2026-07-01,14,21,Reported
33,2026-07-01,15,33,Reported
33,2026-07-01,16,6,Reported
33,2026-07-01,17,2,Reported
33,2026-07-01,18,4,Reported
33,2026-07-01,19,17,Reported
33,2026-07-01,20,0,Reported zero
33,2026-07-01,21,12,Reported
33,2026-07-01,22,12,Reported
33,2026-07-01,23,12,Reported
33,2026-07-01,24,25,Reported
33,2026-07-01,25,25,Reported
33,2026-07-01,26,25,Reported
33,2026-07-01,27,2,Reported
33,2026-08-01,1,311,Reported
33,2026-08-01,2,90,Reported
33,2026-08-01,3,33,Reported
33,2026-08-01,4,2,Reported
33,2026-08-01,5,8,Reported
33,2026-08-01,6,2,Reported
33,2026-08-01,7,8,Reported
33,2026-08-01,8,3,Reported
33,2026-08-01,9,2,Reported
33,2026-08-01,10,6,Reported
33,2026-08-01,11,116,Reported
33,2026-08-01,12,5,Reported
33,2026-08-01,13,21,Reported
33,2026-08-01,14,21,Reported
33,2026-08-01,15,32,Reported
33,2026-08-01,16,24,Reported
33,2026-08-01,17,4,Reported
33,2026-08-01,18,6,Reported
33,2026-08-01,19,12,Reported
33,2026-08-01,20,0,Reported zero
33,2026-08-01,21,10,Reported
33,2026-08-01,22,4,Reported
33,2026-08-01,23,10,Reported
33,2026-08-01,24,6,Reported
33,2026-08-01,25,5,Reported
33,2026-08-01,26,6,Reported
33,2026-08-01,27,2,Reported
33,2026-09-01,1,,No report submitted
33,2026-09-01,2,,No report submitted
33,2026-09-01,3,,No report submitted
33,2026-09-01,4,,No report submitted
33,2026-09-01,5,,No report submitted
33,2026-09-01,6,,No report submitted
33,2026-09-01,7,,No report submitted
33,2026-09-01,8,,No report submitted
33,2026-09-01,9,,No report submitted
33,2026-09-01,10,,No report submitted
33,2026-09-01,11,,No report submitted
33,2026-09-01,12,,No report submitted
33,2026-09-01,13,,No report submitted
33,2026-09-01,14,,No report submitted
33,2026-09-01,15,,No report submitted
33,2026-09-01,16,,No report submitted
33,2026-09-01,17,,No report submitted
33,2026-09-01,18,,No report submitted
33,2026-09-01,19,,No report submitted
33,2026-09-01,20,,No report submitted
33,2026-09-01,21,,No report submitted
33,2026-09-01,22,,No report submitted
33,2026-09-01,23,,No report submitted
33,2026-09-01,24,,No report submitted
33,2026-09-01,25,,No report submitted
33,2026-09-01,26,,No report submitted
33,2026-09-01,27,,No report submitted
34,2026-01-01,1,1097,Reported
34,2026-01-01,2,336,Reported
34,2026-01-01,3,104,Reported
34,2026-01-01,4,19,Reported
34,2026-01-01,5,15,Reported
34,2026-01-01,6,0,Reported zero
34,2026-01-01,7,23,Reported
34,2026-01-01,8,17,Reported
34,2026-01-01,9,13,Reported
34,2026-01-01,10,31,Reported
34,2026-01-01,11,446,Reported
34,2026-01-01,12,75,Reported
34,2026-01-01,13,26,Reported
34,2026-01-01,14,26,Reported
34,2026-01-01,15,,Not captured on form
34,2026-01-01,16,,Not captured on form
34,2026-01-01,17,,Not captured on form
34,2026-01-01,18,,Not captured on form
34,2026-01-01,19,,Not captured on form
34,2026-01-01,20,,Not captured on form
34,2026-01-01,21,52,Reported
34,2026-01-01,22,37,Reported
34,2026-01-01,23,37,Reported
34,2026-01-01,24,148,Reported
34,2026-01-01,25,132,Reported
34,2026-01-01,26,132,Reported
34,2026-01-01,27,4,Reported
34,2026-02-01,1,1118,Reported
34,2026-02-01,2,359,Reported
34,2026-02-01,3,93,Reported
34,2026-02-01,4,43,Reported
34,2026-02-01,5,8,Reported
34,2026-02-01,6,4,Reported
34,2026-02-01,7,18,Reported
34,2026-02-01,8,13,Reported
34,2026-02-01,9,12,Reported
34,2026-02-01,10,23,Reported
34,2026-02-01,11,514,Reported
34,2026-02-01,12,68,Reported
34,2026-02-01,13,49,Reported
34,2026-02-01,14,21,Reported
34,2026-02-01,15,,Not captured on form
34,2026-02-01,16,,Not captured on form
34,2026-02-01,17,,Not captured on form
34,2026-02-01,18,,Not captured on form
34,2026-02-01,19,,Not captured on form
34,2026-02-01,20,,Not captured on form
34,2026-02-01,21,49,Reported
34,2026-02-01,22,41,Reported
34,2026-02-01,23,41,Reported
34,2026-02-01,24,168,Reported
34,2026-02-01,25,147,Reported
34,2026-02-01,26,147,Reported
34,2026-02-01,27,8,Reported
34,2026-03-01,1,1325,Reported
34,2026-03-01,2,326,Reported
34,2026-03-01,3,107,Reported
34,2026-03-01,4,42,Reported
34,2026-03-01,5,3,Reported
34,2026-03-01,6,0,Reported zero
34,2026-03-01,7,33,Reported
34,2026-03-01,8,29,Reported
34,2026-03-01,9,23,Reported
34,2026-03-01,10,24,Reported
34,2026-03-01,11,417,Reported
34,2026-03-01,12,67,Reported
34,2026-03-01,13,21,Reported
34,2026-03-01,14,19,Reported
34,2026-03-01,15,,Not captured on form
34,2026-03-01,16,,Not captured on form
34,2026-03-01,17,,Not captured on form
34,2026-03-01,18,,Not captured on form
34,2026-03-01,19,,Not captured on form
34,2026-03-01,20,,Not captured on form
34,2026-03-01,21,78,Reported
34,2026-03-01,22,69,Reported
34,2026-03-01,23,69,Reported
34,2026-03-01,24,152,Reported
34,2026-03-01,25,140,Reported
34,2026-03-01,26,140,Reported
34,2026-03-01,27,8,Reported
34,2026-04-01,1,883,Reported
34,2026-04-01,2,304,Reported
34,2026-04-01,3,102,Reported
34,2026-04-01,4,39,Reported
34,2026-04-01,5,12,Reported
34,2026-04-01,6,5,Reported
34,2026-04-01,7,19,Reported
34,2026-04-01,8,17,Reported
34,2026-04-01,9,13,Reported
34,2026-04-01,10,31,Reported
34,2026-04-01,11,395,Reported
34,2026-04-01,12,63,Reported
34,2026-04-01,13,50,Reported
34,2026-04-01,14,34,Reported
34,2026-04-01,15,,Not captured on form
34,2026-04-01,16,,Not captured on form
34,2026-04-01,17,,Not captured on form
34,2026-04-01,18,,Not captured on form
34,2026-04-01,19,,Not captured on form
34,2026-04-01,20,,Not captured on form
34,2026-04-01,21,59,Reported
34,2026-04-01,22,43,Reported
34,2026-04-01,23,43,Reported
34,2026-04-01,24,127,Reported
34,2026-04-01,25,113,Reported
34,2026-04-01,26,113,Reported
34,2026-04-01,27,8,Reported
34,2026-05-01,1,1485,Reported
34,2026-05-01,2,327,Reported
34,2026-05-01,3,168,Reported
34,2026-05-01,4,86,Reported
34,2026-05-01,5,8,Reported
34,2026-05-01,6,0,Reported zero
34,2026-05-01,7,36,Reported
34,2026-05-01,8,28,Reported
34,2026-05-01,9,19,Reported
34,2026-05-01,10,33,Reported
34,2026-05-01,11,433,Reported
34,2026-05-01,12,82,Reported
34,2026-05-01,13,50,Reported
34,2026-05-01,14,43,Reported
34,2026-05-01,15,,Not captured on form
34,2026-05-01,16,,Not captured on form
34,2026-05-01,17,,Not captured on form
34,2026-05-01,18,,Not captured on form
34,2026-05-01,19,,Not captured on form
34,2026-05-01,20,,Not captured on form
34,2026-05-01,21,252,Reported
34,2026-05-01,22,69,Reported
34,2026-05-01,23,69,Reported
34,2026-05-01,24,148,Reported
34,2026-05-01,25,135,Reported
34,2026-05-01,26,135,Reported
34,2026-05-01,27,4,Reported
34,2026-06-01,1,1718,Reported
34,2026-06-01,2,372,Reported
34,2026-06-01,3,172,Reported
34,2026-06-01,4,37,Reported
34,2026-06-01,5,24,Reported
34,2026-06-01,6,0,Reported zero
34,2026-06-01,7,38,Reported
34,2026-06-01,8,29,Reported
34,2026-06-01,9,18,Reported
34,2026-06-01,10,35,Reported
34,2026-06-01,11,594,Reported
34,2026-06-01,12,96,Reported
34,2026-06-01,13,55,Reported
34,2026-06-01,14,50,Reported
34,2026-06-01,15,10,Reported
34,2026-06-01,16,0,Reported zero
34,2026-06-01,17,0,Reported zero
34,2026-06-01,18,40,Reported
34,2026-06-01,19,5,Reported
34,2026-06-01,20,0,Reported zero
34,2026-06-01,21,264,Reported
34,2026-06-01,22,232,Reported
34,2026-06-01,23,232,Reported
34,2026-06-01,24,124,Reported
34,2026-06-01,25,95,Reported
34,2026-06-01,26,95,Reported
34,2026-06-01,27,4,Reported
34,2026-07-01,1,1652,Reported
34,2026-07-01,2,379,Reported
34,2026-07-01,3,183,Reported
34,2026-07-01,4,41,Reported
34,2026-07-01,5,108,Reported
34,2026-07-01,6,19,Reported
34,2026-07-01,7,41,Reported
34,2026-07-01,8,27,Reported
34,2026-07-01,9,21,Reported
34,2026-07-01,10,32,Reported
34,2026-07-01,11,521,Reported
34,2026-07-01,12,78,Reported
34,2026-07-01,13,38,Reported
34,2026-07-01,14,34,Reported
34,2026-07-01,15,13,Reported
34,2026-07-01,16,0,Reported zero
34,2026-07-01,17,0,Reported zero
34,2026-07-01,18,47,Reported
34,2026-07-01,19,6,Reported
34,2026-07-01,20,0,Reported zero
34,2026-07-01,21,78,Reported
34,2026-07-01,22,69,Reported
34,2026-07-01,23,69,Reported
34,2026-07-01,24,152,Reported
34,2026-07-01,25,133,Reported
34,2026-07-01,26,133,Reported
34,2026-07-01,27,4,Reported
34,2026-08-01,1,1826,Reported
34,2026-08-01,2,389,Reported
34,2026-08-01,3,389,Reported
34,2026-08-01,4,52,Reported
34,2026-08-01,5,27,Reported
34,2026-08-01,6,0,Reported zero
34,2026-08-01,7,47,Reported
34,2026-08-01,8,26,Reported
34,2026-08-01,9,19,Reported
34,2026-08-01,10,37,Reported
34,2026-08-01,11,464,Reported
34,2026-08-01,12,77,Reported
34,2026-08-01,13,69,Reported
34,2026-08-01,14,57,Reported
34,2026-08-01,15,16,Reported
34,2026-08-01,16,0,Reported zero
34,2026-08-01,17,0,Reported zero
34,2026-08-01,18,57,Reported
34,2026-08-01,19,6,Reported
34,2026-08-01,20,0,Reported zero
34,2026-08-01,21,81,Reported
34,2026-08-01,22,72,Reported
34,2026-08-01,23,72,Reported
34,2026-08-01,24,148,Reported
34,2026-08-01,25,136,Reported
34,2026-08-01,26,136,Reported
34,2026-08-01,27,4,Reported
34,2026-09-01,1,1613,Reported
34,2026-09-01,2,393,Reported
34,2026-09-01,3,178,Reported
34,2026-09-01,4,46,Reported
34,2026-09-01,5,53,Reported
34,2026-09-01,6,0,Reported zero
34,2026-09-01,7,49,Reported
34,2026-09-01,8,28,Reported
34,2026-09-01,9,19,Reported
34,2026-09-01,10,34,Reported
34,2026-09-01,11,486,Reported
34,2026-09-01,12,65,Reported
34,2026-09-01,13,71,Reported
34,2026-09-01,14,64,Reported
34,2026-09-01,15,7,Reported
34,2026-09-01,16,0,Reported zero
34,2026-09-01,17,0,Reported zero
34,2026-09-01,18,56,Reported
34,2026-09-01,19,7,Reported
34,2026-09-01,20,0,Reported zero
34,2026-09-01,21,79,Reported
34,2026-09-01,22,67,Reported
34,2026-09-01,23,67,Reported
34,2026-09-01,24,145,Reported
34,2026-09-01,25,132,Reported
34,2026-09-01,26,132,Reported
34,2026-09-01,27,4,Reported
35,2026-01-01,1,393,Reported
35,2026-01-01,2,192,Reported
35,2026-01-01,3,48,Reported
35,2026-01-01,4,11,Reported
35,2026-01-01,5,1,Reported
35,2026-01-01,6,0,Reported zero
35,2026-01-01,7,7,Reported
35,2026-01-01,8,16,Reported
35,2026-01-01,9,6,Reported
35,2026-01-01,10,22,Reported
35,2026-01-01,11,176,Reported
35,2026-01-01,12,160,Reported
35,2026-01-01,13,54,Reported
35,2026-01-01,14,54,Reported
35,2026-01-01,15,,Not captured on form
35,2026-01-01,16,,Not captured on form
35,2026-01-01,17,,Not captured on form
35,2026-01-01,18,,Not captured on form
35,2026-01-01,19,,Not captured on form
35,2026-01-01,20,,Not captured on form
35,2026-01-01,21,16,Reported
35,2026-01-01,22,12,Reported
35,2026-01-01,23,12,Reported
35,2026-01-01,24,63,Reported
35,2026-01-01,25,35,Reported
35,2026-01-01,26,35,Reported
35,2026-01-01,27,2,Reported
35,2026-02-01,1,379,Reported
35,2026-02-01,2,149,Reported
35,2026-02-01,3,56,Reported
35,2026-02-01,4,16,Reported
35,2026-02-01,5,2,Reported
35,2026-02-01,6,0,Reported zero
35,2026-02-01,7,11,Reported
35,2026-02-01,8,8,Reported
35,2026-02-01,9,15,Reported
35,2026-02-01,10,29,Reported
35,2026-02-01,11,191,Reported
35,2026-02-01,12,147,Reported
35,2026-02-01,13,40,Reported
35,2026-02-01,14,40,Reported
35,2026-02-01,15,,Not captured on form
35,2026-02-01,16,,Not captured on form
35,2026-02-01,17,,Not captured on form
35,2026-02-01,18,,Not captured on form
35,2026-02-01,19,,Not captured on form
35,2026-02-01,20,,Not captured on form
35,2026-02-01,21,12,Reported
35,2026-02-01,22,8,Reported
35,2026-02-01,23,8,Reported
35,2026-02-01,24,90,Reported
35,2026-02-01,25,37,Reported
35,2026-02-01,26,37,Reported
35,2026-02-01,27,2,Reported
35,2026-03-01,1,361,Reported
35,2026-03-01,2,174,Reported
35,2026-03-01,3,62,Reported
35,2026-03-01,4,17,Reported
35,2026-03-01,5,15,Reported
35,2026-03-01,6,0,Reported zero
35,2026-03-01,7,6,Reported
35,2026-03-01,8,10,Reported
35,2026-03-01,9,17,Reported
35,2026-03-01,10,26,Reported
35,2026-03-01,11,346,Reported
35,2026-03-01,12,34,Reported
35,2026-03-01,13,48,Reported
35,2026-03-01,14,48,Reported
35,2026-03-01,15,,Not captured on form
35,2026-03-01,16,,Not captured on form
35,2026-03-01,17,,Not captured on form
35,2026-03-01,18,,Not captured on form
35,2026-03-01,19,,Not captured on form
35,2026-03-01,20,,Not captured on form
35,2026-03-01,21,7,Reported
35,2026-03-01,22,4,Reported
35,2026-03-01,23,4,Reported
35,2026-03-01,24,120,Reported
35,2026-03-01,25,120,Reported
35,2026-03-01,26,77,Reported
35,2026-03-01,27,5,Reported
35,2026-04-01,1,287,Reported
35,2026-04-01,2,129,Reported
35,2026-04-01,3,56,Reported
35,2026-04-01,4,12,Reported
35,2026-04-01,5,7,Reported
35,2026-04-01,6,8,Reported
35,2026-04-01,7,9,Reported
35,2026-04-01,8,14,Reported
35,2026-04-01,9,17,Reported
35,2026-04-01,10,27,Reported
35,2026-04-01,11,182,Reported
35,2026-04-01,12,30,Reported
35,2026-04-01,13,46,Reported
35,2026-04-01,14,19,Reported
35,2026-04-01,15,,Not captured on form
35,2026-04-01,16,,Not captured on form
35,2026-04-01,17,,Not captured on form
35,2026-04-01,18,,Not captured on form
35,2026-04-01,19,,Not captured on form
35,2026-04-01,20,,Not captured on form
35,2026-04-01,21,3,Reported
35,2026-04-01,22,2,Reported
35,2026-04-01,23,2,Reported
35,2026-04-01,24,88,Reported
35,2026-04-01,25,45,Reported
35,2026-04-01,26,48,Reported
35,2026-04-01,27,3,Reported
35,2026-05-01,1,289,Reported
35,2026-05-01,2,109,Reported
35,2026-05-01,3,63,Reported
35,2026-05-01,4,12,Reported
35,2026-05-01,5,4,Reported
35,2026-05-01,6,0,Reported zero
35,2026-05-01,7,12,Reported
35,2026-05-01,8,11,Reported
35,2026-05-01,9,22,Reported
35,2026-05-01,10,30,Reported
35,2026-05-01,11,223,Reported
35,2026-05-01,12,163,Reported
35,2026-05-01,13,40,Reported
35,2026-05-01,14,19,Reported
35,2026-05-01,15,,Not captured on form
35,2026-05-01,16,,Not captured on form
35,2026-05-01,17,,Not captured on form
35,2026-05-01,18,,Not captured on form
35,2026-05-01,19,,Not captured on form
35,2026-05-01,20,,Not captured on form
35,2026-05-01,21,22,Reported
35,2026-05-01,22,9,Reported
35,2026-05-01,23,9,Reported
35,2026-05-01,24,82,Reported
35,2026-05-01,25,50,Reported
35,2026-05-01,26,50,Reported
35,2026-05-01,27,2,Reported
35,2026-06-01,1,441,Reported
35,2026-06-01,2,124,Reported
35,2026-06-01,3,101,Reported
35,2026-06-01,4,50,Reported
35,2026-06-01,5,13,Reported
35,2026-06-01,6,8,Reported
35,2026-06-01,7,38,Reported
35,2026-06-01,8,24,Reported
35,2026-06-01,9,23,Reported
35,2026-06-01,10,31,Reported
35,2026-06-01,11,221,Reported
35,2026-06-01,12,42,Reported
35,2026-06-01,13,44,Reported
35,2026-06-01,14,44,Reported
35,2026-06-01,15,5,Reported
35,2026-06-01,16,11,Reported
35,2026-06-01,17,9,Reported
35,2026-06-01,18,13,Reported
35,2026-06-01,19,7,Reported
35,2026-06-01,20,1,Reported
35,2026-06-01,21,17,Reported
35,2026-06-01,22,5,Reported
35,2026-06-01,23,5,Reported
35,2026-06-01,24,80,Reported
35,2026-06-01,25,52,Reported
35,2026-06-01,26,52,Reported
35,2026-06-01,27,2,Reported
35,2026-07-01,1,384,Reported
35,2026-07-01,2,111,Reported
35,2026-07-01,3,72,Reported
35,2026-07-01,4,13,Reported
35,2026-07-01,5,9,Reported
35,2026-07-01,6,6,Reported
35,2026-07-01,7,13,Reported
35,2026-07-01,8,21,Reported
35,2026-07-01,9,18,Reported
35,2026-07-01,10,20,Reported
35,2026-07-01,11,177,Reported
35,2026-07-01,12,147,Reported
35,2026-07-01,13,38,Reported
35,2026-07-01,14,38,Reported
35,2026-07-01,15,7,Reported
35,2026-07-01,16,0,Reported zero
35,2026-07-01,17,6,Reported
35,2026-07-01,18,13,Reported
35,2026-07-01,19,7,Reported
35,2026-07-01,20,0,Reported zero
35,2026-07-01,21,5,Reported
35,2026-07-01,22,3,Reported
35,2026-07-01,23,3,Reported
35,2026-07-01,24,76,Reported
35,2026-07-01,25,58,Reported
35,2026-07-01,26,58,Reported
35,2026-07-01,27,3,Reported
35,2026-08-01,1,361,Reported
35,2026-08-01,2,156,Reported
35,2026-08-01,3,73,Reported
35,2026-08-01,4,9,Reported
35,2026-08-01,5,16,Reported
35,2026-08-01,6,3,Reported
35,2026-08-01,7,3,Reported
35,2026-08-01,8,25,Reported
35,2026-08-01,9,25,Reported
35,2026-08-01,10,25,Reported
35,2026-08-01,11,304,Reported
35,2026-08-01,12,55,Reported
35,2026-08-01,13,38,Reported
35,2026-08-01,14,38,Reported
35,2026-08-01,15,9,Reported
35,2026-08-01,16,0,Reported zero
35,2026-08-01,17,7,Reported
35,2026-08-01,18,13,Reported
35,2026-08-01,19,2,Reported
35,2026-08-01,20,1,Reported
35,2026-08-01,21,3,Reported
35,2026-08-01,22,1,Reported
35,2026-08-01,23,1,Reported
35,2026-08-01,24,30,Reported
35,2026-08-01,25,20,Reported
35,2026-08-01,26,20,Reported
35,2026-08-01,27,2,Reported
35,2026-09-01,1,346,Reported
35,2026-09-01,2,140,Reported
35,2026-09-01,3,67,Reported
35,2026-09-01,4,11,Reported
35,2026-09-01,5,9,Reported
35,2026-09-01,6,0,Reported zero
35,2026-09-01,7,9,Reported
35,2026-09-01,8,15,Reported
35,2026-09-01,9,31,Reported
35,2026-09-01,10,20,Reported
35,2026-09-01,11,169,Reported
35,2026-09-01,12,169,Reported
35,2026-09-01,13,32,Reported
35,2026-09-01,14,32,Reported
35,2026-09-01,15,6,Reported
35,2026-09-01,16,2,Reported
35,2026-09-01,17,5,Reported
35,2026-09-01,18,8,Reported
35,2026-09-01,19,3,Reported
35,2026-09-01,20,0,Reported zero
35,2026-09-01,21,5,Reported
35,2026-09-01,22,1,Reported
35,2026-09-01,23,1,Reported
35,2026-09-01,24,99,Reported
35,2026-09-01,25,53,Reported
35,2026-09-01,26,99,Reported
35,2026-09-01,27,2,Reported
36,2026-01-01,1,260,Reported
36,2026-01-01,2,54,Reported
36,2026-01-01,3,24,Reported
36,2026-01-01,4,4,Reported
36,2026-01-01,5,3,Reported
36,2026-01-01,6,0,Reported zero
36,2026-01-01,7,3,Reported
36,2026-01-01,8,8,Reported
36,2026-01-01,9,9,Reported
36,2026-01-01,10,3,Reported
36,2026-01-01,11,104,Reported
36,2026-01-01,12,22,Reported
36,2026-01-01,13,30,Reported
36,2026-01-01,14,19,Reported
36,2026-01-01,15,,Not captured on form
36,2026-01-01,16,,Not captured on form
36,2026-01-01,17,,Not captured on form
36,2026-01-01,18,,Not captured on form
36,2026-01-01,19,,Not captured on form
36,2026-01-01,20,,Not captured on form
36,2026-01-01,21,8,Reported
36,2026-01-01,22,8,Reported
36,2026-01-01,23,8,Reported
36,2026-01-01,24,40,Reported
36,2026-01-01,25,32,Reported
36,2026-01-01,26,32,Reported
36,2026-01-01,27,2,Reported
36,2026-02-01,1,300,Reported
36,2026-02-01,2,46,Reported
36,2026-02-01,3,25,Reported
36,2026-02-01,4,9,Reported
36,2026-02-01,5,3,Reported
36,2026-02-01,6,1,Reported
36,2026-02-01,7,5,Reported
36,2026-02-01,8,3,Reported
36,2026-02-01,9,7,Reported
36,2026-02-01,10,2,Reported
36,2026-02-01,11,126,Reported
36,2026-02-01,12,30,Reported
36,2026-02-01,13,18,Reported
36,2026-02-01,14,11,Reported
36,2026-02-01,15,,Not captured on form
36,2026-02-01,16,,Not captured on form
36,2026-02-01,17,,Not captured on form
36,2026-02-01,18,,Not captured on form
36,2026-02-01,19,,Not captured on form
36,2026-02-01,20,,Not captured on form
36,2026-02-01,21,11,Reported
36,2026-02-01,22,9,Reported
36,2026-02-01,23,9,Reported
36,2026-02-01,24,25,Reported
36,2026-02-01,25,16,Reported
36,2026-02-01,26,16,Reported
36,2026-02-01,27,5,Reported
36,2026-03-01,1,334,Reported
36,2026-03-01,2,48,Reported
36,2026-03-01,3,24,Reported
36,2026-03-01,4,9,Reported
36,2026-03-01,5,4,Reported
36,2026-03-01,6,1,Reported
36,2026-03-01,7,5,Reported
36,2026-03-01,8,4,Reported
36,2026-03-01,9,4,Reported
36,2026-03-01,10,7,Reported
36,2026-03-01,11,150,Reported
36,2026-03-01,12,23,Reported
36,2026-03-01,13,80,Reported
36,2026-03-01,14,77,Reported
36,2026-03-01,15,,Not captured on form
36,2026-03-01,16,,Not captured on form
36,2026-03-01,17,,Not captured on form
36,2026-03-01,18,,Not captured on form
36,2026-03-01,19,,Not captured on form
36,2026-03-01,20,,Not captured on form
36,2026-03-01,21,14,Reported
36,2026-03-01,22,6,Reported
36,2026-03-01,23,6,Reported
36,2026-03-01,24,21,Reported
36,2026-03-01,25,13,Reported
36,2026-03-01,26,13,Reported
36,2026-03-01,27,2,Reported
36,2026-04-01,1,260,Reported
36,2026-04-01,2,59,Reported
36,2026-04-01,3,19,Reported
36,2026-04-01,4,8,Reported
36,2026-04-01,5,1,Reported
36,2026-04-01,6,0,Reported zero
36,2026-04-01,7,4,Reported
36,2026-04-01,8,3,Reported
36,2026-04-01,9,2,Reported
36,2026-04-01,10,5,Reported
36,2026-04-01,11,125,Reported
36,2026-04-01,12,27,Reported
36,2026-04-01,13,27,Reported
36,2026-04-01,14,27,Reported
36,2026-04-01,15,,Not captured on form
36,2026-04-01,16,,Not captured on form
36,2026-04-01,17,,Not captured on form
36,2026-04-01,18,,Not captured on form
36,2026-04-01,19,,Not captured on form
36,2026-04-01,20,,Not captured on form
36,2026-04-01,21,8,Reported
36,2026-04-01,22,4,Reported
36,2026-04-01,23,4,Reported
36,2026-04-01,24,36,Reported
36,2026-04-01,25,21,Reported
36,2026-04-01,26,21,Reported
36,2026-04-01,27,4,Reported
36,2026-05-01,1,338,Reported
36,2026-05-01,2,98,Reported
36,2026-05-01,3,27,Reported
36,2026-05-01,4,9,Reported
36,2026-05-01,5,6,Reported
36,2026-05-01,6,0,Reported zero
36,2026-05-01,7,9,Reported
36,2026-05-01,8,5,Reported
36,2026-05-01,9,9,Reported
36,2026-05-01,10,5,Reported
36,2026-05-01,11,134,Reported
36,2026-05-01,12,29,Reported
36,2026-05-01,13,36,Reported
36,2026-05-01,14,36,Reported
36,2026-05-01,15,,Not captured on form
36,2026-05-01,16,,Not captured on form
36,2026-05-01,17,,Not captured on form
36,2026-05-01,18,,Not captured on form
36,2026-05-01,19,,Not captured on form
36,2026-05-01,20,,Not captured on form
36,2026-05-01,21,22,Reported
36,2026-05-01,22,20,Reported
36,2026-05-01,23,20,Reported
36,2026-05-01,24,46,Reported
36,2026-05-01,25,38,Reported
36,2026-05-01,26,38,Reported
36,2026-05-01,27,3,Reported
36,2026-06-01,1,324,Reported
36,2026-06-01,2,75,Reported
36,2026-06-01,3,28,Reported
36,2026-06-01,4,7,Reported
36,2026-06-01,5,3,Reported
36,2026-06-01,6,0,Reported zero
36,2026-06-01,7,7,Reported
36,2026-06-01,8,10,Reported
36,2026-06-01,9,7,Reported
36,2026-06-01,10,6,Reported
36,2026-06-01,11,508,Reported
36,2026-06-01,12,28,Reported
36,2026-06-01,13,34,Reported
36,2026-06-01,14,34,Reported
36,2026-06-01,15,12,Reported
36,2026-06-01,16,2,Reported
36,2026-06-01,17,2,Reported
36,2026-06-01,18,12,Reported
36,2026-06-01,19,3,Reported
36,2026-06-01,20,0,Reported zero
36,2026-06-01,21,5,Reported
36,2026-06-01,22,4,Reported
36,2026-06-01,23,4,Reported
36,2026-06-01,24,41,Reported
36,2026-06-01,25,21,Reported
36,2026-06-01,26,21,Reported
36,2026-06-01,27,2,Reported
36,2026-07-01,1,303,Reported
36,2026-07-01,2,68,Reported
36,2026-07-01,3,35,Reported
36,2026-07-01,4,7,Reported
36,2026-07-01,5,6,Reported
36,2026-07-01,6,0,Reported zero
36,2026-07-01,7,7,Reported
36,2026-07-01,8,11,Reported
36,2026-07-01,9,9,Reported
36,2026-07-01,10,3,Reported
36,2026-07-01,11,138,Reported
36,2026-07-01,12,27,Reported
36,2026-07-01,13,16,Reported
36,2026-07-01,14,7,Reported
36,2026-07-01,15,5,Reported
36,2026-07-01,16,0,Reported zero
36,2026-07-01,17,0,Reported zero
36,2026-07-01,18,11,Reported
36,2026-07-01,19,0,Reported zero
36,2026-07-01,20,0,Reported zero
36,2026-07-01,21,17,Reported
36,2026-07-01,22,11,Reported
36,2026-07-01,23,11,Reported
36,2026-07-01,24,32,Reported
36,2026-07-01,25,30,Reported
36,2026-07-01,26,30,Reported
36,2026-07-01,27,1,Reported
36,2026-08-01,1,253,Reported
36,2026-08-01,2,68,Reported
36,2026-08-01,3,24,Reported
36,2026-08-01,4,7,Reported
36,2026-08-01,5,4,Reported
36,2026-08-01,6,7,Reported
36,2026-08-01,7,7,Reported
36,2026-08-01,8,5,Reported
36,2026-08-01,9,8,Reported
36,2026-08-01,10,3,Reported
36,2026-08-01,11,124,Reported
36,2026-08-01,12,23,Reported
36,2026-08-01,13,12,Reported
36,2026-08-01,14,12,Reported
36,2026-08-01,15,7,Reported
36,2026-08-01,16,0,Reported zero
36,2026-08-01,17,0,Reported zero
36,2026-08-01,18,5,Reported
36,2026-08-01,19,0,Reported zero
36,2026-08-01,20,0,Reported zero
36,2026-08-01,21,9,Reported
36,2026-08-01,22,7,Reported
36,2026-08-01,23,7,Reported
36,2026-08-01,24,35,Reported
36,2026-08-01,25,25,Reported
36,2026-08-01,26,25,Reported
36,2026-08-01,27,4,Reported
36,2026-09-01,1,296,Reported
36,2026-09-01,2,52,Reported
36,2026-09-01,3,23,Reported
36,2026-09-01,4,5,Reported
36,2026-09-01,5,8,Reported
36,2026-09-01,6,0,Reported zero
36,2026-09-01,7,5,Reported
36,2026-09-01,8,8,Reported
36,2026-09-01,9,5,Reported
36,2026-09-01,10,5,Reported
36,2026-09-01,11,139,Reported
36,2026-09-01,12,24,Reported
36,2026-09-01,13,15,Reported
36,2026-09-01,14,15,Reported
36,2026-09-01,15,15,Reported
36,2026-09-01,16,0,Reported zero
36,2026-09-01,17,0,Reported zero
36,2026-09-01,18,0,Reported zero
36,2026-09-01,19,0,Reported zero
36,2026-09-01,20,0,Reported zero
36,2026-09-01,21,10,Reported
36,2026-09-01,22,7,Reported
36,2026-09-01,23,7,Reported
36,2026-09-01,24,32,Reported
36,2026-09-01,25,27,Reported
36,2026-09-01,26,27,Reported
36,2026-09-01,27,4,Reported
37,2026-01-01,1,714,Reported
37,2026-01-01,2,43,Reported
37,2026-01-01,3,175,Reported
37,2026-01-01,4,47,Reported
37,2026-01-01,5,24,Reported
37,2026-01-01,6,23,Reported
37,2026-01-01,7,47,Reported
37,2026-01-01,8,16,Reported
37,2026-01-01,9,76,Reported
37,2026-01-01,10,31,Reported
37,2026-01-01,11,493,Reported
37,2026-01-01,12,10,Reported
37,2026-01-01,13,76,Reported
37,2026-01-01,14,57,Reported
37,2026-01-01,15,,Not captured on form
37,2026-01-01,16,,Not captured on form
37,2026-01-01,17,,Not captured on form
37,2026-01-01,18,,Not captured on form
37,2026-01-01,19,,Not captured on form
37,2026-01-01,20,,Not captured on form
37,2026-01-01,21,96,Reported
37,2026-01-01,22,28,Reported
37,2026-01-01,23,28,Reported
37,2026-01-01,24,41,Reported
37,2026-01-01,25,16,Reported
37,2026-01-01,26,16,Reported
37,2026-01-01,27,4,Reported
37,2026-02-01,1,1679,Reported
37,2026-02-01,2,694,Reported
37,2026-02-01,3,181,Reported
37,2026-02-01,4,45,Reported
37,2026-02-01,5,24,Reported
37,2026-02-01,6,28,Reported
37,2026-02-01,7,45,Reported
37,2026-02-01,8,41,Reported
37,2026-02-01,9,32,Reported
37,2026-02-01,10,29,Reported
37,2026-02-01,11,191,Reported
37,2026-02-01,12,7,Reported
37,2026-02-01,13,152,Reported
37,2026-02-01,14,63,Reported
37,2026-02-01,15,,Not captured on form
37,2026-02-01,16,,Not captured on form
37,2026-02-01,17,,Not captured on form
37,2026-02-01,18,,Not captured on form
37,2026-02-01,19,,Not captured on form
37,2026-02-01,20,,Not captured on form
37,2026-02-01,21,66,Reported
37,2026-02-01,22,27,Reported
37,2026-02-01,23,27,Reported
37,2026-02-01,24,286,Reported
37,2026-02-01,25,69,Reported
37,2026-02-01,26,69,Reported
37,2026-02-01,27,4,Reported
37,2026-03-01,1,1819,Reported
37,2026-03-01,2,458,Reported
37,2026-03-01,3,194,Reported
37,2026-03-01,4,78,Reported
37,2026-03-01,5,26,Reported
37,2026-03-01,6,12,Reported
37,2026-03-01,7,15,Reported
37,2026-03-01,8,63,Reported
37,2026-03-01,9,56,Reported
37,2026-03-01,10,20,Reported
37,2026-03-01,11,196,Reported
37,2026-03-01,12,12,Reported
37,2026-03-01,13,162,Reported
37,2026-03-01,14,51,Reported
37,2026-03-01,15,,Not captured on form
37,2026-03-01,16,,Not captured on form
37,2026-03-01,17,,Not captured on form
37,2026-03-01,18,,Not captured on form
37,2026-03-01,19,,Not captured on form
37,2026-03-01,20,,Not captured on form
37,2026-03-01,21,246,Reported
37,2026-03-01,22,108,Reported
37,2026-03-01,23,108,Reported
37,2026-03-01,24,198,Reported
37,2026-03-01,25,94,Reported
37,2026-03-01,26,94,Reported
37,2026-03-01,27,4,Reported
37,2026-04-01,1,1687,Reported
37,2026-04-01,2,114,Reported
37,2026-04-01,3,260,Reported
37,2026-04-01,4,88,Reported
37,2026-04-01,5,26,Reported
37,2026-04-01,6,7,Reported
37,2026-04-01,7,80,Reported
37,2026-04-01,8,75,Reported
37,2026-04-01,9,37,Reported
37,2026-04-01,10,34,Reported
37,2026-04-01,11,282,Reported
37,2026-04-01,12,8,Reported
37,2026-04-01,13,90,Reported
37,2026-04-01,14,35,Reported
37,2026-04-01,15,,Not captured on form
37,2026-04-01,16,,Not captured on form
37,2026-04-01,17,,Not captured on form
37,2026-04-01,18,,Not captured on form
37,2026-04-01,19,,Not captured on form
37,2026-04-01,20,,Not captured on form
37,2026-04-01,21,26,Reported
37,2026-04-01,22,17,Reported
37,2026-04-01,23,26,Reported
37,2026-04-01,24,17,Reported
37,2026-04-01,25,17,Reported
37,2026-04-01,26,17,Reported
37,2026-04-01,27,4,Reported
37,2026-05-01,1,1066,Reported
37,2026-05-01,2,946,Reported
37,2026-05-01,3,271,Reported
37,2026-05-01,4,62,Reported
37,2026-05-01,5,51,Reported
37,2026-05-01,6,24,Reported
37,2026-05-01,7,62,Reported
37,2026-05-01,8,50,Reported
37,2026-05-01,9,45,Reported
37,2026-05-01,10,31,Reported
37,2026-05-01,11,174,Reported
37,2026-05-01,12,9,Reported
37,2026-05-01,13,98,Reported
37,2026-05-01,14,81,Reported
37,2026-05-01,15,,Not captured on form
37,2026-05-01,16,,Not captured on form
37,2026-05-01,17,,Not captured on form
37,2026-05-01,18,,Not captured on form
37,2026-05-01,19,,Not captured on form
37,2026-05-01,20,,Not captured on form
37,2026-05-01,21,131,Reported
37,2026-05-01,22,69,Reported
37,2026-05-01,23,69,Reported
37,2026-05-01,24,97,Reported
37,2026-05-01,25,37,Reported
37,2026-05-01,26,37,Reported
37,2026-05-01,27,4,Reported
37,2026-06-01,1,1734,Reported
37,2026-06-01,2,561,Reported
37,2026-06-01,3,284,Reported
37,2026-06-01,4,83,Reported
37,2026-06-01,5,41,Reported
37,2026-06-01,6,25,Reported
37,2026-06-01,7,83,Reported
37,2026-06-01,8,62,Reported
37,2026-06-01,9,53,Reported
37,2026-06-01,10,34,Reported
37,2026-06-01,11,249,Reported
37,2026-06-01,12,17,Reported
37,2026-06-01,13,80,Reported
37,2026-06-01,14,50,Reported
37,2026-06-01,15,0,Reported zero
37,2026-06-01,16,0,Reported zero
37,2026-06-01,17,7,Reported
37,2026-06-01,18,69,Reported
37,2026-06-01,19,4,Reported
37,2026-06-01,20,0,Reported zero
37,2026-06-01,21,102,Reported
37,2026-06-01,22,48,Reported
37,2026-06-01,23,48,Reported
37,2026-06-01,24,182,Reported
37,2026-06-01,25,79,Reported
37,2026-06-01,26,79,Reported
37,2026-06-01,27,4,Reported
37,2026-07-01,1,1647,Reported
37,2026-07-01,2,523,Reported
37,2026-07-01,3,241,Reported
37,2026-07-01,4,40,Reported
37,2026-07-01,5,47,Reported
37,2026-07-01,6,9,Reported
37,2026-07-01,7,40,Reported
37,2026-07-01,8,62,Reported
37,2026-07-01,9,38,Reported
37,2026-07-01,10,47,Reported
37,2026-07-01,11,179,Reported
37,2026-07-01,12,11,Reported
37,2026-07-01,13,141,Reported
37,2026-07-01,14,141,Reported
37,2026-07-01,15,0,Reported zero
37,2026-07-01,16,0,Reported zero
37,2026-07-01,17,34,Reported
37,2026-07-01,18,109,Reported
37,2026-07-01,19,6,Reported
37,2026-07-01,20,0,Reported zero
37,2026-07-01,21,103,Reported
37,2026-07-01,22,23,Reported
37,2026-07-01,23,23,Reported
37,2026-07-01,24,116,Reported
37,2026-07-01,25,21,Reported
37,2026-07-01,26,21,Reported
37,2026-07-01,27,4,Reported
37,2026-08-01,1,1525,Reported
37,2026-08-01,2,500,Reported
37,2026-08-01,3,299,Reported
37,2026-08-01,4,30,Reported
37,2026-08-01,5,46,Reported
37,2026-08-01,6,24,Reported
37,2026-08-01,7,30,Reported
37,2026-08-01,8,42,Reported
37,2026-08-01,9,63,Reported
37,2026-08-01,10,50,Reported
37,2026-08-01,11,156,Reported
37,2026-08-01,12,7,Reported
37,2026-08-01,13,162,Reported
37,2026-08-01,14,162,Reported
37,2026-08-01,15,24,Reported
37,2026-08-01,16,0,Reported zero
37,2026-08-01,17,59,Reported
37,2026-08-01,18,73,Reported
37,2026-08-01,19,6,Reported
37,2026-08-01,20,0,Reported zero
37,2026-08-01,21,96,Reported
37,2026-08-01,22,22,Reported
37,2026-08-01,23,22,Reported
37,2026-08-01,24,88,Reported
37,2026-08-01,25,26,Reported
37,2026-08-01,26,26,Reported
37,2026-08-01,27,4,Reported
37,2026-09-01,1,2751,Reported
37,2026-09-01,2,1493,Reported
37,2026-09-01,3,391,Reported
37,2026-09-01,4,90,Reported
37,2026-09-01,5,48,Reported
37,2026-09-01,6,27,Reported
37,2026-09-01,7,90,Reported
37,2026-09-01,8,58,Reported
37,2026-09-01,9,49,Reported
37,2026-09-01,10,61,Reported
37,2026-09-01,11,260,Reported
37,2026-09-01,12,18,Reported
37,2026-09-01,13,167,Reported
37,2026-09-01,14,93,Reported
37,2026-09-01,15,0,Reported zero
37,2026-09-01,16,0,Reported zero
37,2026-09-01,17,82,Reported
37,2026-09-01,18,77,Reported
37,2026-09-01,19,6,Reported
37,2026-09-01,20,0,Reported zero
37,2026-09-01,21,524,Reported
37,2026-09-01,22,404,Reported
37,2026-09-01,23,404,Reported
37,2026-09-01,24,427,Reported
37,2026-09-01,25,360,Reported
37,2026-09-01,26,360,Reported
37,2026-09-01,27,4,Reported
38,2026-01-01,1,462,Reported
38,2026-01-01,2,27,Reported
38,2026-01-01,3,35,Reported
38,2026-01-01,4,8,Reported
38,2026-01-01,5,4,Reported
38,2026-01-01,6,0,Reported zero
38,2026-01-01,7,8,Reported
38,2026-01-01,8,9,Reported
38,2026-01-01,9,5,Reported
38,2026-01-01,10,4,Reported
38,2026-01-01,11,450,Reported
38,2026-01-01,12,70,Reported
38,2026-01-01,13,35,Reported
38,2026-01-01,14,3,Reported
38,2026-01-01,15,,Not captured on form
38,2026-01-01,16,,Not captured on form
38,2026-01-01,17,,Not captured on form
38,2026-01-01,18,,Not captured on form
38,2026-01-01,19,,Not captured on form
38,2026-01-01,20,,Not captured on form
38,2026-01-01,21,0,Reported zero
38,2026-01-01,22,0,Reported zero
38,2026-01-01,23,0,Reported zero
38,2026-01-01,24,0,Reported zero
38,2026-01-01,25,0,Reported zero
38,2026-01-01,26,0,Reported zero
38,2026-01-01,27,2,Reported
38,2026-02-01,1,355,Reported
38,2026-02-01,2,20,Reported
38,2026-02-01,3,44,Reported
38,2026-02-01,4,6,Reported
38,2026-02-01,5,9,Reported
38,2026-02-01,6,1,Reported
38,2026-02-01,7,6,Reported
38,2026-02-01,8,10,Reported
38,2026-02-01,9,11,Reported
38,2026-02-01,10,7,Reported
38,2026-02-01,11,211,Reported
38,2026-02-01,12,0,Reported zero
38,2026-02-01,13,105,Reported
38,2026-02-01,14,61,Reported
38,2026-02-01,15,,Not captured on form
38,2026-02-01,16,,Not captured on form
38,2026-02-01,17,,Not captured on form
38,2026-02-01,18,,Not captured on form
38,2026-02-01,19,,Not captured on form
38,2026-02-01,20,,Not captured on form
38,2026-02-01,21,0,Reported zero
38,2026-02-01,22,0,Reported zero
38,2026-02-01,23,0,Reported zero
38,2026-02-01,24,0,Reported zero
38,2026-02-01,25,0,Reported zero
38,2026-02-01,26,0,Reported zero
38,2026-02-01,27,2,Reported
38,2026-03-01,1,468,Reported
38,2026-03-01,2,22,Reported
38,2026-03-01,3,25,Reported
38,2026-03-01,4,8,Reported
38,2026-03-01,5,3,Reported
38,2026-03-01,6,0,Reported zero
38,2026-03-01,7,8,Reported
38,2026-03-01,8,8,Reported
38,2026-03-01,9,6,Reported
38,2026-03-01,10,6,Reported
38,2026-03-01,11,316,Reported
38,2026-03-01,12,30,Reported
38,2026-03-01,13,31,Reported
38,2026-03-01,14,9,Reported
38,2026-03-01,15,,Not captured on form
38,2026-03-01,16,,Not captured on form
38,2026-03-01,17,,Not captured on form
38,2026-03-01,18,,Not captured on form
38,2026-03-01,19,,Not captured on form
38,2026-03-01,20,,Not captured on form
38,2026-03-01,21,0,Reported zero
38,2026-03-01,22,0,Reported zero
38,2026-03-01,23,0,Reported zero
38,2026-03-01,24,0,Reported zero
38,2026-03-01,25,0,Reported zero
38,2026-03-01,26,0,Reported zero
38,2026-03-01,27,2,Reported
38,2026-04-01,1,551,Reported
38,2026-04-01,2,86,Reported
38,2026-04-01,3,36,Reported
38,2026-04-01,4,7,Reported
38,2026-04-01,5,11,Reported
38,2026-04-01,6,1,Reported
38,2026-04-01,7,7,Reported
38,2026-04-01,8,8,Reported
38,2026-04-01,9,8,Reported
38,2026-04-01,10,6,Reported
38,2026-04-01,11,337,Reported
38,2026-04-01,12,49,Reported
38,2026-04-01,13,17,Reported
38,2026-04-01,14,17,Reported
38,2026-04-01,15,,Not captured on form
38,2026-04-01,16,,Not captured on form
38,2026-04-01,17,,Not captured on form
38,2026-04-01,18,,Not captured on form
38,2026-04-01,19,,Not captured on form
38,2026-04-01,20,,Not captured on form
38,2026-04-01,21,31,Reported
38,2026-04-01,22,22,Reported
38,2026-04-01,23,22,Reported
38,2026-04-01,24,16,Reported
38,2026-04-01,25,9,Reported
38,2026-04-01,26,9,Reported
38,2026-04-01,27,2,Reported
38,2026-05-01,1,532,Reported
38,2026-05-01,2,70,Reported
38,2026-05-01,3,33,Reported
38,2026-05-01,4,7,Reported
38,2026-05-01,5,4,Reported
38,2026-05-01,6,1,Reported
38,2026-05-01,7,7,Reported
38,2026-05-01,8,6,Reported
38,2026-05-01,9,6,Reported
38,2026-05-01,10,7,Reported
38,2026-05-01,11,296,Reported
38,2026-05-01,12,59,Reported
38,2026-05-01,13,11,Reported
38,2026-05-01,14,8,Reported
38,2026-05-01,15,,Not captured on form
38,2026-05-01,16,,Not captured on form
38,2026-05-01,17,,Not captured on form
38,2026-05-01,18,,Not captured on form
38,2026-05-01,19,,Not captured on form
38,2026-05-01,20,,Not captured on form
38,2026-05-01,21,0,Reported zero
38,2026-05-01,22,0,Reported zero
38,2026-05-01,23,21,Reported
38,2026-05-01,24,0,Reported zero
38,2026-05-01,25,0,Reported zero
38,2026-05-01,26,4,Reported
38,2026-05-01,27,2,Reported
38,2026-06-01,1,390,Reported
38,2026-06-01,2,76,Reported
38,2026-06-01,3,28,Reported
38,2026-06-01,4,8,Reported
38,2026-06-01,5,4,Reported
38,2026-06-01,6,1,Reported
38,2026-06-01,7,8,Reported
38,2026-06-01,8,7,Reported
38,2026-06-01,9,6,Reported
38,2026-06-01,10,2,Reported
38,2026-06-01,11,569,Reported
38,2026-06-01,12,48,Reported
38,2026-06-01,13,21,Reported
38,2026-06-01,14,16,Reported
38,2026-06-01,15,13,Reported
38,2026-06-01,16,1,Reported
38,2026-06-01,17,3,Reported
38,2026-06-01,18,4,Reported
38,2026-06-01,19,13,Reported
38,2026-06-01,20,0,Reported zero
38,2026-06-01,21,17,Reported
38,2026-06-01,22,11,Reported
38,2026-06-01,23,11,Reported
38,2026-06-01,24,31,Reported
38,2026-06-01,25,15,Reported
38,2026-06-01,26,15,Reported
38,2026-06-01,27,2,Reported
38,2026-07-01,1,568,Reported
38,2026-07-01,2,75,Reported
38,2026-07-01,3,31,Reported
38,2026-07-01,4,11,Reported
38,2026-07-01,5,5,Reported
38,2026-07-01,6,0,Reported zero
38,2026-07-01,7,11,Reported
38,2026-07-01,8,7,Reported
38,2026-07-01,9,5,Reported
38,2026-07-01,10,4,Reported
38,2026-07-01,11,360,Reported
38,2026-07-01,12,74,Reported
38,2026-07-01,13,27,Reported
38,2026-07-01,14,7,Reported
38,2026-07-01,15,0,Reported zero
38,2026-07-01,16,0,Reported zero
38,2026-07-01,17,3,Reported
38,2026-07-01,18,6,Reported
38,2026-07-01,19,2,Reported
38,2026-07-01,20,0,Reported zero
38,2026-07-01,21,22,Reported
38,2026-07-01,22,14,Reported
38,2026-07-01,23,14,Reported
38,2026-07-01,24,15,Reported
38,2026-07-01,25,9,Reported
38,2026-07-01,26,9,Reported
38,2026-07-01,27,2,Reported
38,2026-08-01,1,523,Reported
38,2026-08-01,2,75,Reported
38,2026-08-01,3,21,Reported
38,2026-08-01,4,4,Reported
38,2026-08-01,5,3,Reported
38,2026-08-01,6,0,Reported zero
38,2026-08-01,7,4,Reported
38,2026-08-01,8,8,Reported
38,2026-08-01,9,6,Reported
38,2026-08-01,10,3,Reported
38,2026-08-01,11,325,Reported
38,2026-08-01,12,78,Reported
38,2026-08-01,13,9,Reported
38,2026-08-01,14,9,Reported
38,2026-08-01,15,0,Reported zero
38,2026-08-01,16,0,Reported zero
38,2026-08-01,17,1,Reported
38,2026-08-01,18,6,Reported
38,2026-08-01,19,2,Reported
38,2026-08-01,20,0,Reported zero
38,2026-08-01,21,23,Reported
38,2026-08-01,22,16,Reported
38,2026-08-01,23,16,Reported
38,2026-08-01,24,7,Reported
38,2026-08-01,25,4,Reported
38,2026-08-01,26,4,Reported
38,2026-08-01,27,2,Reported
38,2026-09-01,1,467,Reported
38,2026-09-01,2,76,Reported
38,2026-09-01,3,23,Reported
38,2026-09-01,4,5,Reported
38,2026-09-01,5,4,Reported
38,2026-09-01,6,0,Reported zero
38,2026-09-01,7,5,Reported
38,2026-09-01,8,4,Reported
38,2026-09-01,9,5,Reported
38,2026-09-01,10,5,Reported
38,2026-09-01,11,298,Reported
38,2026-09-01,12,74,Reported
38,2026-09-01,13,32,Reported
38,2026-09-01,14,26,Reported
38,2026-09-01,15,4,Reported
38,2026-09-01,16,0,Reported zero
38,2026-09-01,17,2,Reported
38,2026-09-01,18,9,Reported
38,2026-09-01,19,10,Reported
38,2026-09-01,20,5,Reported
38,2026-09-01,21,0,Reported zero
38,2026-09-01,22,0,Reported zero
38,2026-09-01,23,17,Reported
38,2026-09-01,24,0,Reported zero
38,2026-09-01,25,0,Reported zero
38,2026-09-01,26,5,Reported
38,2026-09-01,27,0,Reported zero
39,2026-01-01,1,571,Reported
39,2026-01-01,2,195,Reported
39,2026-01-01,3,107,Reported
39,2026-01-01,4,37,Reported
39,2026-01-01,5,9,Reported
39,2026-01-01,6,2,Reported
39,2026-01-01,7,35,Reported
39,2026-01-01,8,21,Reported
39,2026-01-01,9,13,Reported
39,2026-01-01,10,8,Reported
39,2026-01-01,11,235,Reported
39,2026-01-01,12,41,Reported
39,2026-01-01,13,32,Reported
39,2026-01-01,14,32,Reported
39,2026-01-01,15,,Not captured on form
39,2026-01-01,16,,Not captured on form
39,2026-01-01,17,,Not captured on form
39,2026-01-01,18,,Not captured on form
39,2026-01-01,19,,Not captured on form
39,2026-01-01,20,,Not captured on form
39,2026-01-01,21,25,Reported
39,2026-01-01,22,17,Reported
39,2026-01-01,23,17,Reported
39,2026-01-01,24,44,Reported
39,2026-01-01,25,26,Reported
39,2026-01-01,26,26,Reported
39,2026-01-01,27,1,Reported
39,2026-02-01,1,582,Reported
39,2026-02-01,2,176,Reported
39,2026-02-01,3,131,Reported
39,2026-02-01,4,35,Reported
39,2026-02-01,5,10,Reported
39,2026-02-01,6,4,Reported
39,2026-02-01,7,35,Reported
39,2026-02-01,8,20,Reported
39,2026-02-01,9,12,Reported
39,2026-02-01,10,15,Reported
39,2026-02-01,11,205,Reported
39,2026-02-01,12,52,Reported
39,2026-02-01,13,40,Reported
39,2026-02-01,14,40,Reported
39,2026-02-01,15,,Not captured on form
39,2026-02-01,16,,Not captured on form
39,2026-02-01,17,,Not captured on form
39,2026-02-01,18,,Not captured on form
39,2026-02-01,19,,Not captured on form
39,2026-02-01,20,,Not captured on form
39,2026-02-01,21,21,Reported
39,2026-02-01,22,10,Reported
39,2026-02-01,23,10,Reported
39,2026-02-01,24,28,Reported
39,2026-02-01,25,13,Reported
39,2026-02-01,26,12,Reported
39,2026-02-01,27,2,Reported
39,2026-03-01,1,708,Reported
39,2026-03-01,2,207,Reported
39,2026-03-01,3,141,Reported
39,2026-03-01,4,32,Reported
39,2026-03-01,5,13,Reported
39,2026-03-01,6,8,Reported
39,2026-03-01,7,35,Reported
39,2026-03-01,8,31,Reported
39,2026-03-01,9,19,Reported
39,2026-03-01,10,11,Reported
39,2026-03-01,11,269,Reported
39,2026-03-01,12,53,Reported
39,2026-03-01,13,37,Reported
39,2026-03-01,14,37,Reported
39,2026-03-01,15,,Not captured on form
39,2026-03-01,16,,Not captured on form
39,2026-03-01,17,,Not captured on form
39,2026-03-01,18,,Not captured on form
39,2026-03-01,19,,Not captured on form
39,2026-03-01,20,,Not captured on form
39,2026-03-01,21,39,Reported
39,2026-03-01,22,13,Reported
39,2026-03-01,23,13,Reported
39,2026-03-01,24,75,Reported
39,2026-03-01,25,32,Reported
39,2026-03-01,26,32,Reported
39,2026-03-01,27,2,Reported
39,2026-04-01,1,712,Reported
39,2026-04-01,2,232,Reported
39,2026-04-01,3,150,Reported
39,2026-04-01,4,31,Reported
39,2026-04-01,5,25,Reported
39,2026-04-01,6,1,Reported
39,2026-04-01,7,22,Reported
39,2026-04-01,8,34,Reported
39,2026-04-01,9,32,Reported
39,2026-04-01,10,12,Reported
39,2026-04-01,11,231,Reported
39,2026-04-01,12,53,Reported
39,2026-04-01,13,32,Reported
39,2026-04-01,14,32,Reported
39,2026-04-01,15,,Not captured on form
39,2026-04-01,16,,Not captured on form
39,2026-04-01,17,,Not captured on form
39,2026-04-01,18,,Not captured on form
39,2026-04-01,19,,Not captured on form
39,2026-04-01,20,,Not captured on form
39,2026-04-01,21,29,Reported
39,2026-04-01,22,5,Reported
39,2026-04-01,23,5,Reported
39,2026-04-01,24,64,Reported
39,2026-04-01,25,21,Reported
39,2026-04-01,26,21,Reported
39,2026-04-01,27,10,Reported
39,2026-05-01,1,584,Reported
39,2026-05-01,2,207,Reported
39,2026-05-01,3,70,Reported
39,2026-05-01,4,14,Reported
39,2026-05-01,5,17,Reported
39,2026-05-01,6,1,Reported
39,2026-05-01,7,14,Reported
39,2026-05-01,8,9,Reported
39,2026-05-01,9,13,Reported
39,2026-05-01,10,16,Reported
39,2026-05-01,11,239,Reported
39,2026-05-01,12,44,Reported
39,2026-05-01,13,33,Reported
39,2026-05-01,14,33,Reported
39,2026-05-01,15,,Not captured on form
39,2026-05-01,16,,Not captured on form
39,2026-05-01,17,,Not captured on form
39,2026-05-01,18,,Not captured on form
39,2026-05-01,19,,Not captured on form
39,2026-05-01,20,,Not captured on form
39,2026-05-01,21,40,Reported
39,2026-05-01,22,15,Reported
39,2026-05-01,23,15,Reported
39,2026-05-01,24,68,Reported
39,2026-05-01,25,34,Reported
39,2026-05-01,26,34,Reported
39,2026-05-01,27,2,Reported
39,2026-06-01,1,987,Reported
39,2026-06-01,2,238,Reported
39,2026-06-01,3,133,Reported
39,2026-06-01,4,63,Reported
39,2026-06-01,5,17,Reported
39,2026-06-01,6,0,Reported zero
39,2026-06-01,7,39,Reported
39,2026-06-01,8,17,Reported
39,2026-06-01,9,10,Reported
39,2026-06-01,10,13,Reported
39,2026-06-01,11,225,Reported
39,2026-06-01,12,44,Reported
39,2026-06-01,13,60,Reported
39,2026-06-01,14,60,Reported
39,2026-06-01,15,7,Reported
39,2026-06-01,16,0,Reported zero
39,2026-06-01,17,5,Reported
39,2026-06-01,18,0,Reported zero
39,2026-06-01,19,8,Reported
39,2026-06-01,20,0,Reported zero
39,2026-06-01,21,50,Reported
39,2026-06-01,22,23,Reported
39,2026-06-01,23,23,Reported
39,2026-06-01,24,90,Reported
39,2026-06-01,25,49,Reported
39,2026-06-01,26,49,Reported
39,2026-06-01,27,2,Reported
39,2026-07-01,1,766,Reported
39,2026-07-01,2,268,Reported
39,2026-07-01,3,117,Reported
39,2026-07-01,4,34,Reported
39,2026-07-01,5,8,Reported
39,2026-07-01,6,3,Reported
39,2026-07-01,7,31,Reported
39,2026-07-01,8,33,Reported
39,2026-07-01,9,19,Reported
39,2026-07-01,10,12,Reported
39,2026-07-01,11,246,Reported
39,2026-07-01,12,33,Reported
39,2026-07-01,13,49,Reported
39,2026-07-01,14,48,Reported
39,2026-07-01,15,6,Reported
39,2026-07-01,16,3,Reported
39,2026-07-01,17,8,Reported
39,2026-07-01,18,16,Reported
39,2026-07-01,19,21,Reported
39,2026-07-01,20,2,Reported
39,2026-07-01,21,54,Reported
39,2026-07-01,22,21,Reported
39,2026-07-01,23,21,Reported
39,2026-07-01,24,90,Reported
39,2026-07-01,25,54,Reported
39,2026-07-01,26,54,Reported
39,2026-07-01,27,2,Reported
39,2026-08-01,1,846,Reported
39,2026-08-01,2,276,Reported
39,2026-08-01,3,109,Reported
39,2026-08-01,4,22,Reported
39,2026-08-01,5,17,Reported
39,2026-08-01,6,0,Reported zero
39,2026-08-01,7,20,Reported
39,2026-08-01,8,22,Reported
39,2026-08-01,9,19,Reported
39,2026-08-01,10,12,Reported
39,2026-08-01,11,269,Reported
39,2026-08-01,12,33,Reported
39,2026-08-01,13,50,Reported
39,2026-08-01,14,21,Reported
39,2026-08-01,15,8,Reported
39,2026-08-01,16,0,Reported zero
39,2026-08-01,17,0,Reported zero
39,2026-08-01,18,27,Reported
39,2026-08-01,19,13,Reported
39,2026-08-01,20,0,Reported zero
39,2026-08-01,21,39,Reported
39,2026-08-01,22,19,Reported
39,2026-08-01,23,19,Reported
39,2026-08-01,24,102,Reported
39,2026-08-01,25,50,Reported
39,2026-08-01,26,50,Reported
39,2026-08-01,27,2,Reported
39,2026-09-01,1,,No report submitted
39,2026-09-01,2,,No report submitted
39,2026-09-01,3,,No report submitted
39,2026-09-01,4,,No report submitted
39,2026-09-01,5,,No report submitted
39,2026-09-01,6,,No report submitted
39,2026-09-01,7,,No report submitted
39,2026-09-01,8,,No report submitted
39,2026-09-01,9,,No report submitted
39,2026-09-01,10,,No report submitted
39,2026-09-01,11,,No report submitted
39,2026-09-01,12,,No report submitted
39,2026-09-01,13,,No report submitted
39,2026-09-01,14,,No report submitted
39,2026-09-01,15,,No report submitted
39,2026-09-01,16,,No report submitted
39,2026-09-01,17,,No report submitted
39,2026-09-01,18,,No report submitted
39,2026-09-01,19,,No report submitted
39,2026-09-01,20,,No report submitted
39,2026-09-01,21,,No report submitted
39,2026-09-01,22,,No report submitted
39,2026-09-01,23,,No report submitted
39,2026-09-01,24,,No report submitted
39,2026-09-01,25,,No report submitted
39,2026-09-01,26,,No report submitted
39,2026-09-01,27,,No report submitted
40,2026-01-01,1,121,Reported
40,2026-01-01,2,38,Reported
40,2026-01-01,3,6,Reported
40,2026-01-01,4,3,Reported
40,2026-01-01,5,0,Reported zero
40,2026-01-01,6,0,Reported zero
40,2026-01-01,7,3,Reported
40,2026-01-01,8,3,Reported
40,2026-01-01,9,0,Reported zero
40,2026-01-01,10,0,Reported zero
40,2026-01-01,11,68,Reported
40,2026-01-01,12,19,Reported
40,2026-01-01,13,0,Reported zero
40,2026-01-01,14,0,Reported zero
40,2026-01-01,15,,Not captured on form
40,2026-01-01,16,,Not captured on form
40,2026-01-01,17,,Not captured on form
40,2026-01-01,18,,Not captured on form
40,2026-01-01,19,,Not captured on form
40,2026-01-01,20,,Not captured on form
40,2026-01-01,21,4,Reported
40,2026-01-01,22,2,Reported
40,2026-01-01,23,2,Reported
40,2026-01-01,24,20,Reported
40,2026-01-01,25,16,Reported
40,2026-01-01,26,16,Reported
40,2026-01-01,27,1,Reported
40,2026-02-01,1,142,Reported
40,2026-02-01,2,41,Reported
40,2026-02-01,3,5,Reported
40,2026-02-01,4,2,Reported
40,2026-02-01,5,0,Reported zero
40,2026-02-01,6,0,Reported zero
40,2026-02-01,7,2,Reported
40,2026-02-01,8,3,Reported
40,2026-02-01,9,0,Reported zero
40,2026-02-01,10,0,Reported zero
40,2026-02-01,11,79,Reported
40,2026-02-01,12,22,Reported
40,2026-02-01,13,87,Reported
40,2026-02-01,14,0,Reported zero
40,2026-02-01,15,,Not captured on form
40,2026-02-01,16,,Not captured on form
40,2026-02-01,17,,Not captured on form
40,2026-02-01,18,,Not captured on form
40,2026-02-01,19,,Not captured on form
40,2026-02-01,20,,Not captured on form
40,2026-02-01,21,6,Reported
40,2026-02-01,22,4,Reported
40,2026-02-01,23,4,Reported
40,2026-02-01,24,23,Reported
40,2026-02-01,25,19,Reported
40,2026-02-01,26,19,Reported
40,2026-02-01,27,1,Reported
40,2026-03-01,1,125,Reported
40,2026-03-01,2,27,Reported
40,2026-03-01,3,4,Reported
40,2026-03-01,4,2,Reported
40,2026-03-01,5,0,Reported zero
40,2026-03-01,6,0,Reported zero
40,2026-03-01,7,2,Reported
40,2026-03-01,8,2,Reported
40,2026-03-01,9,0,Reported zero
40,2026-03-01,10,0,Reported zero
40,2026-03-01,11,69,Reported
40,2026-03-01,12,14,Reported
40,2026-03-01,13,0,Reported zero
40,2026-03-01,14,0,Reported zero
40,2026-03-01,15,,Not captured on form
40,2026-03-01,16,,Not captured on form
40,2026-03-01,17,,Not captured on form
40,2026-03-01,18,,Not captured on form
40,2026-03-01,19,,Not captured on form
40,2026-03-01,20,,Not captured on form
40,2026-03-01,21,3,Reported
40,2026-03-01,22,3,Reported
40,2026-03-01,23,3,Reported
40,2026-03-01,24,22,Reported
40,2026-03-01,25,17,Reported
40,2026-03-01,26,17,Reported
40,2026-03-01,27,1,Reported
40,2026-04-01,1,128,Reported
40,2026-04-01,2,26,Reported
40,2026-04-01,3,5,Reported
40,2026-04-01,4,3,Reported
40,2026-04-01,5,0,Reported zero
40,2026-04-01,6,0,Reported zero
40,2026-04-01,7,3,Reported
40,2026-04-01,8,2,Reported
40,2026-04-01,9,0,Reported zero
40,2026-04-01,10,0,Reported zero
40,2026-04-01,11,82,Reported
40,2026-04-01,12,17,Reported
40,2026-04-01,13,0,Reported zero
40,2026-04-01,14,0,Reported zero
40,2026-04-01,15,,Not captured on form
40,2026-04-01,16,,Not captured on form
40,2026-04-01,17,,Not captured on form
40,2026-04-01,18,,Not captured on form
40,2026-04-01,19,,Not captured on form
40,2026-04-01,20,,Not captured on form
40,2026-04-01,21,3,Reported
40,2026-04-01,22,1,Reported
40,2026-04-01,23,1,Reported
40,2026-04-01,24,17,Reported
40,2026-04-01,25,11,Reported
40,2026-04-01,26,11,Reported
40,2026-04-01,27,1,Reported
40,2026-05-01,1,134,Reported
40,2026-05-01,2,34,Reported
40,2026-05-01,3,6,Reported
40,2026-05-01,4,3,Reported
40,2026-05-01,5,0,Reported zero
40,2026-05-01,6,0,Reported zero
40,2026-05-01,7,3,Reported
40,2026-05-01,8,3,Reported
40,2026-05-01,9,0,Reported zero
40,2026-05-01,10,0,Reported zero
40,2026-05-01,11,88,Reported
40,2026-05-01,12,16,Reported
40,2026-05-01,13,89,Reported
40,2026-05-01,14,0,Reported zero
40,2026-05-01,15,,Not captured on form
40,2026-05-01,16,,Not captured on form
40,2026-05-01,17,,Not captured on form
40,2026-05-01,18,,Not captured on form
40,2026-05-01,19,,Not captured on form
40,2026-05-01,20,,Not captured on form
40,2026-05-01,21,4,Reported
40,2026-05-01,22,3,Reported
40,2026-05-01,23,3,Reported
40,2026-05-01,24,27,Reported
40,2026-05-01,25,20,Reported
40,2026-05-01,26,20,Reported
40,2026-05-01,27,1,Reported
40,2026-06-01,1,128,Reported
40,2026-06-01,2,31,Reported
40,2026-06-01,3,5,Reported
40,2026-06-01,4,2,Reported
40,2026-06-01,5,0,Reported zero
40,2026-06-01,6,0,Reported zero
40,2026-06-01,7,2,Reported
40,2026-06-01,8,3,Reported
40,2026-06-01,9,0,Reported zero
40,2026-06-01,10,0,Reported zero
40,2026-06-01,11,173,Reported
40,2026-06-01,12,21,Reported
40,2026-06-01,13,0,Reported zero
40,2026-06-01,14,0,Reported zero
40,2026-06-01,15,0,Reported zero
40,2026-06-01,16,0,Reported zero
40,2026-06-01,17,0,Reported zero
40,2026-06-01,18,0,Reported zero
40,2026-06-01,19,0,Reported zero
40,2026-06-01,20,0,Reported zero
40,2026-06-01,21,6,Reported
40,2026-06-01,22,5,Reported
40,2026-06-01,23,5,Reported
40,2026-06-01,24,16,Reported
40,2026-06-01,25,15,Reported
40,2026-06-01,26,15,Reported
40,2026-06-01,27,8,Reported
40,2026-07-01,1,161,Reported
40,2026-07-01,2,34,Reported
40,2026-07-01,3,4,Reported
40,2026-07-01,4,2,Reported
40,2026-07-01,5,0,Reported zero
40,2026-07-01,6,0,Reported zero
40,2026-07-01,7,2,Reported
40,2026-07-01,8,2,Reported
40,2026-07-01,9,0,Reported zero
40,2026-07-01,10,0,Reported zero
40,2026-07-01,11,111,Reported
40,2026-07-01,12,23,Reported
40,2026-07-01,13,107,Reported
40,2026-07-01,14,0,Reported zero
40,2026-07-01,15,0,Reported zero
40,2026-07-01,16,0,Reported zero
40,2026-07-01,17,0,Reported zero
40,2026-07-01,18,0,Reported zero
40,2026-07-01,19,0,Reported zero
40,2026-07-01,20,0,Reported zero
40,2026-07-01,21,8,Reported
40,2026-07-01,22,5,Reported
40,2026-07-01,23,5,Reported
40,2026-07-01,24,20,Reported
40,2026-07-01,25,16,Reported
40,2026-07-01,26,16,Reported
40,2026-07-01,27,1,Reported
40,2026-08-01,1,148,Reported
40,2026-08-01,2,25,Reported
40,2026-08-01,3,5,Reported
40,2026-08-01,4,3,Reported
40,2026-08-01,5,0,Reported zero
40,2026-08-01,6,0,Reported zero
40,2026-08-01,7,3,Reported
40,2026-08-01,8,2,Reported
40,2026-08-01,9,0,Reported zero
40,2026-08-01,10,0,Reported zero
40,2026-08-01,11,97,Reported
40,2026-08-01,12,19,Reported
40,2026-08-01,13,5,Reported
40,2026-08-01,14,5,Reported
40,2026-08-01,15,0,Reported zero
40,2026-08-01,16,0,Reported zero
40,2026-08-01,17,0,Reported zero
40,2026-08-01,18,5,Reported
40,2026-08-01,19,0,Reported zero
40,2026-08-01,20,0,Reported zero
40,2026-08-01,21,6,Reported
40,2026-08-01,22,4,Reported
40,2026-08-01,23,4,Reported
40,2026-08-01,24,15,Reported
40,2026-08-01,25,10,Reported
40,2026-08-01,26,10,Reported
40,2026-08-01,27,4,Reported
40,2026-09-01,1,135,Reported
40,2026-09-01,2,32,Reported
40,2026-09-01,3,5,Reported
40,2026-09-01,4,2,Reported
40,2026-09-01,5,0,Reported zero
40,2026-09-01,6,0,Reported zero
40,2026-09-01,7,2,Reported
40,2026-09-01,8,3,Reported
40,2026-09-01,9,0,Reported zero
40,2026-09-01,10,0,Reported zero
40,2026-09-01,11,83,Reported
40,2026-09-01,12,15,Reported
40,2026-09-01,13,73,Reported
40,2026-09-01,14,6,Reported
40,2026-09-01,15,0,Reported zero
40,2026-09-01,16,0,Reported zero
40,2026-09-01,17,0,Reported zero
40,2026-09-01,18,6,Reported
40,2026-09-01,19,0,Reported zero
40,2026-09-01,20,0,Reported zero
40,2026-09-01,21,5,Reported
40,2026-09-01,22,3,Reported
40,2026-09-01,23,3,Reported
40,2026-09-01,24,12,Reported
40,2026-09-01,25,11,Reported
40,2026-09-01,26,11,Reported
40,2026-09-01,27,2,Reported
41,2026-01-01,1,1303,Reported
41,2026-01-01,2,240,Reported
41,2026-01-01,3,179,Reported
41,2026-01-01,4,32,Reported
41,2026-01-01,5,38,Reported
41,2026-01-01,6,44,Reported
41,2026-01-01,7,53,Reported
41,2026-01-01,8,93,Reported
41,2026-01-01,9,13,Reported
41,2026-01-01,10,32,Reported
41,2026-01-01,11,96,Reported
41,2026-01-01,12,22,Reported
41,2026-01-01,13,80,Reported
41,2026-01-01,14,47,Reported
41,2026-01-01,15,,Not captured on form
41,2026-01-01,16,,Not captured on form
41,2026-01-01,17,,Not captured on form
41,2026-01-01,18,,Not captured on form
41,2026-01-01,19,,Not captured on form
41,2026-01-01,20,,Not captured on form
41,2026-01-01,21,82,Reported
41,2026-01-01,22,61,Reported
41,2026-01-01,23,61,Reported
41,2026-01-01,24,124,Reported
41,2026-01-01,25,98,Reported
41,2026-01-01,26,98,Reported
41,2026-01-01,27,4,Reported
41,2026-02-01,1,1100,Reported
41,2026-02-01,2,374,Reported
41,2026-02-01,3,158,Reported
41,2026-02-01,4,45,Reported
41,2026-02-01,5,28,Reported
41,2026-02-01,6,20,Reported
41,2026-02-01,7,43,Reported
41,2026-02-01,8,70,Reported
41,2026-02-01,9,18,Reported
41,2026-02-01,10,41,Reported
41,2026-02-01,11,108,Reported
41,2026-02-01,12,14,Reported
41,2026-02-01,13,60,Reported
41,2026-02-01,14,60,Reported
41,2026-02-01,15,,Not captured on form
41,2026-02-01,16,,Not captured on form
41,2026-02-01,17,,Not captured on form
41,2026-02-01,18,,Not captured on form
41,2026-02-01,19,,Not captured on form
41,2026-02-01,20,,Not captured on form
41,2026-02-01,21,84,Reported
41,2026-02-01,22,57,Reported
41,2026-02-01,23,57,Reported
41,2026-02-01,24,189,Reported
41,2026-02-01,25,110,Reported
41,2026-02-01,26,110,Reported
41,2026-02-01,27,2,Reported
41,2026-03-01,1,1018,Reported
41,2026-03-01,2,318,Reported
41,2026-03-01,3,111,Reported
41,2026-03-01,4,18,Reported
41,2026-03-01,5,23,Reported
41,2026-03-01,6,8,Reported
41,2026-03-01,7,22,Reported
41,2026-03-01,8,74,Reported
41,2026-03-01,9,5,Reported
41,2026-03-01,10,40,Reported
41,2026-03-01,11,73,Reported
41,2026-03-01,12,15,Reported
41,2026-03-01,13,44,Reported
41,2026-03-01,14,44,Reported
41,2026-03-01,15,,Not captured on form
41,2026-03-01,16,,Not captured on form
41,2026-03-01,17,,Not captured on form
41,2026-03-01,18,,Not captured on form
41,2026-03-01,19,,Not captured on form
41,2026-03-01,20,,Not captured on form
41,2026-03-01,21,79,Reported
41,2026-03-01,22,59,Reported
41,2026-03-01,23,59,Reported
41,2026-03-01,24,180,Reported
41,2026-03-01,25,110,Reported
41,2026-03-01,26,110,Reported
41,2026-03-01,27,15,Reported
41,2026-04-01,1,1184,Reported
41,2026-04-01,2,332,Reported
41,2026-04-01,3,132,Reported
41,2026-04-01,4,37,Reported
41,2026-04-01,5,24,Reported
41,2026-04-01,6,3,Reported
41,2026-04-01,7,20,Reported
41,2026-04-01,8,29,Reported
41,2026-04-01,9,3,Reported
41,2026-04-01,10,40,Reported
41,2026-04-01,11,104,Reported
41,2026-04-01,12,22,Reported
41,2026-04-01,13,40,Reported
41,2026-04-01,14,5,Reported
41,2026-04-01,15,,Not captured on form
41,2026-04-01,16,,Not captured on form
41,2026-04-01,17,,Not captured on form
41,2026-04-01,18,,Not captured on form
41,2026-04-01,19,,Not captured on form
41,2026-04-01,20,,Not captured on form
41,2026-04-01,21,96,Reported
41,2026-04-01,22,74,Reported
41,2026-04-01,23,74,Reported
41,2026-04-01,24,187,Reported
41,2026-04-01,25,168,Reported
41,2026-04-01,26,168,Reported
41,2026-04-01,27,15,Reported
41,2026-05-01,1,1180,Reported
41,2026-05-01,2,380,Reported
41,2026-05-01,3,100,Reported
41,2026-05-01,4,34,Reported
41,2026-05-01,5,22,Reported
41,2026-05-01,6,6,Reported
41,2026-05-01,7,32,Reported
41,2026-05-01,8,53,Reported
41,2026-05-01,9,4,Reported
41,2026-05-01,10,45,Reported
41,2026-05-01,11,93,Reported
41,2026-05-01,12,4,Reported
41,2026-05-01,13,100,Reported
41,2026-05-01,14,100,Reported
41,2026-05-01,15,,Not captured on form
41,2026-05-01,16,,Not captured on form
41,2026-05-01,17,,Not captured on form
41,2026-05-01,18,,Not captured on form
41,2026-05-01,19,,Not captured on form
41,2026-05-01,20,,Not captured on form
41,2026-05-01,21,70,Reported
41,2026-05-01,22,75,Reported
41,2026-05-01,23,75,Reported
41,2026-05-01,24,177,Reported
41,2026-05-01,25,172,Reported
41,2026-05-01,26,172,Reported
41,2026-05-01,27,15,Reported
41,2026-06-01,1,1160,Reported
41,2026-06-01,2,395,Reported
41,2026-06-01,3,143,Reported
41,2026-06-01,4,66,Reported
41,2026-06-01,5,18,Reported
41,2026-06-01,6,14,Reported
41,2026-06-01,7,70,Reported
41,2026-06-01,8,43,Reported
41,2026-06-01,9,6,Reported
41,2026-06-01,10,143,Reported
41,2026-06-01,11,84,Reported
41,2026-06-01,12,12,Reported
41,2026-06-01,13,79,Reported
41,2026-06-01,14,35,Reported
41,2026-06-01,15,15,Reported
41,2026-06-01,16,45,Reported
41,2026-06-01,17,0,Reported zero
41,2026-06-01,18,64,Reported
41,2026-06-01,19,4,Reported
41,2026-06-01,20,0,Reported zero
41,2026-06-01,21,156,Reported
41,2026-06-01,22,146,Reported
41,2026-06-01,23,146,Reported
41,2026-06-01,24,172,Reported
41,2026-06-01,25,169,Reported
41,2026-06-01,26,169,Reported
41,2026-06-01,27,15,Reported
41,2026-07-01,1,1204,Reported
41,2026-07-01,2,405,Reported
41,2026-07-01,3,220,Reported
41,2026-07-01,4,104,Reported
41,2026-07-01,5,27,Reported
41,2026-07-01,6,13,Reported
41,2026-07-01,7,102,Reported
41,2026-07-01,8,82,Reported
41,2026-07-01,9,13,Reported
41,2026-07-01,10,55,Reported
41,2026-07-01,11,95,Reported
41,2026-07-01,12,14,Reported
41,2026-07-01,13,220,Reported
41,2026-07-01,14,70,Reported
41,2026-07-01,15,70,Reported
41,2026-07-01,16,0,Reported zero
41,2026-07-01,17,5,Reported
41,2026-07-01,18,52,Reported
41,2026-07-01,19,5,Reported
41,2026-07-01,20,1,Reported
41,2026-07-01,21,260,Reported
41,2026-07-01,22,254,Reported
41,2026-07-01,23,254,Reported
41,2026-07-01,24,130,Reported
41,2026-07-01,25,126,Reported
41,2026-07-01,26,126,Reported
41,2026-07-01,27,8,Reported
41,2026-08-01,1,1242,Reported
41,2026-08-01,2,478,Reported
41,2026-08-01,3,140,Reported
41,2026-08-01,4,32,Reported
41,2026-08-01,5,27,Reported
41,2026-08-01,6,11,Reported
41,2026-08-01,7,33,Reported
41,2026-08-01,8,65,Reported
41,2026-08-01,9,17,Reported
41,2026-08-01,10,50,Reported
41,2026-08-01,11,43,Reported
41,2026-08-01,12,4,Reported
41,2026-08-01,13,91,Reported
41,2026-08-01,14,30,Reported
41,2026-08-01,15,2,Reported
41,2026-08-01,16,0,Reported zero
41,2026-08-01,17,4,Reported
41,2026-08-01,18,23,Reported
41,2026-08-01,19,10,Reported
41,2026-08-01,20,30,Reported
41,2026-08-01,21,229,Reported
41,2026-08-01,22,201,Reported
41,2026-08-01,23,201,Reported
41,2026-08-01,24,201,Reported
41,2026-08-01,25,192,Reported
41,2026-08-01,26,192,Reported
41,2026-08-01,27,6,Reported
41,2026-09-01,1,1284,Reported
41,2026-09-01,2,441,Reported
41,2026-09-01,3,160,Reported
41,2026-09-01,4,40,Reported
41,2026-09-01,5,21,Reported
41,2026-09-01,6,16,Reported
41,2026-09-01,7,45,Reported
41,2026-09-01,8,89,Reported
41,2026-09-01,9,15,Reported
41,2026-09-01,10,30,Reported
41,2026-09-01,11,47,Reported
41,2026-09-01,12,12,Reported
41,2026-09-01,13,53,Reported
41,2026-09-01,14,25,Reported
41,2026-09-01,15,0,Reported zero
41,2026-09-01,16,0,Reported zero
41,2026-09-01,17,8,Reported
41,2026-09-01,18,53,Reported
41,2026-09-01,19,6,Reported
41,2026-09-01,20,0,Reported zero
41,2026-09-01,21,123,Reported
41,2026-09-01,22,110,Reported
41,2026-09-01,23,110,Reported
41,2026-09-01,24,223,Reported
41,2026-09-01,25,219,Reported
41,2026-09-01,26,219,Reported
41,2026-09-01,27,6,Reported
42,2026-01-01,1,1622,Reported
42,2026-01-01,2,1171,Reported
42,2026-01-01,3,123,Reported
42,2026-01-01,4,29,Reported
42,2026-01-01,5,25,Reported
42,2026-01-01,6,0,Reported zero
42,2026-01-01,7,29,Reported
42,2026-01-01,8,29,Reported
42,2026-01-01,9,30,Reported
42,2026-01-01,10,111,Reported
42,2026-01-01,11,129,Reported
42,2026-01-01,12,22,Reported
42,2026-01-01,13,94,Reported
42,2026-01-01,14,44,Reported
42,2026-01-01,15,,Not captured on form
42,2026-01-01,16,,Not captured on form
42,2026-01-01,17,,Not captured on form
42,2026-01-01,18,,Not captured on form
42,2026-01-01,19,,Not captured on form
42,2026-01-01,20,,Not captured on form
42,2026-01-01,21,378,Reported
42,2026-01-01,22,273,Reported
42,2026-01-01,23,273,Reported
42,2026-01-01,24,239,Reported
42,2026-01-01,25,152,Reported
42,2026-01-01,26,152,Reported
42,2026-01-01,27,4,Reported
42,2026-02-01,1,1001,Reported
42,2026-02-01,2,802,Reported
42,2026-02-01,3,82,Reported
42,2026-02-01,4,22,Reported
42,2026-02-01,5,28,Reported
42,2026-02-01,6,0,Reported zero
42,2026-02-01,7,22,Reported
42,2026-02-01,8,16,Reported
42,2026-02-01,9,16,Reported
42,2026-02-01,10,110,Reported
42,2026-02-01,11,120,Reported
42,2026-02-01,12,20,Reported
42,2026-02-01,13,89,Reported
42,2026-02-01,14,6,Reported
42,2026-02-01,15,,Not captured on form
42,2026-02-01,16,,Not captured on form
42,2026-02-01,17,,Not captured on form
42,2026-02-01,18,,Not captured on form
42,2026-02-01,19,,Not captured on form
42,2026-02-01,20,,Not captured on form
42,2026-02-01,21,223,Reported
42,2026-02-01,22,192,Reported
42,2026-02-01,23,192,Reported
42,2026-02-01,24,232,Reported
42,2026-02-01,25,201,Reported
42,2026-02-01,26,201,Reported
42,2026-02-01,27,5,Reported
42,2026-03-01,1,1003,Reported
42,2026-03-01,2,779,Reported
42,2026-03-01,3,93,Reported
42,2026-03-01,4,34,Reported
42,2026-03-01,5,22,Reported
42,2026-03-01,6,34,Reported
42,2026-03-01,7,34,Reported
42,2026-03-01,8,22,Reported
42,2026-03-01,9,22,Reported
42,2026-03-01,10,103,Reported
42,2026-03-01,11,125,Reported
42,2026-03-01,12,24,Reported
42,2026-03-01,13,8,Reported
42,2026-03-01,14,33,Reported
42,2026-03-01,15,,Not captured on form
42,2026-03-01,16,,Not captured on form
42,2026-03-01,17,,Not captured on form
42,2026-03-01,18,,Not captured on form
42,2026-03-01,19,,Not captured on form
42,2026-03-01,20,,Not captured on form
42,2026-03-01,21,334,Reported
42,2026-03-01,22,236,Reported
42,2026-03-01,23,236,Reported
42,2026-03-01,24,277,Reported
42,2026-03-01,25,169,Reported
42,2026-03-01,26,169,Reported
42,2026-03-01,27,4,Reported
42,2026-04-01,1,1376,Reported
42,2026-04-01,2,826,Reported
42,2026-04-01,3,103,Reported
42,2026-04-01,4,26,Reported
42,2026-04-01,5,26,Reported
42,2026-04-01,6,0,Reported zero
42,2026-04-01,7,26,Reported
42,2026-04-01,8,26,Reported
42,2026-04-01,9,25,Reported
42,2026-04-01,10,134,Reported
42,2026-04-01,11,136,Reported
42,2026-04-01,12,19,Reported
42,2026-04-01,13,42,Reported
42,2026-04-01,14,21,Reported
42,2026-04-01,15,,Not captured on form
42,2026-04-01,16,,Not captured on form
42,2026-04-01,17,,Not captured on form
42,2026-04-01,18,,Not captured on form
42,2026-04-01,19,,Not captured on form
42,2026-04-01,20,,Not captured on form
42,2026-04-01,21,198,Reported
42,2026-04-01,22,133,Reported
42,2026-04-01,23,133,Reported
42,2026-04-01,24,237,Reported
42,2026-04-01,25,207,Reported
42,2026-04-01,26,207,Reported
42,2026-04-01,27,4,Reported
42,2026-05-01,1,1441,Reported
42,2026-05-01,2,998,Reported
42,2026-05-01,3,100,Reported
42,2026-05-01,4,26,Reported
42,2026-05-01,5,24,Reported
42,2026-05-01,6,0,Reported zero
42,2026-05-01,7,26,Reported
42,2026-05-01,8,26,Reported
42,2026-05-01,9,24,Reported
42,2026-05-01,10,105,Reported
42,2026-05-01,11,147,Reported
42,2026-05-01,12,23,Reported
42,2026-05-01,13,123,Reported
42,2026-05-01,14,38,Reported
42,2026-05-01,15,,Not captured on form
42,2026-05-01,16,,Not captured on form
42,2026-05-01,17,,Not captured on form
42,2026-05-01,18,,Not captured on form
42,2026-05-01,19,,Not captured on form
42,2026-05-01,20,,Not captured on form
42,2026-05-01,21,221,Reported
42,2026-05-01,22,183,Reported
42,2026-05-01,23,183,Reported
42,2026-05-01,24,263,Reported
42,2026-05-01,25,232,Reported
42,2026-05-01,26,232,Reported
42,2026-05-01,27,14,Reported
42,2026-06-01,1,1526,Reported
42,2026-06-01,2,860,Reported
42,2026-06-01,3,101,Reported
42,2026-06-01,4,25,Reported
42,2026-06-01,5,26,Reported
42,2026-06-01,6,0,Reported zero
42,2026-06-01,7,25,Reported
42,2026-06-01,8,25,Reported
42,2026-06-01,9,25,Reported
42,2026-06-01,10,101,Reported
42,2026-06-01,11,468,Reported
42,2026-06-01,12,25,Reported
42,2026-06-01,13,125,Reported
42,2026-06-01,14,31,Reported
42,2026-06-01,15,1,Reported
42,2026-06-01,16,0,Reported zero
42,2026-06-01,17,4,Reported
42,2026-06-01,18,75,Reported
42,2026-06-01,19,27,Reported
42,2026-06-01,20,3,Reported
42,2026-06-01,21,199,Reported
42,2026-06-01,22,108,Reported
42,2026-06-01,23,108,Reported
42,2026-06-01,24,332,Reported
42,2026-06-01,25,325,Reported
42,2026-06-01,26,325,Reported
42,2026-06-01,27,9,Reported
42,2026-07-01,1,1394,Reported
42,2026-07-01,2,1019,Reported
42,2026-07-01,3,105,Reported
42,2026-07-01,4,26,Reported
42,2026-07-01,5,27,Reported
42,2026-07-01,6,0,Reported zero
42,2026-07-01,7,26,Reported
42,2026-07-01,8,26,Reported
42,2026-07-01,9,26,Reported
42,2026-07-01,10,100,Reported
42,2026-07-01,11,134,Reported
42,2026-07-01,12,24,Reported
42,2026-07-01,13,126,Reported
42,2026-07-01,14,13,Reported
42,2026-07-01,15,2,Reported
42,2026-07-01,16,0,Reported zero
42,2026-07-01,17,2,Reported
42,2026-07-01,18,44,Reported
42,2026-07-01,19,16,Reported
42,2026-07-01,20,24,Reported
42,2026-07-01,21,441,Reported
42,2026-07-01,22,392,Reported
42,2026-07-01,23,392,Reported
42,2026-07-01,24,236,Reported
42,2026-07-01,25,206,Reported
42,2026-07-01,26,206,Reported
42,2026-07-01,27,5,Reported
42,2026-08-01,1,1404,Reported
42,2026-08-01,2,1039,Reported
42,2026-08-01,3,120,Reported
42,2026-08-01,4,31,Reported
42,2026-08-01,5,30,Reported
42,2026-08-01,6,0,Reported zero
42,2026-08-01,7,31,Reported
42,2026-08-01,8,30,Reported
42,2026-08-01,9,29,Reported
42,2026-08-01,10,113,Reported
42,2026-08-01,11,132,Reported
42,2026-08-01,12,32,Reported
42,2026-08-01,13,102,Reported
42,2026-08-01,14,2,Reported
42,2026-08-01,15,44,Reported
42,2026-08-01,16,26,Reported
42,2026-08-01,17,2,Reported
42,2026-08-01,18,13,Reported
42,2026-08-01,19,13,Reported
42,2026-08-01,20,43,Reported
42,2026-08-01,21,232,Reported
42,2026-08-01,22,223,Reported
42,2026-08-01,23,223,Reported
42,2026-08-01,24,330,Reported
42,2026-08-01,25,309,Reported
42,2026-08-01,26,309,Reported
42,2026-08-01,27,8,Reported
42,2026-09-01,1,1470,Reported
42,2026-09-01,2,941,Reported
42,2026-09-01,3,109,Reported
42,2026-09-01,4,27,Reported
42,2026-09-01,5,28,Reported
42,2026-09-01,6,0,Reported zero
42,2026-09-01,7,27,Reported
42,2026-09-01,8,27,Reported
42,2026-09-01,9,27,Reported
42,2026-09-01,10,62,Reported
42,2026-09-01,11,123,Reported
42,2026-09-01,12,29,Reported
42,2026-09-01,13,109,Reported
42,2026-09-01,14,22,Reported
42,2026-09-01,15,124,Reported
42,2026-09-01,16,0,Reported zero
42,2026-09-01,17,3,Reported
42,2026-09-01,18,15,Reported
42,2026-09-01,19,19,Reported
42,2026-09-01,20,48,Reported
42,2026-09-01,21,183,Reported
42,2026-09-01,22,109,Reported
42,2026-09-01,23,109,Reported
42,2026-09-01,24,351,Reported
42,2026-09-01,25,288,Reported
42,2026-09-01,26,288,Reported
42,2026-09-01,27,5,Reported
43,2026-01-01,1,231,Reported
43,2026-01-01,2,66,Reported
43,2026-01-01,3,15,Reported
43,2026-01-01,4,6,Reported
43,2026-01-01,5,1,Reported
43,2026-01-01,6,1,Reported
43,2026-01-01,7,1,Reported
43,2026-01-01,8,0,Reported zero
43,2026-01-01,9,0,Reported zero
43,2026-01-01,10,2,Reported
43,2026-01-01,11,110,Reported
43,2026-01-01,12,14,Reported
43,2026-01-01,13,102,Reported
43,2026-01-01,14,32,Reported
43,2026-01-01,15,,Not captured on form
43,2026-01-01,16,,Not captured on form
43,2026-01-01,17,,Not captured on form
43,2026-01-01,18,,Not captured on form
43,2026-01-01,19,,Not captured on form
43,2026-01-01,20,,Not captured on form
43,2026-01-01,21,20,Reported
43,2026-01-01,22,18,Reported
43,2026-01-01,23,18,Reported
43,2026-01-01,24,44,Reported
43,2026-01-01,25,26,Reported
43,2026-01-01,26,26,Reported
43,2026-01-01,27,1,Reported
43,2026-02-01,1,183,Reported
43,2026-02-01,2,36,Reported
43,2026-02-01,3,15,Reported
43,2026-02-01,4,3,Reported
43,2026-02-01,5,0,Reported zero
43,2026-02-01,6,1,Reported
43,2026-02-01,7,0,Reported zero
43,2026-02-01,8,0,Reported zero
43,2026-02-01,9,0,Reported zero
43,2026-02-01,10,2,Reported
43,2026-02-01,11,90,Reported
43,2026-02-01,12,0,Reported zero
43,2026-02-01,13,135,Reported
43,2026-02-01,14,19,Reported
43,2026-02-01,15,,Not captured on form
43,2026-02-01,16,,Not captured on form
43,2026-02-01,17,,Not captured on form
43,2026-02-01,18,,Not captured on form
43,2026-02-01,19,,Not captured on form
43,2026-02-01,20,,Not captured on form
43,2026-02-01,21,14,Reported
43,2026-02-01,22,11,Reported
43,2026-02-01,23,11,Reported
43,2026-02-01,24,36,Reported
43,2026-02-01,25,15,Reported
43,2026-02-01,26,15,Reported
43,2026-02-01,27,3,Reported
43,2026-03-01,1,530,Reported
43,2026-03-01,2,57,Reported
43,2026-03-01,3,13,Reported
43,2026-03-01,4,3,Reported
43,2026-03-01,5,0,Reported zero
43,2026-03-01,6,0,Reported zero
43,2026-03-01,7,0,Reported zero
43,2026-03-01,8,0,Reported zero
43,2026-03-01,9,0,Reported zero
43,2026-03-01,10,2,Reported
43,2026-03-01,11,135,Reported
43,2026-03-01,12,10,Reported
43,2026-03-01,13,170,Reported
43,2026-03-01,14,15,Reported
43,2026-03-01,15,,Not captured on form
43,2026-03-01,16,,Not captured on form
43,2026-03-01,17,,Not captured on form
43,2026-03-01,18,,Not captured on form
43,2026-03-01,19,,Not captured on form
43,2026-03-01,20,,Not captured on form
43,2026-03-01,21,13,Reported
43,2026-03-01,22,12,Reported
43,2026-03-01,23,12,Reported
43,2026-03-01,24,44,Reported
43,2026-03-01,25,31,Reported
43,2026-03-01,26,31,Reported
43,2026-03-01,27,1,Reported
43,2026-04-01,1,207,Reported
43,2026-04-01,2,45,Reported
43,2026-04-01,3,12,Reported
43,2026-04-01,4,2,Reported
43,2026-04-01,5,4,Reported
43,2026-04-01,6,1,Reported
43,2026-04-01,7,4,Reported
43,2026-04-01,8,1,Reported
43,2026-04-01,9,0,Reported zero
43,2026-04-01,10,4,Reported
43,2026-04-01,11,121,Reported
43,2026-04-01,12,13,Reported
43,2026-04-01,13,206,Reported
43,2026-04-01,14,17,Reported
43,2026-04-01,15,,Not captured on form
43,2026-04-01,16,,Not captured on form
43,2026-04-01,17,,Not captured on form
43,2026-04-01,18,,Not captured on form
43,2026-04-01,19,,Not captured on form
43,2026-04-01,20,,Not captured on form
43,2026-04-01,21,11,Reported
43,2026-04-01,22,10,Reported
43,2026-04-01,23,10,Reported
43,2026-04-01,24,30,Reported
43,2026-04-01,25,23,Reported
43,2026-04-01,26,23,Reported
43,2026-04-01,27,3,Reported
43,2026-05-01,1,184,Reported
43,2026-05-01,2,58,Reported
43,2026-05-01,3,16,Reported
43,2026-05-01,4,4,Reported
43,2026-05-01,5,3,Reported
43,2026-05-01,6,0,Reported zero
43,2026-05-01,7,2,Reported
43,2026-05-01,8,2,Reported
43,2026-05-01,9,0,Reported zero
43,2026-05-01,10,1,Reported
43,2026-05-01,11,85,Reported
43,2026-05-01,12,7,Reported
43,2026-05-01,13,194,Reported
43,2026-05-01,14,22,Reported
43,2026-05-01,15,,Not captured on form
43,2026-05-01,16,,Not captured on form
43,2026-05-01,17,,Not captured on form
43,2026-05-01,18,,Not captured on form
43,2026-05-01,19,,Not captured on form
43,2026-05-01,20,,Not captured on form
43,2026-05-01,21,21,Reported
43,2026-05-01,22,17,Reported
43,2026-05-01,23,17,Reported
43,2026-05-01,24,37,Reported
43,2026-05-01,25,27,Reported
43,2026-05-01,26,27,Reported
43,2026-05-01,27,1,Reported
43,2026-06-01,1,170,Reported
43,2026-06-01,2,63,Reported
43,2026-06-01,3,14,Reported
43,2026-06-01,4,4,Reported
43,2026-06-01,5,1,Reported
43,2026-06-01,6,0,Reported zero
43,2026-06-01,7,0,Reported zero
43,2026-06-01,8,0,Reported zero
43,2026-06-01,9,0,Reported zero
43,2026-06-01,10,2,Reported
43,2026-06-01,11,96,Reported
43,2026-06-01,12,4,Reported
43,2026-06-01,13,150,Reported
43,2026-06-01,14,18,Reported
43,2026-06-01,15,6,Reported
43,2026-06-01,16,0,Reported zero
43,2026-06-01,17,0,Reported zero
43,2026-06-01,18,10,Reported
43,2026-06-01,19,8,Reported
43,2026-06-01,20,0,Reported zero
43,2026-06-01,21,13,Reported
43,2026-06-01,22,12,Reported
43,2026-06-01,23,12,Reported
43,2026-06-01,24,50,Reported
43,2026-06-01,25,35,Reported
43,2026-06-01,26,35,Reported
43,2026-06-01,27,5,Reported
43,2026-07-01,1,217,Reported
43,2026-07-01,2,62,Reported
43,2026-07-01,3,10,Reported
43,2026-07-01,4,2,Reported
43,2026-07-01,5,1,Reported
43,2026-07-01,6,0,Reported zero
43,2026-07-01,7,0,Reported zero
43,2026-07-01,8,0,Reported zero
43,2026-07-01,9,0,Reported zero
43,2026-07-01,10,1,Reported
43,2026-07-01,11,86,Reported
43,2026-07-01,12,11,Reported
43,2026-07-01,13,149,Reported
43,2026-07-01,14,20,Reported
43,2026-07-01,15,10,Reported
43,2026-07-01,16,0,Reported zero
43,2026-07-01,17,1,Reported
43,2026-07-01,18,9,Reported
43,2026-07-01,19,8,Reported
43,2026-07-01,20,0,Reported zero
43,2026-07-01,21,17,Reported
43,2026-07-01,22,10,Reported
43,2026-07-01,23,10,Reported
43,2026-07-01,24,45,Reported
43,2026-07-01,25,30,Reported
43,2026-07-01,26,30,Reported
43,2026-07-01,27,1,Reported
43,2026-08-01,1,143,Reported
43,2026-08-01,2,55,Reported
43,2026-08-01,3,12,Reported
43,2026-08-01,4,6,Reported
43,2026-08-01,5,2,Reported
43,2026-08-01,6,0,Reported zero
43,2026-08-01,7,1,Reported
43,2026-08-01,8,0,Reported zero
43,2026-08-01,9,0,Reported zero
43,2026-08-01,10,2,Reported
43,2026-08-01,11,113,Reported
43,2026-08-01,12,27,Reported
43,2026-08-01,13,73,Reported
43,2026-08-01,14,18,Reported
43,2026-08-01,15,18,Reported
43,2026-08-01,16,0,Reported zero
43,2026-08-01,17,0,Reported zero
43,2026-08-01,18,6,Reported
43,2026-08-01,19,7,Reported
43,2026-08-01,20,2,Reported
43,2026-08-01,21,13,Reported
43,2026-08-01,22,10,Reported
43,2026-08-01,23,10,Reported
43,2026-08-01,24,42,Reported
43,2026-08-01,25,22,Reported
43,2026-08-01,26,22,Reported
43,2026-08-01,27,4,Reported
43,2026-09-01,1,255,Reported
43,2026-09-01,2,69,Reported
43,2026-09-01,3,11,Reported
43,2026-09-01,4,5,Reported
43,2026-09-01,5,1,Reported
43,2026-09-01,6,0,Reported zero
43,2026-09-01,7,1,Reported
43,2026-09-01,8,0,Reported zero
43,2026-09-01,9,0,Reported zero
43,2026-09-01,10,2,Reported
43,2026-09-01,11,113,Reported
43,2026-09-01,12,19,Reported
43,2026-09-01,13,106,Reported
43,2026-09-01,14,37,Reported
43,2026-09-01,15,20,Reported
43,2026-09-01,16,0,Reported zero
43,2026-09-01,17,0,Reported zero
43,2026-09-01,18,10,Reported
43,2026-09-01,19,7,Reported
43,2026-09-01,20,0,Reported zero
43,2026-09-01,21,15,Reported
43,2026-09-01,22,14,Reported
43,2026-09-01,23,15,Reported
43,2026-09-01,24,55,Reported
43,2026-09-01,25,52,Reported
43,2026-09-01,26,52,Reported
43,2026-09-01,27,4,Reported
44,2026-01-01,1,599,Reported
44,2026-01-01,2,253,Reported
44,2026-01-01,3,74,Reported
44,2026-01-01,4,28,Reported
44,2026-01-01,5,22,Reported
44,2026-01-01,6,6,Reported
44,2026-01-01,7,35,Reported
44,2026-01-01,8,17,Reported
44,2026-01-01,9,21,Reported
44,2026-01-01,10,36,Reported
44,2026-01-01,11,202,Reported
44,2026-01-01,12,32,Reported
44,2026-01-01,13,210,Reported
44,2026-01-01,14,29,Reported
44,2026-01-01,15,,Not captured on form
44,2026-01-01,16,,Not captured on form
44,2026-01-01,17,,Not captured on form
44,2026-01-01,18,,Not captured on form
44,2026-01-01,19,,Not captured on form
44,2026-01-01,20,,Not captured on form
44,2026-01-01,21,169,Reported
44,2026-01-01,22,136,Reported
44,2026-01-01,23,136,Reported
44,2026-01-01,24,82,Reported
44,2026-01-01,25,64,Reported
44,2026-01-01,26,64,Reported
44,2026-01-01,27,4,Reported
44,2026-02-01,1,617,Reported
44,2026-02-01,2,255,Reported
44,2026-02-01,3,79,Reported
44,2026-02-01,4,31,Reported
44,2026-02-01,5,36,Reported
44,2026-02-01,6,4,Reported
44,2026-02-01,7,30,Reported
44,2026-02-01,8,11,Reported
44,2026-02-01,9,33,Reported
44,2026-02-01,10,41,Reported
44,2026-02-01,11,261,Reported
44,2026-02-01,12,40,Reported
44,2026-02-01,13,202,Reported
44,2026-02-01,14,42,Reported
44,2026-02-01,15,,Not captured on form
44,2026-02-01,16,,Not captured on form
44,2026-02-01,17,,Not captured on form
44,2026-02-01,18,,Not captured on form
44,2026-02-01,19,,Not captured on form
44,2026-02-01,20,,Not captured on form
44,2026-02-01,21,184,Reported
44,2026-02-01,22,148,Reported
44,2026-02-01,23,148,Reported
44,2026-02-01,24,98,Reported
44,2026-02-01,25,56,Reported
44,2026-02-01,26,56,Reported
44,2026-02-01,27,4,Reported
44,2026-03-01,1,780,Reported
44,2026-03-01,2,251,Reported
44,2026-03-01,3,91,Reported
44,2026-03-01,4,33,Reported
44,2026-03-01,5,41,Reported
44,2026-03-01,6,6,Reported
44,2026-03-01,7,33,Reported
44,2026-03-01,8,13,Reported
44,2026-03-01,9,43,Reported
44,2026-03-01,10,58,Reported
44,2026-03-01,11,241,Reported
44,2026-03-01,12,40,Reported
44,2026-03-01,13,93,Reported
44,2026-03-01,14,7,Reported
44,2026-03-01,15,,Not captured on form
44,2026-03-01,16,,Not captured on form
44,2026-03-01,17,,Not captured on form
44,2026-03-01,18,,Not captured on form
44,2026-03-01,19,,Not captured on form
44,2026-03-01,20,,Not captured on form
44,2026-03-01,21,166,Reported
44,2026-03-01,22,141,Reported
44,2026-03-01,23,141,Reported
44,2026-03-01,24,98,Reported
44,2026-03-01,25,53,Reported
44,2026-03-01,26,53,Reported
44,2026-03-01,27,4,Reported
44,2026-04-01,1,589,Reported
44,2026-04-01,2,220,Reported
44,2026-04-01,3,96,Reported
44,2026-04-01,4,27,Reported
44,2026-04-01,5,36,Reported
44,2026-04-01,6,7,Reported
44,2026-04-01,7,27,Reported
44,2026-04-01,8,21,Reported
44,2026-04-01,9,41,Reported
44,2026-04-01,10,41,Reported
44,2026-04-01,11,240,Reported
44,2026-04-01,12,40,Reported
44,2026-04-01,13,310,Reported
44,2026-04-01,14,51,Reported
44,2026-04-01,15,,Not captured on form
44,2026-04-01,16,,Not captured on form
44,2026-04-01,17,,Not captured on form
44,2026-04-01,18,,Not captured on form
44,2026-04-01,19,,Not captured on form
44,2026-04-01,20,,Not captured on form
44,2026-04-01,21,125,Reported
44,2026-04-01,22,109,Reported
44,2026-04-01,23,109,Reported
44,2026-04-01,24,62,Reported
44,2026-04-01,25,53,Reported
44,2026-04-01,26,53,Reported
44,2026-04-01,27,4,Reported
44,2026-05-01,1,563,Reported
44,2026-05-01,2,202,Reported
44,2026-05-01,3,86,Reported
44,2026-05-01,4,27,Reported
44,2026-05-01,5,31,Reported
44,2026-05-01,6,17,Reported
44,2026-05-01,7,27,Reported
44,2026-05-01,8,21,Reported
44,2026-05-01,9,32,Reported
44,2026-05-01,10,40,Reported
44,2026-05-01,11,225,Reported
44,2026-05-01,12,40,Reported
44,2026-05-01,13,135,Reported
44,2026-05-01,14,11,Reported
44,2026-05-01,15,,Not captured on form
44,2026-05-01,16,,Not captured on form
44,2026-05-01,17,,Not captured on form
44,2026-05-01,18,,Not captured on form
44,2026-05-01,19,,Not captured on form
44,2026-05-01,20,,Not captured on form
44,2026-05-01,21,163,Reported
44,2026-05-01,22,126,Reported
44,2026-05-01,23,126,Reported
44,2026-05-01,24,85,Reported
44,2026-05-01,25,53,Reported
44,2026-05-01,26,53,Reported
44,2026-05-01,27,4,Reported
44,2026-06-01,1,674,Reported
44,2026-06-01,2,241,Reported
44,2026-06-01,3,79,Reported
44,2026-06-01,4,21,Reported
44,2026-06-01,5,28,Reported
44,2026-06-01,6,7,Reported
44,2026-06-01,7,21,Reported
44,2026-06-01,8,19,Reported
44,2026-06-01,9,29,Reported
44,2026-06-01,10,41,Reported
44,2026-06-01,11,520,Reported
44,2026-06-01,12,46,Reported
44,2026-06-01,13,128,Reported
44,2026-06-01,14,9,Reported
44,2026-06-01,15,0,Reported zero
44,2026-06-01,16,0,Reported zero
44,2026-06-01,17,0,Reported zero
44,2026-06-01,18,7,Reported
44,2026-06-01,19,17,Reported
44,2026-06-01,20,0,Reported zero
44,2026-06-01,21,159,Reported
44,2026-06-01,22,139,Reported
44,2026-06-01,23,139,Reported
44,2026-06-01,24,72,Reported
44,2026-06-01,25,57,Reported
44,2026-06-01,26,57,Reported
44,2026-06-01,27,4,Reported
44,2026-07-01,1,648,Reported
44,2026-07-01,2,237,Reported
44,2026-07-01,3,81,Reported
44,2026-07-01,4,22,Reported
44,2026-07-01,5,23,Reported
44,2026-07-01,6,8,Reported
44,2026-07-01,7,22,Reported
44,2026-07-01,8,21,Reported
44,2026-07-01,9,31,Reported
44,2026-07-01,10,40,Reported
44,2026-07-01,11,230,Reported
44,2026-07-01,12,47,Reported
44,2026-07-01,13,81,Reported
44,2026-07-01,14,7,Reported
44,2026-07-01,15,0,Reported zero
44,2026-07-01,16,0,Reported zero
44,2026-07-01,17,2,Reported
44,2026-07-01,18,7,Reported
44,2026-07-01,19,15,Reported
44,2026-07-01,20,0,Reported zero
44,2026-07-01,21,156,Reported
44,2026-07-01,22,126,Reported
44,2026-07-01,23,126,Reported
44,2026-07-01,24,71,Reported
44,2026-07-01,25,48,Reported
44,2026-07-01,26,48,Reported
44,2026-07-01,27,4,Reported
44,2026-08-01,1,615,Reported
44,2026-08-01,2,167,Reported
44,2026-08-01,3,69,Reported
44,2026-08-01,4,19,Reported
44,2026-08-01,5,18,Reported
44,2026-08-01,6,7,Reported
44,2026-08-01,7,18,Reported
44,2026-08-01,8,22,Reported
44,2026-08-01,9,26,Reported
44,2026-08-01,10,37,Reported
44,2026-08-01,11,227,Reported
44,2026-08-01,12,44,Reported
44,2026-08-01,13,92,Reported
44,2026-08-01,14,13,Reported
44,2026-08-01,15,0,Reported zero
44,2026-08-01,16,0,Reported zero
44,2026-08-01,17,0,Reported zero
44,2026-08-01,18,9,Reported
44,2026-08-01,19,19,Reported
44,2026-08-01,20,0,Reported zero
44,2026-08-01,21,111,Reported
44,2026-08-01,22,92,Reported
44,2026-08-01,23,92,Reported
44,2026-08-01,24,58,Reported
44,2026-08-01,25,33,Reported
44,2026-08-01,26,33,Reported
44,2026-08-01,27,8,Reported
44,2026-09-01,1,529,Reported
44,2026-09-01,2,180,Reported
44,2026-09-01,3,58,Reported
44,2026-09-01,4,16,Reported
44,2026-09-01,5,18,Reported
44,2026-09-01,6,7,Reported
44,2026-09-01,7,16,Reported
44,2026-09-01,8,18,Reported
44,2026-09-01,9,22,Reported
44,2026-09-01,10,24,Reported
44,2026-09-01,11,219,Reported
44,2026-09-01,12,45,Reported
44,2026-09-01,13,58,Reported
44,2026-09-01,14,18,Reported
44,2026-09-01,15,0,Reported zero
44,2026-09-01,16,0,Reported zero
44,2026-09-01,17,2,Reported
44,2026-09-01,18,11,Reported
44,2026-09-01,19,14,Reported
44,2026-09-01,20,0,Reported zero
44,2026-09-01,21,98,Reported
44,2026-09-01,22,59,Reported
44,2026-09-01,23,59,Reported
44,2026-09-01,24,86,Reported
44,2026-09-01,25,59,Reported
44,2026-09-01,26,59,Reported
44,2026-09-01,27,4,Reported
45,2026-01-01,1,536,Reported
45,2026-01-01,2,90,Reported
45,2026-01-01,3,130,Reported
45,2026-01-01,4,17,Reported
45,2026-01-01,5,22,Reported
45,2026-01-01,6,0,Reported zero
45,2026-01-01,7,28,Reported
45,2026-01-01,8,33,Reported
45,2026-01-01,9,35,Reported
45,2026-01-01,10,22,Reported
45,2026-01-01,11,319,Reported
45,2026-01-01,12,41,Reported
45,2026-01-01,13,56,Reported
45,2026-01-01,14,56,Reported
45,2026-01-01,15,,Not captured on form
45,2026-01-01,16,,Not captured on form
45,2026-01-01,17,,Not captured on form
45,2026-01-01,18,,Not captured on form
45,2026-01-01,19,,Not captured on form
45,2026-01-01,20,,Not captured on form
45,2026-01-01,21,2,Reported
45,2026-01-01,22,1,Reported
45,2026-01-01,23,17,Reported
45,2026-01-01,24,21,Reported
45,2026-01-01,25,15,Reported
45,2026-01-01,26,15,Reported
45,2026-01-01,27,3,Reported
45,2026-02-01,1,782,Reported
45,2026-02-01,2,82,Reported
45,2026-02-01,3,120,Reported
45,2026-02-01,4,17,Reported
45,2026-02-01,5,21,Reported
45,2026-02-01,6,2,Reported
45,2026-02-01,7,14,Reported
45,2026-02-01,8,32,Reported
45,2026-02-01,9,50,Reported
45,2026-02-01,10,28,Reported
45,2026-02-01,11,364,Reported
45,2026-02-01,12,52,Reported
45,2026-02-01,13,49,Reported
45,2026-02-01,14,49,Reported
45,2026-02-01,15,,Not captured on form
45,2026-02-01,16,,Not captured on form
45,2026-02-01,17,,Not captured on form
45,2026-02-01,18,,Not captured on form
45,2026-02-01,19,,Not captured on form
45,2026-02-01,20,,Not captured on form
45,2026-02-01,21,4,Reported
45,2026-02-01,22,3,Reported
45,2026-02-01,23,3,Reported
45,2026-02-01,24,8,Reported
45,2026-02-01,25,4,Reported
45,2026-02-01,26,4,Reported
45,2026-02-01,27,2,Reported
45,2026-03-01,1,700,Reported
45,2026-03-01,2,89,Reported
45,2026-03-01,3,113,Reported
45,2026-03-01,4,14,Reported
45,2026-03-01,5,18,Reported
45,2026-03-01,6,0,Reported zero
45,2026-03-01,7,37,Reported
45,2026-03-01,8,32,Reported
45,2026-03-01,9,20,Reported
45,2026-03-01,10,23,Reported
45,2026-03-01,11,313,Reported
45,2026-03-01,12,43,Reported
45,2026-03-01,13,45,Reported
45,2026-03-01,14,45,Reported
45,2026-03-01,15,,Not captured on form
45,2026-03-01,16,,Not captured on form
45,2026-03-01,17,,Not captured on form
45,2026-03-01,18,,Not captured on form
45,2026-03-01,19,,Not captured on form
45,2026-03-01,20,,Not captured on form
45,2026-03-01,21,4,Reported
45,2026-03-01,22,2,Reported
45,2026-03-01,23,2,Reported
45,2026-03-01,24,17,Reported
45,2026-03-01,25,14,Reported
45,2026-03-01,26,14,Reported
45,2026-03-01,27,2,Reported
45,2026-04-01,1,651,Reported
45,2026-04-01,2,66,Reported
45,2026-04-01,3,115,Reported
45,2026-04-01,4,12,Reported
45,2026-04-01,5,22,Reported
45,2026-04-01,6,0,Reported zero
45,2026-04-01,7,28,Reported
45,2026-04-01,8,27,Reported
45,2026-04-01,9,21,Reported
45,2026-04-01,10,21,Reported
45,2026-04-01,11,438,Reported
45,2026-04-01,12,53,Reported
45,2026-04-01,13,123,Reported
45,2026-04-01,14,123,Reported
45,2026-04-01,15,,Not captured on form
45,2026-04-01,16,,Not captured on form
45,2026-04-01,17,,Not captured on form
45,2026-04-01,18,,Not captured on form
45,2026-04-01,19,,Not captured on form
45,2026-04-01,20,,Not captured on form
45,2026-04-01,21,3,Reported
45,2026-04-01,22,1,Reported
45,2026-04-01,23,1,Reported
45,2026-04-01,24,12,Reported
45,2026-04-01,25,11,Reported
45,2026-04-01,26,11,Reported
45,2026-04-01,27,2,Reported
45,2026-05-01,1,531,Reported
45,2026-05-01,2,38,Reported
45,2026-05-01,3,102,Reported
45,2026-05-01,4,10,Reported
45,2026-05-01,5,21,Reported
45,2026-05-01,6,0,Reported zero
45,2026-05-01,7,28,Reported
45,2026-05-01,8,25,Reported
45,2026-05-01,9,20,Reported
45,2026-05-01,10,20,Reported
45,2026-05-01,11,324,Reported
45,2026-05-01,12,44,Reported
45,2026-05-01,13,119,Reported
45,2026-05-01,14,95,Reported
45,2026-05-01,15,,Not captured on form
45,2026-05-01,16,,Not captured on form
45,2026-05-01,17,,Not captured on form
45,2026-05-01,18,,Not captured on form
45,2026-05-01,19,,Not captured on form
45,2026-05-01,20,,Not captured on form
45,2026-05-01,21,4,Reported
45,2026-05-01,22,3,Reported
45,2026-05-01,23,3,Reported
45,2026-05-01,24,15,Reported
45,2026-05-01,25,12,Reported
45,2026-05-01,26,12,Reported
45,2026-05-01,27,0,Reported zero
45,2026-06-01,1,611,Reported
45,2026-06-01,2,51,Reported
45,2026-06-01,3,93,Reported
45,2026-06-01,4,14,Reported
45,2026-06-01,5,19,Reported
45,2026-06-01,6,2,Reported
45,2026-06-01,7,28,Reported
45,2026-06-01,8,18,Reported
45,2026-06-01,9,27,Reported
45,2026-06-01,10,23,Reported
45,2026-06-01,11,637,Reported
45,2026-06-01,12,56,Reported
45,2026-06-01,13,77,Reported
45,2026-06-01,14,53,Reported
45,2026-06-01,15,10,Reported
45,2026-06-01,16,0,Reported zero
45,2026-06-01,17,1,Reported
45,2026-06-01,18,2,Reported
45,2026-06-01,19,13,Reported
45,2026-06-01,20,4,Reported
45,2026-06-01,21,6,Reported
45,2026-06-01,22,5,Reported
45,2026-06-01,23,5,Reported
45,2026-06-01,24,13,Reported
45,2026-06-01,25,10,Reported
45,2026-06-01,26,10,Reported
45,2026-06-01,27,5,Reported
45,2026-07-01,1,541,Reported
45,2026-07-01,2,58,Reported
45,2026-07-01,3,110,Reported
45,2026-07-01,4,11,Reported
45,2026-07-01,5,16,Reported
45,2026-07-01,6,0,Reported zero
45,2026-07-01,7,26,Reported
45,2026-07-01,8,22,Reported
45,2026-07-01,9,31,Reported
45,2026-07-01,10,24,Reported
45,2026-07-01,11,313,Reported
45,2026-07-01,12,49,Reported
45,2026-07-01,13,116,Reported
45,2026-07-01,14,96,Reported
45,2026-07-01,15,144,Reported
45,2026-07-01,16,0,Reported zero
45,2026-07-01,17,1,Reported
45,2026-07-01,18,3,Reported
45,2026-07-01,19,33,Reported
45,2026-07-01,20,4,Reported
45,2026-07-01,21,5,Reported
45,2026-07-01,22,4,Reported
45,2026-07-01,23,4,Reported
45,2026-07-01,24,13,Reported
45,2026-07-01,25,11,Reported
45,2026-07-01,26,11,Reported
45,2026-07-01,27,2,Reported
45,2026-08-01,1,502,Reported
45,2026-08-01,2,52,Reported
45,2026-08-01,3,96,Reported
45,2026-08-01,4,11,Reported
45,2026-08-01,5,14,Reported
45,2026-08-01,6,3,Reported
45,2026-08-01,7,28,Reported
45,2026-08-01,8,22,Reported
45,2026-08-01,9,19,Reported
45,2026-08-01,10,22,Reported
45,2026-08-01,11,341,Reported
45,2026-08-01,12,44,Reported
45,2026-08-01,13,54,Reported
45,2026-08-01,14,13,Reported
45,2026-08-01,15,300,Reported
45,2026-08-01,16,0,Reported zero
45,2026-08-01,17,15,Reported
45,2026-08-01,18,8,Reported
45,2026-08-01,19,15,Reported
45,2026-08-01,20,5,Reported
45,2026-08-01,21,7,Reported
45,2026-08-01,22,6,Reported
45,2026-08-01,23,6,Reported
45,2026-08-01,24,19,Reported
45,2026-08-01,25,18,Reported
45,2026-08-01,26,18,Reported
45,2026-08-01,27,5,Reported
45,2026-09-01,1,522,Reported
45,2026-09-01,2,51,Reported
45,2026-09-01,3,121,Reported
45,2026-09-01,4,33,Reported
45,2026-09-01,5,21,Reported
45,2026-09-01,6,5,Reported
45,2026-09-01,7,32,Reported
45,2026-09-01,8,28,Reported
45,2026-09-01,9,17,Reported
45,2026-09-01,10,21,Reported
45,2026-09-01,11,246,Reported
45,2026-09-01,12,42,Reported
45,2026-09-01,13,63,Reported
45,2026-09-01,14,15,Reported
45,2026-09-01,15,0,Reported zero
45,2026-09-01,16,0,Reported zero
45,2026-09-01,17,24,Reported
45,2026-09-01,18,9,Reported
45,2026-09-01,19,17,Reported
45,2026-09-01,20,5,Reported
45,2026-09-01,21,4,Reported
45,2026-09-01,22,2,Reported
45,2026-09-01,23,2,Reported
45,2026-09-01,24,24,Reported
45,2026-09-01,25,15,Reported
45,2026-09-01,26,15,Reported
45,2026-09-01,27,1,Reported
46,2026-01-01,1,732,Reported
46,2026-01-01,2,109,Reported
46,2026-01-01,3,34,Reported
46,2026-01-01,4,20,Reported
46,2026-01-01,5,12,Reported
46,2026-01-01,6,12,Reported
46,2026-01-01,7,7,Reported
46,2026-01-01,8,5,Reported
46,2026-01-01,9,2,Reported
46,2026-01-01,10,22,Reported
46,2026-01-01,11,14,Reported
46,2026-01-01,12,12,Reported
46,2026-01-01,13,4,Reported
46,2026-01-01,14,4,Reported
46,2026-01-01,15,,Not captured on form
46,2026-01-01,16,,Not captured on form
46,2026-01-01,17,,Not captured on form
46,2026-01-01,18,,Not captured on form
46,2026-01-01,19,,Not captured on form
46,2026-01-01,20,,Not captured on form
46,2026-01-01,21,77,Reported
46,2026-01-01,22,70,Reported
46,2026-01-01,23,70,Reported
46,2026-01-01,24,154,Reported
46,2026-01-01,25,148,Reported
46,2026-01-01,26,148,Reported
46,2026-01-01,27,1,Reported
46,2026-02-01,1,1002,Reported
46,2026-02-01,2,908,Reported
46,2026-02-01,3,55,Reported
46,2026-02-01,4,23,Reported
46,2026-02-01,5,17,Reported
46,2026-02-01,6,15,Reported
46,2026-02-01,7,33,Reported
46,2026-02-01,8,14,Reported
46,2026-02-01,9,16,Reported
46,2026-02-01,10,29,Reported
46,2026-02-01,11,115,Reported
46,2026-02-01,12,20,Reported
46,2026-02-01,13,10,Reported
46,2026-02-01,14,6,Reported
46,2026-02-01,15,,Not captured on form
46,2026-02-01,16,,Not captured on form
46,2026-02-01,17,,Not captured on form
46,2026-02-01,18,,Not captured on form
46,2026-02-01,19,,Not captured on form
46,2026-02-01,20,,Not captured on form
46,2026-02-01,21,89,Reported
46,2026-02-01,22,49,Reported
46,2026-02-01,23,49,Reported
46,2026-02-01,24,71,Reported
46,2026-02-01,25,38,Reported
46,2026-02-01,26,38,Reported
46,2026-02-01,27,1,Reported
46,2026-03-01,1,1013,Reported
46,2026-03-01,2,924,Reported
46,2026-03-01,3,34,Reported
46,2026-03-01,4,11,Reported
46,2026-03-01,5,10,Reported
46,2026-03-01,6,13,Reported
46,2026-03-01,7,11,Reported
46,2026-03-01,8,11,Reported
46,2026-03-01,9,11,Reported
46,2026-03-01,10,22,Reported
46,2026-03-01,11,177,Reported
46,2026-03-01,12,39,Reported
46,2026-03-01,13,39,Reported
46,2026-03-01,14,29,Reported
46,2026-03-01,15,,Not captured on form
46,2026-03-01,16,,Not captured on form
46,2026-03-01,17,,Not captured on form
46,2026-03-01,18,,Not captured on form
46,2026-03-01,19,,Not captured on form
46,2026-03-01,20,,Not captured on form
46,2026-03-01,21,289,Reported
46,2026-03-01,22,49,Reported
46,2026-03-01,23,49,Reported
46,2026-03-01,24,168,Reported
46,2026-03-01,25,71,Reported
46,2026-03-01,26,71,Reported
46,2026-03-01,27,2,Reported
46,2026-04-01,1,1220,Reported
46,2026-04-01,2,467,Reported
46,2026-04-01,3,116,Reported
46,2026-04-01,4,30,Reported
46,2026-04-01,5,40,Reported
46,2026-04-01,6,46,Reported
46,2026-04-01,7,30,Reported
46,2026-04-01,8,20,Reported
46,2026-04-01,9,25,Reported
46,2026-04-01,10,27,Reported
46,2026-04-01,11,209,Reported
46,2026-04-01,12,33,Reported
46,2026-04-01,13,35,Reported
46,2026-04-01,14,26,Reported
46,2026-04-01,15,,Not captured on form
46,2026-04-01,16,,Not captured on form
46,2026-04-01,17,,Not captured on form
46,2026-04-01,18,,Not captured on form
46,2026-04-01,19,,Not captured on form
46,2026-04-01,20,,Not captured on form
46,2026-04-01,21,220,Reported
46,2026-04-01,22,180,Reported
46,2026-04-01,23,180,Reported
46,2026-04-01,24,165,Reported
46,2026-04-01,25,105,Reported
46,2026-04-01,26,105,Reported
46,2026-04-01,27,2,Reported
46,2026-05-01,1,1997,Reported
46,2026-05-01,2,391,Reported
46,2026-05-01,3,31,Reported
46,2026-05-01,4,17,Reported
46,2026-05-01,5,9,Reported
46,2026-05-01,6,5,Reported
46,2026-05-01,7,17,Reported
46,2026-05-01,8,11,Reported
46,2026-05-01,9,6,Reported
46,2026-05-01,10,12,Reported
46,2026-05-01,11,37,Reported
46,2026-05-01,12,16,Reported
46,2026-05-01,13,5,Reported
46,2026-05-01,14,3,Reported
46,2026-05-01,15,,Not captured on form
46,2026-05-01,16,,Not captured on form
46,2026-05-01,17,,Not captured on form
46,2026-05-01,18,,Not captured on form
46,2026-05-01,19,,Not captured on form
46,2026-05-01,20,,Not captured on form
46,2026-05-01,21,178,Reported
46,2026-05-01,22,137,Reported
46,2026-05-01,23,137,Reported
46,2026-05-01,24,269,Reported
46,2026-05-01,25,192,Reported
46,2026-05-01,26,192,Reported
46,2026-05-01,27,2,Reported
46,2026-06-01,1,1320,Reported
46,2026-06-01,2,1122,Reported
46,2026-06-01,3,100,Reported
46,2026-06-01,4,69,Reported
46,2026-06-01,5,16,Reported
46,2026-06-01,6,15,Reported
46,2026-06-01,7,69,Reported
46,2026-06-01,8,20,Reported
46,2026-06-01,9,15,Reported
46,2026-06-01,10,45,Reported
46,2026-06-01,11,246,Reported
46,2026-06-01,12,42,Reported
46,2026-06-01,13,34,Reported
46,2026-06-01,14,34,Reported
46,2026-06-01,15,0,Reported zero
46,2026-06-01,16,0,Reported zero
46,2026-06-01,17,15,Reported
46,2026-06-01,18,12,Reported
46,2026-06-01,19,7,Reported
46,2026-06-01,20,0,Reported zero
46,2026-06-01,21,68,Reported
46,2026-06-01,22,12,Reported
46,2026-06-01,23,12,Reported
46,2026-06-01,24,250,Reported
46,2026-06-01,25,170,Reported
46,2026-06-01,26,170,Reported
46,2026-06-01,27,2,Reported
46,2026-07-01,1,1290,Reported
46,2026-07-01,2,893,Reported
46,2026-07-01,3,63,Reported
46,2026-07-01,4,39,Reported
46,2026-07-01,5,17,Reported
46,2026-07-01,6,15,Reported
46,2026-07-01,7,63,Reported
46,2026-07-01,8,47,Reported
46,2026-07-01,9,19,Reported
46,2026-07-01,10,39,Reported
46,2026-07-01,11,105,Reported
46,2026-07-01,12,14,Reported
46,2026-07-01,13,14,Reported
46,2026-07-01,14,3,Reported
46,2026-07-01,15,0,Reported zero
46,2026-07-01,16,0,Reported zero
46,2026-07-01,17,0,Reported zero
46,2026-07-01,18,3,Reported
46,2026-07-01,19,0,Reported zero
46,2026-07-01,20,0,Reported zero
46,2026-07-01,21,54,Reported
46,2026-07-01,22,29,Reported
46,2026-07-01,23,29,Reported
46,2026-07-01,24,285,Reported
46,2026-07-01,25,178,Reported
46,2026-07-01,26,178,Reported
46,2026-07-01,27,2,Reported
46,2026-08-01,1,1320,Reported
46,2026-08-01,2,1207,Reported
46,2026-08-01,3,81,Reported
46,2026-08-01,4,48,Reported
46,2026-08-01,5,21,Reported
46,2026-08-01,6,12,Reported
46,2026-08-01,7,81,Reported
46,2026-08-01,8,21,Reported
46,2026-08-01,9,12,Reported
46,2026-08-01,10,52,Reported
46,2026-08-01,11,182,Reported
46,2026-08-01,12,205,Reported
46,2026-08-01,13,33,Reported
46,2026-08-01,14,21,Reported
46,2026-08-01,15,0,Reported zero
46,2026-08-01,16,0,Reported zero
46,2026-08-01,17,8,Reported
46,2026-08-01,18,10,Reported
46,2026-08-01,19,3,Reported
46,2026-08-01,20,0,Reported zero
46,2026-08-01,21,127,Reported
46,2026-08-01,22,86,Reported
46,2026-08-01,23,86,Reported
46,2026-08-01,24,223,Reported
46,2026-08-01,25,127,Reported
46,2026-08-01,26,127,Reported
46,2026-08-01,27,0,Reported zero
46,2026-09-01,1,,No report submitted
46,2026-09-01,2,,No report submitted
46,2026-09-01,3,,No report submitted
46,2026-09-01,4,,No report submitted
46,2026-09-01,5,,No report submitted
46,2026-09-01,6,,No report submitted
46,2026-09-01,7,,No report submitted
46,2026-09-01,8,,No report submitted
46,2026-09-01,9,,No report submitted
46,2026-09-01,10,,No report submitted
46,2026-09-01,11,,No report submitted
46,2026-09-01,12,,No report submitted
46,2026-09-01,13,,No report submitted
46,2026-09-01,14,,No report submitted
46,2026-09-01,15,,No report submitted
46,2026-09-01,16,,No report submitted
46,2026-09-01,17,,No report submitted
46,2026-09-01,18,,No report submitted
46,2026-09-01,19,,No report submitted
46,2026-09-01,20,,No report submitted
46,2026-09-01,21,,No report submitted
46,2026-09-01,22,,No report submitted
46,2026-09-01,23,,No report submitted
46,2026-09-01,24,,No report submitted
46,2026-09-01,25,,No report submitted
46,2026-09-01,26,,No report submitted
46,2026-09-01,27,,No report submitted
47,2026-01-01,1,758,Reported
47,2026-01-01,2,220,Reported
47,2026-01-01,3,227,Reported
47,2026-01-01,4,49,Reported
47,2026-01-01,5,32,Reported
47,2026-01-01,6,4,Reported
47,2026-01-01,7,35,Reported
47,2026-01-01,8,28,Reported
47,2026-01-01,9,23,Reported
47,2026-01-01,10,18,Reported
47,2026-01-01,11,490,Reported
47,2026-01-01,12,748,Reported
47,2026-01-01,13,253,Reported
47,2026-01-01,14,108,Reported
47,2026-01-01,15,,Not captured on form
47,2026-01-01,16,,Not captured on form
47,2026-01-01,17,,Not captured on form
47,2026-01-01,18,,Not captured on form
47,2026-01-01,19,,Not captured on form
47,2026-01-01,20,,Not captured on form
47,2026-01-01,21,9,Reported
47,2026-01-01,22,9,Reported
47,2026-01-01,23,4,Reported
47,2026-01-01,24,69,Reported
47,2026-01-01,25,69,Reported
47,2026-01-01,26,42,Reported
47,2026-01-01,27,0,Reported zero
47,2026-02-01,1,816,Reported
47,2026-02-01,2,307,Reported
47,2026-02-01,3,255,Reported
47,2026-02-01,4,28,Reported
47,2026-02-01,5,41,Reported
47,2026-02-01,6,14,Reported
47,2026-02-01,7,25,Reported
47,2026-02-01,8,26,Reported
47,2026-02-01,9,10,Reported
47,2026-02-01,10,14,Reported
47,2026-02-01,11,585,Reported
47,2026-02-01,12,115,Reported
47,2026-02-01,13,129,Reported
47,2026-02-01,14,46,Reported
47,2026-02-01,15,,Not captured on form
47,2026-02-01,16,,Not captured on form
47,2026-02-01,17,,Not captured on form
47,2026-02-01,18,,Not captured on form
47,2026-02-01,19,,Not captured on form
47,2026-02-01,20,,Not captured on form
47,2026-02-01,21,52,Reported
47,2026-02-01,22,34,Reported
47,2026-02-01,23,34,Reported
47,2026-02-01,24,85,Reported
47,2026-02-01,25,79,Reported
47,2026-02-01,26,79,Reported
47,2026-02-01,27,4,Reported
47,2026-03-01,1,908,Reported
47,2026-03-01,2,312,Reported
47,2026-03-01,3,204,Reported
47,2026-03-01,4,26,Reported
47,2026-03-01,5,28,Reported
47,2026-03-01,6,11,Reported
47,2026-03-01,7,27,Reported
47,2026-03-01,8,23,Reported
47,2026-03-01,9,15,Reported
47,2026-03-01,10,33,Reported
47,2026-03-01,11,698,Reported
47,2026-03-01,12,138,Reported
47,2026-03-01,13,114,Reported
47,2026-03-01,14,73,Reported
47,2026-03-01,15,,Not captured on form
47,2026-03-01,16,,Not captured on form
47,2026-03-01,17,,Not captured on form
47,2026-03-01,18,,Not captured on form
47,2026-03-01,19,,Not captured on form
47,2026-03-01,20,,Not captured on form
47,2026-03-01,21,35,Reported
47,2026-03-01,22,7,Reported
47,2026-03-01,23,7,Reported
47,2026-03-01,24,49,Reported
47,2026-03-01,25,28,Reported
47,2026-03-01,26,28,Reported
47,2026-03-01,27,4,Reported
47,2026-04-01,1,775,Reported
47,2026-04-01,2,273,Reported
47,2026-04-01,3,226,Reported
47,2026-04-01,4,26,Reported
47,2026-04-01,5,27,Reported
47,2026-04-01,6,16,Reported
47,2026-04-01,7,30,Reported
47,2026-04-01,8,17,Reported
47,2026-04-01,9,33,Reported
47,2026-04-01,10,26,Reported
47,2026-04-01,11,699,Reported
47,2026-04-01,12,94,Reported
47,2026-04-01,13,141,Reported
47,2026-04-01,14,84,Reported
47,2026-04-01,15,,Not captured on form
47,2026-04-01,16,,Not captured on form
47,2026-04-01,17,,Not captured on form
47,2026-04-01,18,,Not captured on form
47,2026-04-01,19,,Not captured on form
47,2026-04-01,20,,Not captured on form
47,2026-04-01,21,23,Reported
47,2026-04-01,22,1,Reported
47,2026-04-01,23,1,Reported
47,2026-04-01,24,77,Reported
47,2026-04-01,25,19,Reported
47,2026-04-01,26,19,Reported
47,2026-04-01,27,4,Reported
47,2026-05-01,1,733,Reported
47,2026-05-01,2,251,Reported
47,2026-05-01,3,218,Reported
47,2026-05-01,4,24,Reported
47,2026-05-01,5,29,Reported
47,2026-05-01,6,14,Reported
47,2026-05-01,7,14,Reported
47,2026-05-01,8,23,Reported
47,2026-05-01,9,20,Reported
47,2026-05-01,10,27,Reported
47,2026-05-01,11,622,Reported
47,2026-05-01,12,74,Reported
47,2026-05-01,13,148,Reported
47,2026-05-01,14,62,Reported
47,2026-05-01,15,,Not captured on form
47,2026-05-01,16,,Not captured on form
47,2026-05-01,17,,Not captured on form
47,2026-05-01,18,,Not captured on form
47,2026-05-01,19,,Not captured on form
47,2026-05-01,20,,Not captured on form
47,2026-05-01,21,32,Reported
47,2026-05-01,22,3,Reported
47,2026-05-01,23,3,Reported
47,2026-05-01,24,76,Reported
47,2026-05-01,25,4,Reported
47,2026-05-01,26,4,Reported
47,2026-05-01,27,4,Reported
47,2026-06-01,1,1052,Reported
47,2026-06-01,2,323,Reported
47,2026-06-01,3,176,Reported
47,2026-06-01,4,22,Reported
47,2026-06-01,5,22,Reported
47,2026-06-01,6,22,Reported
47,2026-06-01,7,16,Reported
47,2026-06-01,8,11,Reported
47,2026-06-01,9,20,Reported
47,2026-06-01,10,15,Reported
47,2026-06-01,11,971,Reported
47,2026-06-01,12,174,Reported
47,2026-06-01,13,240,Reported
47,2026-06-01,14,107,Reported
47,2026-06-01,15,168,Reported
47,2026-06-01,16,30,Reported
47,2026-06-01,17,50,Reported
47,2026-06-01,18,158,Reported
47,2026-06-01,19,158,Reported
47,2026-06-01,20,18,Reported
47,2026-06-01,21,33,Reported
47,2026-06-01,22,1,Reported
47,2026-06-01,23,1,Reported
47,2026-06-01,24,110,Reported
47,2026-06-01,25,29,Reported
47,2026-06-01,26,29,Reported
47,2026-06-01,27,4,Reported
47,2026-07-01,1,1224,Reported
47,2026-07-01,2,435,Reported
47,2026-07-01,3,171,Reported
47,2026-07-01,4,26,Reported
47,2026-07-01,5,20,Reported
47,2026-07-01,6,17,Reported
47,2026-07-01,7,18,Reported
47,2026-07-01,8,19,Reported
47,2026-07-01,9,18,Reported
47,2026-07-01,10,15,Reported
47,2026-07-01,11,827,Reported
47,2026-07-01,12,101,Reported
47,2026-07-01,13,269,Reported
47,2026-07-01,14,125,Reported
47,2026-07-01,15,674,Reported
47,2026-07-01,16,100,Reported
47,2026-07-01,17,37,Reported
47,2026-07-01,18,210,Reported
47,2026-07-01,19,17,Reported
47,2026-07-01,20,19,Reported
47,2026-07-01,21,69,Reported
47,2026-07-01,22,10,Reported
47,2026-07-01,23,10,Reported
47,2026-07-01,24,134,Reported
47,2026-07-01,25,47,Reported
47,2026-07-01,26,47,Reported
47,2026-07-01,27,4,Reported
47,2026-08-01,1,1241,Reported
47,2026-08-01,2,365,Reported
47,2026-08-01,3,143,Reported
47,2026-08-01,4,28,Reported
47,2026-08-01,5,29,Reported
47,2026-08-01,6,9,Reported
47,2026-08-01,7,15,Reported
47,2026-08-01,8,28,Reported
47,2026-08-01,9,15,Reported
47,2026-08-01,10,9,Reported
47,2026-08-01,11,626,Reported
47,2026-08-01,12,78,Reported
47,2026-08-01,13,261,Reported
47,2026-08-01,14,78,Reported
47,2026-08-01,15,2324,Reported
47,2026-08-01,16,4,Reported
47,2026-08-01,17,25,Reported
47,2026-08-01,18,208,Reported
47,2026-08-01,19,27,Reported
47,2026-08-01,20,10,Reported
47,2026-08-01,21,48,Reported
47,2026-08-01,22,9,Reported
47,2026-08-01,23,9,Reported
47,2026-08-01,24,124,Reported
47,2026-08-01,25,35,Reported
47,2026-08-01,26,35,Reported
47,2026-08-01,27,4,Reported
47,2026-09-01,1,1253,Reported
47,2026-09-01,2,377,Reported
47,2026-09-01,3,166,Reported
47,2026-09-01,4,21,Reported
47,2026-09-01,5,20,Reported
47,2026-09-01,6,10,Reported
47,2026-09-01,7,21,Reported
47,2026-09-01,8,30,Reported
47,2026-09-01,9,7,Reported
47,2026-09-01,10,11,Reported
47,2026-09-01,11,706,Reported
47,2026-09-01,12,96,Reported
47,2026-09-01,13,281,Reported
47,2026-09-01,14,129,Reported
47,2026-09-01,15,0,Reported zero
47,2026-09-01,16,0,Reported zero
47,2026-09-01,17,44,Reported
47,2026-09-01,18,241,Reported
47,2026-09-01,19,13,Reported
47,2026-09-01,20,3,Reported
47,2026-09-01,21,55,Reported
47,2026-09-01,22,6,Reported
47,2026-09-01,23,6,Reported
47,2026-09-01,24,122,Reported
47,2026-09-01,25,40,Reported
47,2026-09-01,26,40,Reported
47,2026-09-01,27,4,Reported
48,2026-01-01,1,176,Reported
48,2026-01-01,2,53,Reported
48,2026-01-01,3,33,Reported
48,2026-01-01,4,17,Reported
48,2026-01-01,5,10,Reported
48,2026-01-01,6,6,Reported
48,2026-01-01,7,17,Reported
48,2026-01-01,8,10,Reported
48,2026-01-01,9,6,Reported
48,2026-01-01,10,6,Reported
48,2026-01-01,11,121,Reported
48,2026-01-01,12,18,Reported
48,2026-01-01,13,10,Reported
48,2026-01-01,14,3,Reported
48,2026-01-01,15,,Not captured on form
48,2026-01-01,16,,Not captured on form
48,2026-01-01,17,,Not captured on form
48,2026-01-01,18,,Not captured on form
48,2026-01-01,19,,Not captured on form
48,2026-01-01,20,,Not captured on form
48,2026-01-01,21,14,Reported
48,2026-01-01,22,1,Reported
48,2026-01-01,23,1,Reported
48,2026-01-01,24,15,Reported
48,2026-01-01,25,3,Reported
48,2026-01-01,26,3,Reported
48,2026-01-01,27,3,Reported
48,2026-02-01,1,214,Reported
48,2026-02-01,2,46,Reported
48,2026-02-01,3,33,Reported
48,2026-02-01,4,10,Reported
48,2026-02-01,5,13,Reported
48,2026-02-01,6,10,Reported
48,2026-02-01,7,10,Reported
48,2026-02-01,8,13,Reported
48,2026-02-01,9,10,Reported
48,2026-02-01,10,6,Reported
48,2026-02-01,11,121,Reported
48,2026-02-01,12,8,Reported
48,2026-02-01,13,32,Reported
48,2026-02-01,14,2,Reported
48,2026-02-01,15,,Not captured on form
48,2026-02-01,16,,Not captured on form
48,2026-02-01,17,,Not captured on form
48,2026-02-01,18,,Not captured on form
48,2026-02-01,19,,Not captured on form
48,2026-02-01,20,,Not captured on form
48,2026-02-01,21,10,Reported
48,2026-02-01,22,2,Reported
48,2026-02-01,23,2,Reported
48,2026-02-01,24,14,Reported
48,2026-02-01,25,7,Reported
48,2026-02-01,26,7,Reported
48,2026-02-01,27,3,Reported
48,2026-03-01,1,134,Reported
48,2026-03-01,2,39,Reported
48,2026-03-01,3,30,Reported
48,2026-03-01,4,13,Reported
48,2026-03-01,5,8,Reported
48,2026-03-01,6,9,Reported
48,2026-03-01,7,13,Reported
48,2026-03-01,8,8,Reported
48,2026-03-01,9,9,Reported
48,2026-03-01,10,6,Reported
48,2026-03-01,11,84,Reported
48,2026-03-01,12,6,Reported
48,2026-03-01,13,15,Reported
48,2026-03-01,14,3,Reported
48,2026-03-01,15,,Not captured on form
48,2026-03-01,16,,Not captured on form
48,2026-03-01,17,,Not captured on form
48,2026-03-01,18,,Not captured on form
48,2026-03-01,19,,Not captured on form
48,2026-03-01,20,,Not captured on form
48,2026-03-01,21,15,Reported
48,2026-03-01,22,2,Reported
48,2026-03-01,23,2,Reported
48,2026-03-01,24,12,Reported
48,2026-03-01,25,4,Reported
48,2026-03-01,26,4,Reported
48,2026-03-01,27,1,Reported
48,2026-04-01,1,157,Reported
48,2026-04-01,2,34,Reported
48,2026-04-01,3,24,Reported
48,2026-04-01,4,8,Reported
48,2026-04-01,5,9,Reported
48,2026-04-01,6,7,Reported
48,2026-04-01,7,8,Reported
48,2026-04-01,8,9,Reported
48,2026-04-01,9,7,Reported
48,2026-04-01,10,6,Reported
48,2026-04-01,11,84,Reported
48,2026-04-01,12,9,Reported
48,2026-04-01,13,15,Reported
48,2026-04-01,14,1,Reported
48,2026-04-01,15,,Not captured on form
48,2026-04-01,16,,Not captured on form
48,2026-04-01,17,,Not captured on form
48,2026-04-01,18,,Not captured on form
48,2026-04-01,19,,Not captured on form
48,2026-04-01,20,,Not captured on form
48,2026-04-01,21,10,Reported
48,2026-04-01,22,2,Reported
48,2026-04-01,23,2,Reported
48,2026-04-01,24,23,Reported
48,2026-04-01,25,3,Reported
48,2026-04-01,26,3,Reported
48,2026-04-01,27,1,Reported
48,2026-05-01,1,138,Reported
48,2026-05-01,2,45,Reported
48,2026-05-01,3,30,Reported
48,2026-05-01,4,9,Reported
48,2026-05-01,5,4,Reported
48,2026-05-01,6,8,Reported
48,2026-05-01,7,4,Reported
48,2026-05-01,8,15,Reported
48,2026-05-01,9,11,Reported
48,2026-05-01,10,5,Reported
48,2026-05-01,11,84,Reported
48,2026-05-01,12,8,Reported
48,2026-05-01,13,10,Reported
48,2026-05-01,14,1,Reported
48,2026-05-01,15,,Not captured on form
48,2026-05-01,16,,Not captured on form
48,2026-05-01,17,,Not captured on form
48,2026-05-01,18,,Not captured on form
48,2026-05-01,19,,Not captured on form
48,2026-05-01,20,,Not captured on form
48,2026-05-01,21,19,Reported
48,2026-05-01,22,1,Reported
48,2026-05-01,23,1,Reported
48,2026-05-01,24,21,Reported
48,2026-05-01,25,8,Reported
48,2026-05-01,26,8,Reported
48,2026-05-01,27,1,Reported
48,2026-06-01,1,174,Reported
48,2026-06-01,2,57,Reported
48,2026-06-01,3,24,Reported
48,2026-06-01,4,10,Reported
48,2026-06-01,5,9,Reported
48,2026-06-01,6,5,Reported
48,2026-06-01,7,10,Reported
48,2026-06-01,8,9,Reported
48,2026-06-01,9,5,Reported
48,2026-06-01,10,4,Reported
48,2026-06-01,11,96,Reported
48,2026-06-01,12,5,Reported
48,2026-06-01,13,10,Reported
48,2026-06-01,14,1,Reported
48,2026-06-01,15,0,Reported zero
48,2026-06-01,16,0,Reported zero
48,2026-06-01,17,0,Reported zero
48,2026-06-01,18,1,Reported
48,2026-06-01,19,0,Reported zero
48,2026-06-01,20,0,Reported zero
48,2026-06-01,21,10,Reported
48,2026-06-01,22,1,Reported
48,2026-06-01,23,1,Reported
48,2026-06-01,24,20,Reported
48,2026-06-01,25,6,Reported
48,2026-06-01,26,6,Reported
48,2026-06-01,27,1,Reported
48,2026-07-01,1,130,Reported
48,2026-07-01,2,47,Reported
48,2026-07-01,3,24,Reported
48,2026-07-01,4,11,Reported
48,2026-07-01,5,7,Reported
48,2026-07-01,6,6,Reported
48,2026-07-01,7,11,Reported
48,2026-07-01,8,7,Reported
48,2026-07-01,9,6,Reported
48,2026-07-01,10,4,Reported
48,2026-07-01,11,84,Reported
48,2026-07-01,12,9,Reported
48,2026-07-01,13,7,Reported
48,2026-07-01,14,1,Reported
48,2026-07-01,15,0,Reported zero
48,2026-07-01,16,0,Reported zero
48,2026-07-01,17,0,Reported zero
48,2026-07-01,18,1,Reported
48,2026-07-01,19,0,Reported zero
48,2026-07-01,20,0,Reported zero
48,2026-07-01,21,10,Reported
48,2026-07-01,22,2,Reported
48,2026-07-01,23,2,Reported
48,2026-07-01,24,24,Reported
48,2026-07-01,25,7,Reported
48,2026-07-01,26,7,Reported
48,2026-07-01,27,1,Reported
48,2026-08-01,1,142,Reported
48,2026-08-01,2,42,Reported
48,2026-08-01,3,25,Reported
48,2026-08-01,4,6,Reported
48,2026-08-01,5,10,Reported
48,2026-08-01,6,8,Reported
48,2026-08-01,7,6,Reported
48,2026-08-01,8,10,Reported
48,2026-08-01,9,8,Reported
48,2026-08-01,10,4,Reported
48,2026-08-01,11,57,Reported
48,2026-08-01,12,9,Reported
48,2026-08-01,13,4,Reported
48,2026-08-01,14,0,Reported zero
48,2026-08-01,15,0,Reported zero
48,2026-08-01,16,0,Reported zero
48,2026-08-01,17,0,Reported zero
48,2026-08-01,18,0,Reported zero
48,2026-08-01,19,0,Reported zero
48,2026-08-01,20,0,Reported zero
48,2026-08-01,21,10,Reported
48,2026-08-01,22,2,Reported
48,2026-08-01,23,2,Reported
48,2026-08-01,24,19,Reported
48,2026-08-01,25,3,Reported
48,2026-08-01,26,3,Reported
48,2026-08-01,27,1,Reported
48,2026-09-01,1,,No report submitted
48,2026-09-01,2,,No report submitted
48,2026-09-01,3,,No report submitted
48,2026-09-01,4,,No report submitted
48,2026-09-01,5,,No report submitted
48,2026-09-01,6,,No report submitted
48,2026-09-01,7,,No report submitted
48,2026-09-01,8,,No report submitted
48,2026-09-01,9,,No report submitted
48,2026-09-01,10,,No report submitted
48,2026-09-01,11,,No report submitted
48,2026-09-01,12,,No report submitted
48,2026-09-01,13,,No report submitted
48,2026-09-01,14,,No report submitted
48,2026-09-01,15,,No report submitted
48,2026-09-01,16,,No report submitted
48,2026-09-01,17,,No report submitted
48,2026-09-01,18,,No report submitted
48,2026-09-01,19,,No report submitted
48,2026-09-01,20,,No report submitted
48,2026-09-01,21,,No report submitted
48,2026-09-01,22,,No report submitted
48,2026-09-01,23,,No report submitted
48,2026-09-01,24,,No report submitted
48,2026-09-01,25,,No report submitted
48,2026-09-01,26,,No report submitted
48,2026-09-01,27,,No report submitted
49,2026-01-01,1,163,Reported
49,2026-01-01,2,36,Reported
49,2026-01-01,3,33,Reported
49,2026-01-01,4,12,Reported
49,2026-01-01,5,6,Reported
49,2026-01-01,6,9,Reported
49,2026-01-01,7,12,Reported
49,2026-01-01,8,7,Reported
49,2026-01-01,9,5,Reported
49,2026-01-01,10,11,Reported
49,2026-01-01,11,96,Reported
49,2026-01-01,12,10,Reported
49,2026-01-01,13,36,Reported
49,2026-01-01,14,34,Reported
49,2026-01-01,15,,Not captured on form
49,2026-01-01,16,,Not captured on form
49,2026-01-01,17,,Not captured on form
49,2026-01-01,18,,Not captured on form
49,2026-01-01,19,,Not captured on form
49,2026-01-01,20,,Not captured on form
49,2026-01-01,21,12,Reported
49,2026-01-01,22,9,Reported
49,2026-01-01,23,9,Reported
49,2026-01-01,24,25,Reported
49,2026-01-01,25,24,Reported
49,2026-01-01,26,24,Reported
49,2026-01-01,27,3,Reported
49,2026-02-01,1,112,Reported
49,2026-02-01,2,17,Reported
49,2026-02-01,3,39,Reported
49,2026-02-01,4,15,Reported
49,2026-02-01,5,8,Reported
49,2026-02-01,6,6,Reported
49,2026-02-01,7,15,Reported
49,2026-02-01,8,5,Reported
49,2026-02-01,9,5,Reported
49,2026-02-01,10,15,Reported
49,2026-02-01,11,36,Reported
49,2026-02-01,12,6,Reported
49,2026-02-01,13,26,Reported
49,2026-02-01,14,22,Reported
49,2026-02-01,15,,Not captured on form
49,2026-02-01,16,,Not captured on form
49,2026-02-01,17,,Not captured on form
49,2026-02-01,18,,Not captured on form
49,2026-02-01,19,,Not captured on form
49,2026-02-01,20,,Not captured on form
49,2026-02-01,21,13,Reported
49,2026-02-01,22,12,Reported
49,2026-02-01,23,12,Reported
49,2026-02-01,24,4,Reported
49,2026-02-01,25,4,Reported
49,2026-02-01,26,4,Reported
49,2026-02-01,27,2,Reported
49,2026-03-01,1,109,Reported
49,2026-03-01,2,32,Reported
49,2026-03-01,3,24,Reported
49,2026-03-01,4,10,Reported
49,2026-03-01,5,2,Reported
49,2026-03-01,6,2,Reported
49,2026-03-01,7,10,Reported
49,2026-03-01,8,3,Reported
49,2026-03-01,9,7,Reported
49,2026-03-01,10,17,Reported
49,2026-03-01,11,32,Reported
49,2026-03-01,12,0,Reported zero
49,2026-03-01,13,30,Reported
49,2026-03-01,14,30,Reported
49,2026-03-01,15,,Not captured on form
49,2026-03-01,16,,Not captured on form
49,2026-03-01,17,,Not captured on form
49,2026-03-01,18,,Not captured on form
49,2026-03-01,19,,Not captured on form
49,2026-03-01,20,,Not captured on form
49,2026-03-01,21,4,Reported
49,2026-03-01,22,4,Reported
49,2026-03-01,23,4,Reported
49,2026-03-01,24,13,Reported
49,2026-03-01,25,12,Reported
49,2026-03-01,26,12,Reported
49,2026-03-01,27,0,Reported zero
49,2026-04-01,1,118,Reported
49,2026-04-01,2,21,Reported
49,2026-04-01,3,12,Reported
49,2026-04-01,4,8,Reported
49,2026-04-01,5,1,Reported
49,2026-04-01,6,1,Reported
49,2026-04-01,7,8,Reported
49,2026-04-01,8,2,Reported
49,2026-04-01,9,0,Reported zero
49,2026-04-01,10,13,Reported
49,2026-04-01,11,98,Reported
49,2026-04-01,12,12,Reported
49,2026-04-01,13,28,Reported
49,2026-04-01,14,19,Reported
49,2026-04-01,15,,Not captured on form
49,2026-04-01,16,,Not captured on form
49,2026-04-01,17,,Not captured on form
49,2026-04-01,18,,Not captured on form
49,2026-04-01,19,,Not captured on form
49,2026-04-01,20,,Not captured on form
49,2026-04-01,21,7,Reported
49,2026-04-01,22,7,Reported
49,2026-04-01,23,7,Reported
49,2026-04-01,24,12,Reported
49,2026-04-01,25,11,Reported
49,2026-04-01,26,11,Reported
49,2026-04-01,27,1,Reported
49,2026-05-01,1,98,Reported
49,2026-05-01,2,12,Reported
49,2026-05-01,3,15,Reported
49,2026-05-01,4,8,Reported
49,2026-05-01,5,0,Reported zero
49,2026-05-01,6,1,Reported
49,2026-05-01,7,8,Reported
49,2026-05-01,8,6,Reported
49,2026-05-01,9,3,Reported
49,2026-05-01,10,10,Reported
49,2026-05-01,11,90,Reported
49,2026-05-01,12,12,Reported
49,2026-05-01,13,22,Reported
49,2026-05-01,14,15,Reported
49,2026-05-01,15,,Not captured on form
49,2026-05-01,16,,Not captured on form
49,2026-05-01,17,,Not captured on form
49,2026-05-01,18,,Not captured on form
49,2026-05-01,19,,Not captured on form
49,2026-05-01,20,,Not captured on form
49,2026-05-01,21,5,Reported
49,2026-05-01,22,5,Reported
49,2026-05-01,23,5,Reported
49,2026-05-01,24,7,Reported
49,2026-05-01,25,7,Reported
49,2026-05-01,26,7,Reported
49,2026-05-01,27,2,Reported
49,2026-06-01,1,136,Reported
49,2026-06-01,2,33,Reported
49,2026-06-01,3,17,Reported
49,2026-06-01,4,9,Reported
49,2026-06-01,5,2,Reported
49,2026-06-01,6,2,Reported
49,2026-06-01,7,9,Reported
49,2026-06-01,8,3,Reported
49,2026-06-01,9,1,Reported
49,2026-06-01,10,14,Reported
49,2026-06-01,11,147,Reported
49,2026-06-01,12,18,Reported
49,2026-06-01,13,17,Reported
49,2026-06-01,14,17,Reported
49,2026-06-01,15,0,Reported zero
49,2026-06-01,16,0,Reported zero
49,2026-06-01,17,2,Reported
49,2026-06-01,18,9,Reported
49,2026-06-01,19,4,Reported
49,2026-06-01,20,0,Reported zero
49,2026-06-01,21,11,Reported
49,2026-06-01,22,5,Reported
49,2026-06-01,23,5,Reported
49,2026-06-01,24,22,Reported
49,2026-06-01,25,19,Reported
49,2026-06-01,26,19,Reported
49,2026-06-01,27,5,Reported
49,2026-07-01,1,110,Reported
49,2026-07-01,2,16,Reported
49,2026-07-01,3,18,Reported
49,2026-07-01,4,6,Reported
49,2026-07-01,5,4,Reported
49,2026-07-01,6,2,Reported
49,2026-07-01,7,6,Reported
49,2026-07-01,8,4,Reported
49,2026-07-01,9,2,Reported
49,2026-07-01,10,7,Reported
49,2026-07-01,11,74,Reported
49,2026-07-01,12,12,Reported
49,2026-07-01,13,12,Reported
49,2026-07-01,14,12,Reported
49,2026-07-01,15,5,Reported
49,2026-07-01,16,3,Reported
49,2026-07-01,17,2,Reported
49,2026-07-01,18,1,Reported
49,2026-07-01,19,1,Reported
49,2026-07-01,20,0,Reported zero
49,2026-07-01,21,9,Reported
49,2026-07-01,22,6,Reported
49,2026-07-01,23,6,Reported
49,2026-07-01,24,11,Reported
49,2026-07-01,25,9,Reported
49,2026-07-01,26,9,Reported
49,2026-07-01,27,0,Reported zero
49,2026-08-01,1,90,Reported
49,2026-08-01,2,12,Reported
49,2026-08-01,3,9,Reported
49,2026-08-01,4,2,Reported
49,2026-08-01,5,1,Reported
49,2026-08-01,6,4,Reported
49,2026-08-01,7,2,Reported
49,2026-08-01,8,1,Reported
49,2026-08-01,9,2,Reported
49,2026-08-01,10,0,Reported zero
49,2026-08-01,11,81,Reported
49,2026-08-01,12,8,Reported
49,2026-08-01,13,7,Reported
49,2026-08-01,14,7,Reported
49,2026-08-01,15,3,Reported
49,2026-08-01,16,0,Reported zero
49,2026-08-01,17,0,Reported zero
49,2026-08-01,18,2,Reported
49,2026-08-01,19,2,Reported
49,2026-08-01,20,0,Reported zero
49,2026-08-01,21,4,Reported
49,2026-08-01,22,2,Reported
49,2026-08-01,23,2,Reported
49,2026-08-01,24,4,Reported
49,2026-08-01,25,3,Reported
49,2026-08-01,26,3,Reported
49,2026-08-01,27,1,Reported
49,2026-09-01,1,171,Reported
49,2026-09-01,2,12,Reported
49,2026-09-01,3,13,Reported
49,2026-09-01,4,4,Reported
49,2026-09-01,5,6,Reported
49,2026-09-01,6,3,Reported
49,2026-09-01,7,4,Reported
49,2026-09-01,8,6,Reported
49,2026-09-01,9,3,Reported
49,2026-09-01,10,1,Reported
49,2026-09-01,11,112,Reported
49,2026-09-01,12,110,Reported
49,2026-09-01,13,19,Reported
49,2026-09-01,14,19,Reported
49,2026-09-01,15,11,Reported
49,2026-09-01,16,0,Reported zero
49,2026-09-01,17,0,Reported zero
49,2026-09-01,18,7,Reported
49,2026-09-01,19,1,Reported
49,2026-09-01,20,0,Reported zero
49,2026-09-01,21,2,Reported
49,2026-09-01,22,2,Reported
49,2026-09-01,23,2,Reported
49,2026-09-01,24,8,Reported
49,2026-09-01,25,8,Reported
49,2026-09-01,26,8,Reported
49,2026-09-01,27,4,Reported
50,2026-01-01,1,1097,Reported
50,2026-01-01,2,426,Reported
50,2026-01-01,3,272,Reported
50,2026-01-01,4,60,Reported
50,2026-01-01,5,58,Reported
50,2026-01-01,6,38,Reported
50,2026-01-01,7,60,Reported
50,2026-01-01,8,54,Reported
50,2026-01-01,9,45,Reported
50,2026-01-01,10,78,Reported
50,2026-01-01,11,188,Reported
50,2026-01-01,12,34,Reported
50,2026-01-01,13,85,Reported
50,2026-01-01,14,85,Reported
50,2026-01-01,15,,Not captured on form
50,2026-01-01,16,,Not captured on form
50,2026-01-01,17,,Not captured on form
50,2026-01-01,18,,Not captured on form
50,2026-01-01,19,,Not captured on form
50,2026-01-01,20,,Not captured on form
50,2026-01-01,21,97,Reported
50,2026-01-01,22,65,Reported
50,2026-01-01,23,65,Reported
50,2026-01-01,24,104,Reported
50,2026-01-01,25,51,Reported
50,2026-01-01,26,51,Reported
50,2026-01-01,27,6,Reported
50,2026-02-01,1,1220,Reported
50,2026-02-01,2,569,Reported
50,2026-02-01,3,275,Reported
50,2026-02-01,4,57,Reported
50,2026-02-01,5,55,Reported
50,2026-02-01,6,38,Reported
50,2026-02-01,7,57,Reported
50,2026-02-01,8,55,Reported
50,2026-02-01,9,55,Reported
50,2026-02-01,10,70,Reported
50,2026-02-01,11,190,Reported
50,2026-02-01,12,35,Reported
50,2026-02-01,13,80,Reported
50,2026-02-01,14,80,Reported
50,2026-02-01,15,,Not captured on form
50,2026-02-01,16,,Not captured on form
50,2026-02-01,17,,Not captured on form
50,2026-02-01,18,,Not captured on form
50,2026-02-01,19,,Not captured on form
50,2026-02-01,20,,Not captured on form
50,2026-02-01,21,195,Reported
50,2026-02-01,22,177,Reported
50,2026-02-01,23,177,Reported
50,2026-02-01,24,192,Reported
50,2026-02-01,25,162,Reported
50,2026-02-01,26,162,Reported
50,2026-02-01,27,4,Reported
50,2026-03-01,1,1058,Reported
50,2026-03-01,2,446,Reported
50,2026-03-01,3,263,Reported
50,2026-03-01,4,61,Reported
50,2026-03-01,5,55,Reported
50,2026-03-01,6,30,Reported
50,2026-03-01,7,61,Reported
50,2026-03-01,8,56,Reported
50,2026-03-01,9,53,Reported
50,2026-03-01,10,72,Reported
50,2026-03-01,11,163,Reported
50,2026-03-01,12,32,Reported
50,2026-03-01,13,76,Reported
50,2026-03-01,14,76,Reported
50,2026-03-01,15,,Not captured on form
50,2026-03-01,16,,Not captured on form
50,2026-03-01,17,,Not captured on form
50,2026-03-01,18,,Not captured on form
50,2026-03-01,19,,Not captured on form
50,2026-03-01,20,,Not captured on form
50,2026-03-01,21,254,Reported
50,2026-03-01,22,89,Reported
50,2026-03-01,23,89,Reported
50,2026-03-01,24,254,Reported
50,2026-03-01,25,147,Reported
50,2026-03-01,26,147,Reported
50,2026-03-01,27,5,Reported
50,2026-04-01,1,1053,Reported
50,2026-04-01,2,455,Reported
50,2026-04-01,3,246,Reported
50,2026-04-01,4,57,Reported
50,2026-04-01,5,49,Reported
50,2026-04-01,6,31,Reported
50,2026-04-01,7,57,Reported
50,2026-04-01,8,51,Reported
50,2026-04-01,9,48,Reported
50,2026-04-01,10,75,Reported
50,2026-04-01,11,172,Reported
50,2026-04-01,12,33,Reported
50,2026-04-01,13,70,Reported
50,2026-04-01,14,70,Reported
50,2026-04-01,15,,Not captured on form
50,2026-04-01,16,,Not captured on form
50,2026-04-01,17,,Not captured on form
50,2026-04-01,18,,Not captured on form
50,2026-04-01,19,,Not captured on form
50,2026-04-01,20,,Not captured on form
50,2026-04-01,21,66,Reported
50,2026-04-01,22,30,Reported
50,2026-04-01,23,30,Reported
50,2026-04-01,24,140,Reported
50,2026-04-01,25,102,Reported
50,2026-04-01,26,102,Reported
50,2026-04-01,27,6,Reported
50,2026-05-01,1,1373,Reported
50,2026-05-01,2,406,Reported
50,2026-05-01,3,250,Reported
50,2026-05-01,4,64,Reported
50,2026-05-01,5,56,Reported
50,2026-05-01,6,34,Reported
50,2026-05-01,7,64,Reported
50,2026-05-01,8,53,Reported
50,2026-05-01,9,43,Reported
50,2026-05-01,10,77,Reported
50,2026-05-01,11,134,Reported
50,2026-05-01,12,26,Reported
50,2026-05-01,13,75,Reported
50,2026-05-01,14,75,Reported
50,2026-05-01,15,,Not captured on form
50,2026-05-01,16,,Not captured on form
50,2026-05-01,17,,Not captured on form
50,2026-05-01,18,,Not captured on form
50,2026-05-01,19,,Not captured on form
50,2026-05-01,20,,Not captured on form
50,2026-05-01,21,76,Reported
50,2026-05-01,22,48,Reported
50,2026-05-01,23,48,Reported
50,2026-05-01,24,169,Reported
50,2026-05-01,25,79,Reported
50,2026-05-01,26,79,Reported
50,2026-05-01,27,5,Reported
50,2026-06-01,1,1050,Reported
50,2026-06-01,2,445,Reported
50,2026-06-01,3,255,Reported
50,2026-06-01,4,58,Reported
50,2026-06-01,5,57,Reported
50,2026-06-01,6,33,Reported
50,2026-06-01,7,58,Reported
50,2026-06-01,8,55,Reported
50,2026-06-01,9,44,Reported
50,2026-06-01,10,80,Reported
50,2026-06-01,11,161,Reported
50,2026-06-01,12,32,Reported
50,2026-06-01,13,78,Reported
50,2026-06-01,14,78,Reported
50,2026-06-01,15,0,Reported zero
50,2026-06-01,16,0,Reported zero
50,2026-06-01,17,60,Reported
50,2026-06-01,18,34,Reported
50,2026-06-01,19,31,Reported
50,2026-06-01,20,0,Reported zero
50,2026-06-01,21,89,Reported
50,2026-06-01,22,41,Reported
50,2026-06-01,23,41,Reported
50,2026-06-01,24,110,Reported
50,2026-06-01,25,50,Reported
50,2026-06-01,26,50,Reported
50,2026-06-01,27,4,Reported
50,2026-07-01,1,1088,Reported
50,2026-07-01,2,475,Reported
50,2026-07-01,3,260,Reported
50,2026-07-01,4,66,Reported
50,2026-07-01,5,60,Reported
50,2026-07-01,6,34,Reported
50,2026-07-01,7,66,Reported
50,2026-07-01,8,63,Reported
50,2026-07-01,9,34,Reported
50,2026-07-01,10,83,Reported
50,2026-07-01,11,159,Reported
50,2026-07-01,12,32,Reported
50,2026-07-01,13,120,Reported
50,2026-07-01,14,86,Reported
50,2026-07-01,15,6,Reported
50,2026-07-01,16,0,Reported zero
50,2026-07-01,17,36,Reported
50,2026-07-01,18,74,Reported
50,2026-07-01,19,16,Reported
50,2026-07-01,20,0,Reported zero
50,2026-07-01,21,19,Reported
50,2026-07-01,22,111,Reported
50,2026-07-01,23,19,Reported
50,2026-07-01,24,123,Reported
50,2026-07-01,25,88,Reported
50,2026-07-01,26,88,Reported
50,2026-07-01,27,10,Reported
50,2026-08-01,1,1182,Reported
50,2026-08-01,2,446,Reported
50,2026-08-01,3,263,Reported
50,2026-08-01,4,55,Reported
50,2026-08-01,5,50,Reported
50,2026-08-01,6,43,Reported
50,2026-08-01,7,55,Reported
50,2026-08-01,8,55,Reported
50,2026-08-01,9,44,Reported
50,2026-08-01,10,86,Reported
50,2026-08-01,11,127,Reported
50,2026-08-01,12,32,Reported
50,2026-08-01,13,197,Reported
50,2026-08-01,14,197,Reported
50,2026-08-01,15,4,Reported
50,2026-08-01,16,0,Reported zero
50,2026-08-01,17,13,Reported
50,2026-08-01,18,31,Reported
50,2026-08-01,19,21,Reported
50,2026-08-01,20,0,Reported zero
50,2026-08-01,21,87,Reported
50,2026-08-01,22,33,Reported
50,2026-08-01,23,33,Reported
50,2026-08-01,24,119,Reported
50,2026-08-01,25,93,Reported
50,2026-08-01,26,93,Reported
50,2026-08-01,27,4,Reported
50,2026-09-01,1,1182,Reported
50,2026-09-01,2,547,Reported
50,2026-09-01,3,273,Reported
50,2026-09-01,4,59,Reported
50,2026-09-01,5,56,Reported
50,2026-09-01,6,38,Reported
50,2026-09-01,7,59,Reported
50,2026-09-01,8,53,Reported
50,2026-09-01,9,48,Reported
50,2026-09-01,10,77,Reported
50,2026-09-01,11,139,Reported
50,2026-09-01,12,34,Reported
50,2026-09-01,13,79,Reported
50,2026-09-01,14,79,Reported
50,2026-09-01,15,4,Reported
50,2026-09-01,16,3,Reported
50,2026-09-01,17,13,Reported
50,2026-09-01,18,27,Reported
50,2026-09-01,19,28,Reported
50,2026-09-01,20,0,Reported zero
50,2026-09-01,21,147,Reported
50,2026-09-01,22,141,Reported
50,2026-09-01,23,141,Reported
50,2026-09-01,24,353,Reported
50,2026-09-01,25,341,Reported
50,2026-09-01,26,341,Reported
50,2026-09-01,27,4,Reported
51,2026-01-01,1,437,Reported
51,2026-01-01,2,20,Reported
51,2026-01-01,3,9,Reported
51,2026-01-01,4,2,Reported
51,2026-01-01,5,0,Reported zero
51,2026-01-01,6,0,Reported zero
51,2026-01-01,7,2,Reported
51,2026-01-01,8,4,Reported
51,2026-01-01,9,0,Reported zero
51,2026-01-01,10,1,Reported
51,2026-01-01,11,247,Reported
51,2026-01-01,12,50,Reported
51,2026-01-01,13,11,Reported
51,2026-01-01,14,11,Reported
51,2026-01-01,15,,Not captured on form
51,2026-01-01,16,,Not captured on form
51,2026-01-01,17,,Not captured on form
51,2026-01-01,18,,Not captured on form
51,2026-01-01,19,,Not captured on form
51,2026-01-01,20,,Not captured on form
51,2026-01-01,21,3,Reported
51,2026-01-01,22,0,Reported zero
51,2026-01-01,23,0,Reported zero
51,2026-01-01,24,17,Reported
51,2026-01-01,25,8,Reported
51,2026-01-01,26,8,Reported
51,2026-01-01,27,2,Reported
51,2026-02-01,1,452,Reported
51,2026-02-01,2,29,Reported
51,2026-02-01,3,12,Reported
51,2026-02-01,4,3,Reported
51,2026-02-01,5,0,Reported zero
51,2026-02-01,6,0,Reported zero
51,2026-02-01,7,3,Reported
51,2026-02-01,8,4,Reported
51,2026-02-01,9,4,Reported
51,2026-02-01,10,0,Reported zero
51,2026-02-01,11,109,Reported
51,2026-02-01,12,0,Reported zero
51,2026-02-01,13,63,Reported
51,2026-02-01,14,8,Reported
51,2026-02-01,15,,Not captured on form
51,2026-02-01,16,,Not captured on form
51,2026-02-01,17,,Not captured on form
51,2026-02-01,18,,Not captured on form
51,2026-02-01,19,,Not captured on form
51,2026-02-01,20,,Not captured on form
51,2026-02-01,21,6,Reported
51,2026-02-01,22,4,Reported
51,2026-02-01,23,4,Reported
51,2026-02-01,24,9,Reported
51,2026-02-01,25,4,Reported
51,2026-02-01,26,4,Reported
51,2026-02-01,27,2,Reported
51,2026-03-01,1,338,Reported
51,2026-03-01,2,24,Reported
51,2026-03-01,3,8,Reported
51,2026-03-01,4,1,Reported
51,2026-03-01,5,1,Reported
51,2026-03-01,6,0,Reported zero
51,2026-03-01,7,1,Reported
51,2026-03-01,8,4,Reported
51,2026-03-01,9,1,Reported
51,2026-03-01,10,0,Reported zero
51,2026-03-01,11,159,Reported
51,2026-03-01,12,10,Reported
51,2026-03-01,13,8,Reported
51,2026-03-01,14,0,Reported zero
51,2026-03-01,15,,Not captured on form
51,2026-03-01,16,,Not captured on form
51,2026-03-01,17,,Not captured on form
51,2026-03-01,18,,Not captured on form
51,2026-03-01,19,,Not captured on form
51,2026-03-01,20,,Not captured on form
51,2026-03-01,21,4,Reported
51,2026-03-01,22,0,Reported zero
51,2026-03-01,23,0,Reported zero
51,2026-03-01,24,15,Reported
51,2026-03-01,25,0,Reported zero
51,2026-03-01,26,0,Reported zero
51,2026-03-01,27,2,Reported
51,2026-04-01,1,378,Reported
51,2026-04-01,2,34,Reported
51,2026-04-01,3,6,Reported
51,2026-04-01,4,0,Reported zero
51,2026-04-01,5,1,Reported
51,2026-04-01,6,0,Reported zero
51,2026-04-01,7,0,Reported zero
51,2026-04-01,8,1,Reported
51,2026-04-01,9,4,Reported
51,2026-04-01,10,0,Reported zero
51,2026-04-01,11,239,Reported
51,2026-04-01,12,38,Reported
51,2026-04-01,13,6,Reported
51,2026-04-01,14,0,Reported zero
51,2026-04-01,15,,Not captured on form
51,2026-04-01,16,,Not captured on form
51,2026-04-01,17,,Not captured on form
51,2026-04-01,18,,Not captured on form
51,2026-04-01,19,,Not captured on form
51,2026-04-01,20,,Not captured on form
51,2026-04-01,21,9,Reported
51,2026-04-01,22,0,Reported zero
51,2026-04-01,23,0,Reported zero
51,2026-04-01,24,24,Reported
51,2026-04-01,25,0,Reported zero
51,2026-04-01,26,0,Reported zero
51,2026-04-01,27,2,Reported
51,2026-05-01,1,236,Reported
51,2026-05-01,2,17,Reported
51,2026-05-01,3,5,Reported
51,2026-05-01,4,1,Reported
51,2026-05-01,5,3,Reported
51,2026-05-01,6,0,Reported zero
51,2026-05-01,7,1,Reported
51,2026-05-01,8,0,Reported zero
51,2026-05-01,9,3,Reported
51,2026-05-01,10,4,Reported
51,2026-05-01,11,201,Reported
51,2026-05-01,12,49,Reported
51,2026-05-01,13,11,Reported
51,2026-05-01,14,2,Reported
51,2026-05-01,15,,Not captured on form
51,2026-05-01,16,,Not captured on form
51,2026-05-01,17,,Not captured on form
51,2026-05-01,18,,Not captured on form
51,2026-05-01,19,,Not captured on form
51,2026-05-01,20,,Not captured on form
51,2026-05-01,21,5,Reported
51,2026-05-01,22,0,Reported zero
51,2026-05-01,23,0,Reported zero
51,2026-05-01,24,6,Reported
51,2026-05-01,25,4,Reported
51,2026-05-01,26,4,Reported
51,2026-05-01,27,2,Reported
51,2026-06-01,1,2091,Reported
51,2026-06-01,2,14,Reported
51,2026-06-01,3,6,Reported
51,2026-06-01,4,1,Reported
51,2026-06-01,5,0,Reported zero
51,2026-06-01,6,1,Reported
51,2026-06-01,7,1,Reported
51,2026-06-01,8,0,Reported zero
51,2026-06-01,9,0,Reported zero
51,2026-06-01,10,4,Reported
51,2026-06-01,11,501,Reported
51,2026-06-01,12,49,Reported
51,2026-06-01,13,4,Reported
51,2026-06-01,14,3,Reported
51,2026-06-01,15,0,Reported zero
51,2026-06-01,16,0,Reported zero
51,2026-06-01,17,0,Reported zero
51,2026-06-01,18,4,Reported
51,2026-06-01,19,0,Reported zero
51,2026-06-01,20,0,Reported zero
51,2026-06-01,21,3,Reported
51,2026-06-01,22,3,Reported
51,2026-06-01,23,3,Reported
51,2026-06-01,24,11,Reported
51,2026-06-01,25,10,Reported
51,2026-06-01,26,10,Reported
51,2026-06-01,27,2,Reported
51,2026-07-01,1,344,Reported
51,2026-07-01,2,33,Reported
51,2026-07-01,3,1,Reported
51,2026-07-01,4,1,Reported
51,2026-07-01,5,0,Reported zero
51,2026-07-01,6,0,Reported zero
51,2026-07-01,7,1,Reported
51,2026-07-01,8,0,Reported zero
51,2026-07-01,9,0,Reported zero
51,2026-07-01,10,0,Reported zero
51,2026-07-01,11,207,Reported
51,2026-07-01,12,49,Reported
51,2026-07-01,13,13,Reported
51,2026-07-01,14,1,Reported
51,2026-07-01,15,0,Reported zero
51,2026-07-01,16,0,Reported zero
51,2026-07-01,17,1,Reported
51,2026-07-01,18,12,Reported
51,2026-07-01,19,0,Reported zero
51,2026-07-01,20,0,Reported zero
51,2026-07-01,21,7,Reported
51,2026-07-01,22,7,Reported
51,2026-07-01,23,7,Reported
51,2026-07-01,24,20,Reported
51,2026-07-01,25,17,Reported
51,2026-07-01,26,17,Reported
51,2026-07-01,27,4,Reported
51,2026-08-01,1,287,Reported
51,2026-08-01,2,14,Reported
51,2026-08-01,3,3,Reported
51,2026-08-01,4,3,Reported
51,2026-08-01,5,0,Reported zero
51,2026-08-01,6,0,Reported zero
51,2026-08-01,7,3,Reported
51,2026-08-01,8,0,Reported zero
51,2026-08-01,9,0,Reported zero
51,2026-08-01,10,0,Reported zero
51,2026-08-01,11,194,Reported
51,2026-08-01,12,47,Reported
51,2026-08-01,13,6,Reported
51,2026-08-01,14,4,Reported
51,2026-08-01,15,2,Reported
51,2026-08-01,16,0,Reported zero
51,2026-08-01,17,0,Reported zero
51,2026-08-01,18,4,Reported
51,2026-08-01,19,0,Reported zero
51,2026-08-01,20,0,Reported zero
51,2026-08-01,21,2,Reported
51,2026-08-01,22,1,Reported
51,2026-08-01,23,1,Reported
51,2026-08-01,24,5,Reported
51,2026-08-01,25,5,Reported
51,2026-08-01,26,5,Reported
51,2026-08-01,27,2,Reported
51,2026-09-01,1,250,Reported
51,2026-09-01,2,13,Reported
51,2026-09-01,3,6,Reported
51,2026-09-01,4,3,Reported
51,2026-09-01,5,0,Reported zero
51,2026-09-01,6,0,Reported zero
51,2026-09-01,7,3,Reported
51,2026-09-01,8,3,Reported
51,2026-09-01,9,0,Reported zero
51,2026-09-01,10,0,Reported zero
51,2026-09-01,11,159,Reported
51,2026-09-01,12,50,Reported
51,2026-09-01,13,8,Reported
51,2026-09-01,14,7,Reported
51,2026-09-01,15,3,Reported
51,2026-09-01,16,0,Reported zero
51,2026-09-01,17,1,Reported
51,2026-09-01,18,3,Reported
51,2026-09-01,19,0,Reported zero
51,2026-09-01,20,0,Reported zero
51,2026-09-01,21,1,Reported
51,2026-09-01,22,1,Reported
51,2026-09-01,23,1,Reported
51,2026-09-01,24,3,Reported
51,2026-09-01,25,3,Reported
51,2026-09-01,26,3,Reported
51,2026-09-01,27,2,Reported
52,2026-01-01,1,420,Reported
52,2026-01-01,2,319,Reported
52,2026-01-01,3,90,Reported
52,2026-01-01,4,33,Reported
52,2026-01-01,5,9,Reported
52,2026-01-01,6,9,Reported
52,2026-01-01,7,53,Reported
52,2026-01-01,8,21,Reported
52,2026-01-01,9,7,Reported
52,2026-01-01,10,39,Reported
52,2026-01-01,11,199,Reported
52,2026-01-01,12,33,Reported
52,2026-01-01,13,52,Reported
52,2026-01-01,14,37,Reported
52,2026-01-01,15,,Not captured on form
52,2026-01-01,16,,Not captured on form
52,2026-01-01,17,,Not captured on form
52,2026-01-01,18,,Not captured on form
52,2026-01-01,19,,Not captured on form
52,2026-01-01,20,,Not captured on form
52,2026-01-01,21,178,Reported
52,2026-01-01,22,167,Reported
52,2026-01-01,23,166,Reported
52,2026-01-01,24,239,Reported
52,2026-01-01,25,105,Reported
52,2026-01-01,26,105,Reported
52,2026-01-01,27,3,Reported
52,2026-02-01,1,453,Reported
52,2026-02-01,2,329,Reported
52,2026-02-01,3,93,Reported
52,2026-02-01,4,50,Reported
52,2026-02-01,5,19,Reported
52,2026-02-01,6,14,Reported
52,2026-02-01,7,50,Reported
52,2026-02-01,8,5,Reported
52,2026-02-01,9,3,Reported
52,2026-02-01,10,38,Reported
52,2026-02-01,11,203,Reported
52,2026-02-01,12,34,Reported
52,2026-02-01,13,43,Reported
52,2026-02-01,14,31,Reported
52,2026-02-01,15,,Not captured on form
52,2026-02-01,16,,Not captured on form
52,2026-02-01,17,,Not captured on form
52,2026-02-01,18,,Not captured on form
52,2026-02-01,19,,Not captured on form
52,2026-02-01,20,,Not captured on form
52,2026-02-01,21,203,Reported
52,2026-02-01,22,178,Reported
52,2026-02-01,23,178,Reported
52,2026-02-01,24,90,Reported
52,2026-02-01,25,72,Reported
52,2026-02-01,26,72,Reported
52,2026-02-01,27,4,Reported
52,2026-03-01,1,439,Reported
52,2026-03-01,2,343,Reported
52,2026-03-01,3,100,Reported
52,2026-03-01,4,37,Reported
52,2026-03-01,5,36,Reported
52,2026-03-01,6,17,Reported
52,2026-03-01,7,45,Reported
52,2026-03-01,8,13,Reported
52,2026-03-01,9,6,Reported
52,2026-03-01,10,49,Reported
52,2026-03-01,11,220,Reported
52,2026-03-01,12,38,Reported
52,2026-03-01,13,40,Reported
52,2026-03-01,14,40,Reported
52,2026-03-01,15,,Not captured on form
52,2026-03-01,16,,Not captured on form
52,2026-03-01,17,,Not captured on form
52,2026-03-01,18,,Not captured on form
52,2026-03-01,19,,Not captured on form
52,2026-03-01,20,,Not captured on form
52,2026-03-01,21,186,Reported
52,2026-03-01,22,165,Reported
52,2026-03-01,23,165,Reported
52,2026-03-01,24,124,Reported
52,2026-03-01,25,112,Reported
52,2026-03-01,26,112,Reported
52,2026-03-01,27,4,Reported
52,2026-04-01,1,457,Reported
52,2026-04-01,2,347,Reported
52,2026-04-01,3,103,Reported
52,2026-04-01,4,28,Reported
52,2026-04-01,5,43,Reported
52,2026-04-01,6,20,Reported
52,2026-04-01,7,31,Reported
52,2026-04-01,8,0,Reported zero
52,2026-04-01,9,5,Reported
52,2026-04-01,10,50,Reported
52,2026-04-01,11,285,Reported
52,2026-04-01,12,44,Reported
52,2026-04-01,13,38,Reported
52,2026-04-01,14,38,Reported
52,2026-04-01,15,,Not captured on form
52,2026-04-01,16,,Not captured on form
52,2026-04-01,17,,Not captured on form
52,2026-04-01,18,,Not captured on form
52,2026-04-01,19,,Not captured on form
52,2026-04-01,20,,Not captured on form
52,2026-04-01,21,151,Reported
52,2026-04-01,22,132,Reported
52,2026-04-01,23,132,Reported
52,2026-04-01,24,56,Reported
52,2026-04-01,25,32,Reported
52,2026-04-01,26,32,Reported
52,2026-04-01,27,4,Reported
52,2026-05-01,1,500,Reported
52,2026-05-01,2,352,Reported
52,2026-05-01,3,106,Reported
52,2026-05-01,4,44,Reported
52,2026-05-01,5,30,Reported
52,2026-05-01,6,21,Reported
52,2026-05-01,7,44,Reported
52,2026-05-01,8,11,Reported
52,2026-05-01,9,1,Reported
52,2026-05-01,10,48,Reported
52,2026-05-01,11,180,Reported
52,2026-05-01,12,37,Reported
52,2026-05-01,13,40,Reported
52,2026-05-01,14,40,Reported
52,2026-05-01,15,,Not captured on form
52,2026-05-01,16,,Not captured on form
52,2026-05-01,17,,Not captured on form
52,2026-05-01,18,,Not captured on form
52,2026-05-01,19,,Not captured on form
52,2026-05-01,20,,Not captured on form
52,2026-05-01,21,145,Reported
52,2026-05-01,22,126,Reported
52,2026-05-01,23,126,Reported
52,2026-05-01,24,66,Reported
52,2026-05-01,25,41,Reported
52,2026-05-01,26,41,Reported
52,2026-05-01,27,4,Reported
52,2026-06-01,1,461,Reported
52,2026-06-01,2,336,Reported
52,2026-06-01,3,86,Reported
52,2026-06-01,4,25,Reported
52,2026-06-01,5,17,Reported
52,2026-06-01,6,16,Reported
52,2026-06-01,7,25,Reported
52,2026-06-01,8,13,Reported
52,2026-06-01,9,15,Reported
52,2026-06-01,10,21,Reported
52,2026-06-01,11,238,Reported
52,2026-06-01,12,38,Reported
52,2026-06-01,13,36,Reported
52,2026-06-01,14,36,Reported
52,2026-06-01,15,9,Reported
52,2026-06-01,16,4,Reported
52,2026-06-01,17,6,Reported
52,2026-06-01,18,11,Reported
52,2026-06-01,19,0,Reported zero
52,2026-06-01,20,0,Reported zero
52,2026-06-01,21,100,Reported
52,2026-06-01,22,91,Reported
52,2026-06-01,23,91,Reported
52,2026-06-01,24,63,Reported
52,2026-06-01,25,56,Reported
52,2026-06-01,26,56,Reported
52,2026-06-01,27,4,Reported
52,2026-07-01,1,463,Reported
52,2026-07-01,2,214,Reported
52,2026-07-01,3,110,Reported
52,2026-07-01,4,54,Reported
52,2026-07-01,5,15,Reported
52,2026-07-01,6,33,Reported
52,2026-07-01,7,36,Reported
52,2026-07-01,8,4,Reported
52,2026-07-01,9,48,Reported
52,2026-07-01,10,20,Reported
52,2026-07-01,11,187,Reported
52,2026-07-01,12,37,Reported
52,2026-07-01,13,40,Reported
52,2026-07-01,14,38,Reported
52,2026-07-01,15,9,Reported
52,2026-07-01,16,7,Reported
52,2026-07-01,17,13,Reported
52,2026-07-01,18,9,Reported
52,2026-07-01,19,0,Reported zero
52,2026-07-01,20,0,Reported zero
52,2026-07-01,21,112,Reported
52,2026-07-01,22,99,Reported
52,2026-07-01,23,99,Reported
52,2026-07-01,24,118,Reported
52,2026-07-01,25,94,Reported
52,2026-07-01,26,94,Reported
52,2026-07-01,27,4,Reported
52,2026-08-01,1,573,Reported
52,2026-08-01,2,320,Reported
52,2026-08-01,3,106,Reported
52,2026-08-01,4,29,Reported
52,2026-08-01,5,15,Reported
52,2026-08-01,6,18,Reported
52,2026-08-01,7,30,Reported
52,2026-08-01,8,29,Reported
52,2026-08-01,9,16,Reported
52,2026-08-01,10,39,Reported
52,2026-08-01,11,230,Reported
52,2026-08-01,12,38,Reported
52,2026-08-01,13,36,Reported
52,2026-08-01,14,34,Reported
52,2026-08-01,15,11,Reported
52,2026-08-01,16,7,Reported
52,2026-08-01,17,8,Reported
52,2026-08-01,18,15,Reported
52,2026-08-01,19,0,Reported zero
52,2026-08-01,20,0,Reported zero
52,2026-08-01,21,98,Reported
52,2026-08-01,22,83,Reported
52,2026-08-01,23,83,Reported
52,2026-08-01,24,76,Reported
52,2026-08-01,25,67,Reported
52,2026-08-01,26,67,Reported
52,2026-08-01,27,4,Reported
52,2026-09-01,1,429,Reported
52,2026-09-01,2,320,Reported
52,2026-09-01,3,100,Reported
52,2026-09-01,4,28,Reported
52,2026-09-01,5,19,Reported
52,2026-09-01,6,7,Reported
52,2026-09-01,7,28,Reported
52,2026-09-01,8,17,Reported
52,2026-09-01,9,55,Reported
52,2026-09-01,10,43,Reported
52,2026-09-01,11,192,Reported
52,2026-09-01,12,38,Reported
52,2026-09-01,13,37,Reported
52,2026-09-01,14,32,Reported
52,2026-09-01,15,2,Reported
52,2026-09-01,16,7,Reported
52,2026-09-01,17,9,Reported
52,2026-09-01,18,14,Reported
52,2026-09-01,19,0,Reported zero
52,2026-09-01,20,0,Reported zero
52,2026-09-01,21,99,Reported
52,2026-09-01,22,74,Reported
52,2026-09-01,23,74,Reported
52,2026-09-01,24,51,Reported
52,2026-09-01,25,44,Reported
52,2026-09-01,26,44,Reported
52,2026-09-01,27,4,Reported
53,2026-01-01,1,220,Reported
53,2026-01-01,2,115,Reported
53,2026-01-01,3,20,Reported
53,2026-01-01,4,12,Reported
53,2026-01-01,5,0,Reported zero
53,2026-01-01,6,1,Reported
53,2026-01-01,7,12,Reported
53,2026-01-01,8,2,Reported
53,2026-01-01,9,4,Reported
53,2026-01-01,10,9,Reported
53,2026-01-01,11,70,Reported
53,2026-01-01,12,6,Reported
53,2026-01-01,13,22,Reported
53,2026-01-01,14,22,Reported
53,2026-01-01,15,,Not captured on form
53,2026-01-01,16,,Not captured on form
53,2026-01-01,17,,Not captured on form
53,2026-01-01,18,,Not captured on form
53,2026-01-01,19,,Not captured on form
53,2026-01-01,20,,Not captured on form
53,2026-01-01,21,20,Reported
53,2026-01-01,22,13,Reported
53,2026-01-01,23,13,Reported
53,2026-01-01,24,60,Reported
53,2026-01-01,25,40,Reported
53,2026-01-01,26,40,Reported
53,2026-01-01,27,0,Reported zero
53,2026-02-01,1,149,Reported
53,2026-02-01,2,83,Reported
53,2026-02-01,3,32,Reported
53,2026-02-01,4,13,Reported
53,2026-02-01,5,2,Reported
53,2026-02-01,6,0,Reported zero
53,2026-02-01,7,13,Reported
53,2026-02-01,8,11,Reported
53,2026-02-01,9,2,Reported
53,2026-02-01,10,9,Reported
53,2026-02-01,11,133,Reported
53,2026-02-01,12,8,Reported
53,2026-02-01,13,41,Reported
53,2026-02-01,14,11,Reported
53,2026-02-01,15,,Not captured on form
53,2026-02-01,16,,Not captured on form
53,2026-02-01,17,,Not captured on form
53,2026-02-01,18,,Not captured on form
53,2026-02-01,19,,Not captured on form
53,2026-02-01,20,,Not captured on form
53,2026-02-01,21,12,Reported
53,2026-02-01,22,8,Reported
53,2026-02-01,23,8,Reported
53,2026-02-01,24,43,Reported
53,2026-02-01,25,25,Reported
53,2026-02-01,26,25,Reported
53,2026-02-01,27,0,Reported zero
53,2026-03-01,1,150,Reported
53,2026-03-01,2,109,Reported
53,2026-03-01,3,37,Reported
53,2026-03-01,4,13,Reported
53,2026-03-01,5,6,Reported
53,2026-03-01,6,9,Reported
53,2026-03-01,7,13,Reported
53,2026-03-01,8,11,Reported
53,2026-03-01,9,10,Reported
53,2026-03-01,10,13,Reported
53,2026-03-01,11,84,Reported
53,2026-03-01,12,6,Reported
53,2026-03-01,13,40,Reported
53,2026-03-01,14,22,Reported
53,2026-03-01,15,,Not captured on form
53,2026-03-01,16,,Not captured on form
53,2026-03-01,17,,Not captured on form
53,2026-03-01,18,,Not captured on form
53,2026-03-01,19,,Not captured on form
53,2026-03-01,20,,Not captured on form
53,2026-03-01,21,17,Reported
53,2026-03-01,22,10,Reported
53,2026-03-01,23,10,Reported
53,2026-03-01,24,48,Reported
53,2026-03-01,25,30,Reported
53,2026-03-01,26,30,Reported
53,2026-03-01,27,2,Reported
53,2026-04-01,1,179,Reported
53,2026-04-01,2,129,Reported
53,2026-04-01,3,33,Reported
53,2026-04-01,4,14,Reported
53,2026-04-01,5,5,Reported
53,2026-04-01,6,0,Reported zero
53,2026-04-01,7,14,Reported
53,2026-04-01,8,7,Reported
53,2026-04-01,9,5,Reported
53,2026-04-01,10,13,Reported
53,2026-04-01,11,60,Reported
53,2026-04-01,12,2,Reported
53,2026-04-01,13,22,Reported
53,2026-04-01,14,18,Reported
53,2026-04-01,15,,Not captured on form
53,2026-04-01,16,,Not captured on form
53,2026-04-01,17,,Not captured on form
53,2026-04-01,18,,Not captured on form
53,2026-04-01,19,,Not captured on form
53,2026-04-01,20,,Not captured on form
53,2026-04-01,21,17,Reported
53,2026-04-01,22,9,Reported
53,2026-04-01,23,9,Reported
53,2026-04-01,24,61,Reported
53,2026-04-01,25,28,Reported
53,2026-04-01,26,28,Reported
53,2026-04-01,27,2,Reported
53,2026-05-01,1,194,Reported
53,2026-05-01,2,108,Reported
53,2026-05-01,3,27,Reported
53,2026-05-01,4,7,Reported
53,2026-05-01,5,6,Reported
53,2026-05-01,6,0,Reported zero
53,2026-05-01,7,7,Reported
53,2026-05-01,8,8,Reported
53,2026-05-01,9,6,Reported
53,2026-05-01,10,16,Reported
53,2026-05-01,11,75,Reported
53,2026-05-01,12,6,Reported
53,2026-05-01,13,24,Reported
53,2026-05-01,14,19,Reported
53,2026-05-01,15,,Not captured on form
53,2026-05-01,16,,Not captured on form
53,2026-05-01,17,,Not captured on form
53,2026-05-01,18,,Not captured on form
53,2026-05-01,19,,Not captured on form
53,2026-05-01,20,,Not captured on form
53,2026-05-01,21,18,Reported
53,2026-05-01,22,4,Reported
53,2026-05-01,23,4,Reported
53,2026-05-01,24,46,Reported
53,2026-05-01,25,18,Reported
53,2026-05-01,26,18,Reported
53,2026-05-01,27,2,Reported
53,2026-06-01,1,240,Reported
53,2026-06-01,2,144,Reported
53,2026-06-01,3,29,Reported
53,2026-06-01,4,9,Reported
53,2026-06-01,5,6,Reported
53,2026-06-01,6,0,Reported zero
53,2026-06-01,7,9,Reported
53,2026-06-01,8,5,Reported
53,2026-06-01,9,9,Reported
53,2026-06-01,10,14,Reported
53,2026-06-01,11,94,Reported
53,2026-06-01,12,4,Reported
53,2026-06-01,13,21,Reported
53,2026-06-01,14,21,Reported
53,2026-06-01,15,0,Reported zero
53,2026-06-01,16,0,Reported zero
53,2026-06-01,17,10,Reported
53,2026-06-01,18,44,Reported
53,2026-06-01,19,44,Reported
53,2026-06-01,20,0,Reported zero
53,2026-06-01,21,18,Reported
53,2026-06-01,22,12,Reported
53,2026-06-01,23,12,Reported
53,2026-06-01,24,92,Reported
53,2026-06-01,25,65,Reported
53,2026-06-01,26,65,Reported
53,2026-06-01,27,4,Reported
53,2026-07-01,1,272,Reported
53,2026-07-01,2,185,Reported
53,2026-07-01,3,37,Reported
53,2026-07-01,4,15,Reported
53,2026-07-01,5,16,Reported
53,2026-07-01,6,0,Reported zero
53,2026-07-01,7,15,Reported
53,2026-07-01,8,9,Reported
53,2026-07-01,9,6,Reported
53,2026-07-01,10,15,Reported
53,2026-07-01,11,58,Reported
53,2026-07-01,12,9,Reported
53,2026-07-01,13,23,Reported
53,2026-07-01,14,12,Reported
53,2026-07-01,15,140,Reported
53,2026-07-01,16,0,Reported zero
53,2026-07-01,17,9,Reported
53,2026-07-01,18,21,Reported
53,2026-07-01,19,12,Reported
53,2026-07-01,20,0,Reported zero
53,2026-07-01,21,30,Reported
53,2026-07-01,22,21,Reported
53,2026-07-01,23,21,Reported
53,2026-07-01,24,118,Reported
53,2026-07-01,25,89,Reported
53,2026-07-01,26,89,Reported
53,2026-07-01,27,1,Reported
53,2026-08-01,1,294,Reported
53,2026-08-01,2,174,Reported
53,2026-08-01,3,35,Reported
53,2026-08-01,4,10,Reported
53,2026-08-01,5,5,Reported
53,2026-08-01,6,0,Reported zero
53,2026-08-01,7,35,Reported
53,2026-08-01,8,8,Reported
53,2026-08-01,9,6,Reported
53,2026-08-01,10,14,Reported
53,2026-08-01,11,60,Reported
53,2026-08-01,12,9,Reported
53,2026-08-01,13,19,Reported
53,2026-08-01,14,7,Reported
53,2026-08-01,15,0,Reported zero
53,2026-08-01,16,0,Reported zero
53,2026-08-01,17,6,Reported
53,2026-08-01,18,28,Reported
53,2026-08-01,19,28,Reported
53,2026-08-01,20,0,Reported zero
53,2026-08-01,21,22,Reported
53,2026-08-01,22,16,Reported
53,2026-08-01,23,16,Reported
53,2026-08-01,24,121,Reported
53,2026-08-01,25,96,Reported
53,2026-08-01,26,96,Reported
53,2026-08-01,27,1,Reported
53,2026-09-01,1,,No report submitted
53,2026-09-01,2,,No report submitted
53,2026-09-01,3,,No report submitted
53,2026-09-01,4,,No report submitted
53,2026-09-01,5,,No report submitted
53,2026-09-01,6,,No report submitted
53,2026-09-01,7,,No report submitted
53,2026-09-01,8,,No report submitted
53,2026-09-01,9,,No report submitted
53,2026-09-01,10,,No report submitted
53,2026-09-01,11,,No report submitted
53,2026-09-01,12,,No report submitted
53,2026-09-01,13,,No report submitted
53,2026-09-01,14,,No report submitted
53,2026-09-01,15,,No report submitted
53,2026-09-01,16,,No report submitted
53,2026-09-01,17,,No report submitted
53,2026-09-01,18,,No report submitted
53,2026-09-01,19,,No report submitted
53,2026-09-01,20,,No report submitted
53,2026-09-01,21,,No report submitted
53,2026-09-01,22,,No report submitted
53,2026-09-01,23,,No report submitted
53,2026-09-01,24,,No report submitted
53,2026-09-01,25,,No report submitted
53,2026-09-01,26,,No report submitted
53,2026-09-01,27,,No report submitted
54,2026-01-01,1,477,Reported
54,2026-01-01,2,210,Reported
54,2026-01-01,3,35,Reported
54,2026-01-01,4,5,Reported
54,2026-01-01,5,5,Reported
54,2026-01-01,6,1,Reported
54,2026-01-01,7,7,Reported
54,2026-01-01,8,6,Reported
54,2026-01-01,9,3,Reported
54,2026-01-01,10,2,Reported
54,2026-01-01,11,113,Reported
54,2026-01-01,12,19,Reported
54,2026-01-01,13,17,Reported
54,2026-01-01,14,17,Reported
54,2026-01-01,15,,Not captured on form
54,2026-01-01,16,,Not captured on form
54,2026-01-01,17,,Not captured on form
54,2026-01-01,18,,Not captured on form
54,2026-01-01,19,,Not captured on form
54,2026-01-01,20,,Not captured on form
54,2026-01-01,21,23,Reported
54,2026-01-01,22,16,Reported
54,2026-01-01,23,16,Reported
54,2026-01-01,24,160,Reported
54,2026-01-01,25,138,Reported
54,2026-01-01,26,138,Reported
54,2026-01-01,27,2,Reported
54,2026-02-01,1,494,Reported
54,2026-02-01,2,178,Reported
54,2026-02-01,3,45,Reported
54,2026-02-01,4,6,Reported
54,2026-02-01,5,5,Reported
54,2026-02-01,6,2,Reported
54,2026-02-01,7,8,Reported
54,2026-02-01,8,5,Reported
54,2026-02-01,9,10,Reported
54,2026-02-01,10,8,Reported
54,2026-02-01,11,110,Reported
54,2026-02-01,12,18,Reported
54,2026-02-01,13,58,Reported
54,2026-02-01,14,51,Reported
54,2026-02-01,15,,Not captured on form
54,2026-02-01,16,,Not captured on form
54,2026-02-01,17,,Not captured on form
54,2026-02-01,18,,Not captured on form
54,2026-02-01,19,,Not captured on form
54,2026-02-01,20,,Not captured on form
54,2026-02-01,21,30,Reported
54,2026-02-01,22,27,Reported
54,2026-02-01,23,27,Reported
54,2026-02-01,24,105,Reported
54,2026-02-01,25,100,Reported
54,2026-02-01,26,100,Reported
54,2026-02-01,27,4,Reported
54,2026-03-01,1,432,Reported
54,2026-03-01,2,139,Reported
54,2026-03-01,3,47,Reported
54,2026-03-01,4,6,Reported
54,2026-03-01,5,6,Reported
54,2026-03-01,6,2,Reported
54,2026-03-01,7,3,Reported
54,2026-03-01,8,6,Reported
54,2026-03-01,9,6,Reported
54,2026-03-01,10,5,Reported
54,2026-03-01,11,121,Reported
54,2026-03-01,12,19,Reported
54,2026-03-01,13,28,Reported
54,2026-03-01,14,28,Reported
54,2026-03-01,15,,Not captured on form
54,2026-03-01,16,,Not captured on form
54,2026-03-01,17,,Not captured on form
54,2026-03-01,18,,Not captured on form
54,2026-03-01,19,,Not captured on form
54,2026-03-01,20,,Not captured on form
54,2026-03-01,21,21,Reported
54,2026-03-01,22,13,Reported
54,2026-03-01,23,13,Reported
54,2026-03-01,24,81,Reported
54,2026-03-01,25,66,Reported
54,2026-03-01,26,66,Reported
54,2026-03-01,27,3,Reported
54,2026-04-01,1,455,Reported
54,2026-04-01,2,207,Reported
54,2026-04-01,3,26,Reported
54,2026-04-01,4,5,Reported
54,2026-04-01,5,3,Reported
54,2026-04-01,6,3,Reported
54,2026-04-01,7,2,Reported
54,2026-04-01,8,3,Reported
54,2026-04-01,9,5,Reported
54,2026-04-01,10,5,Reported
54,2026-04-01,11,106,Reported
54,2026-04-01,12,18,Reported
54,2026-04-01,13,36,Reported
54,2026-04-01,14,23,Reported
54,2026-04-01,15,,Not captured on form
54,2026-04-01,16,,Not captured on form
54,2026-04-01,17,,Not captured on form
54,2026-04-01,18,,Not captured on form
54,2026-04-01,19,,Not captured on form
54,2026-04-01,20,,Not captured on form
54,2026-04-01,21,31,Reported
54,2026-04-01,22,25,Reported
54,2026-04-01,23,25,Reported
54,2026-04-01,24,123,Reported
54,2026-04-01,25,110,Reported
54,2026-04-01,26,110,Reported
54,2026-04-01,27,3,Reported
54,2026-05-01,1,346,Reported
54,2026-05-01,2,152,Reported
54,2026-05-01,3,20,Reported
54,2026-05-01,4,3,Reported
54,2026-05-01,5,2,Reported
54,2026-05-01,6,1,Reported
54,2026-05-01,7,1,Reported
54,2026-05-01,8,0,Reported zero
54,2026-05-01,9,2,Reported
54,2026-05-01,10,3,Reported
54,2026-05-01,11,174,Reported
54,2026-05-01,12,19,Reported
54,2026-05-01,13,20,Reported
54,2026-05-01,14,14,Reported
54,2026-05-01,15,,Not captured on form
54,2026-05-01,16,,Not captured on form
54,2026-05-01,17,,Not captured on form
54,2026-05-01,18,,Not captured on form
54,2026-05-01,19,,Not captured on form
54,2026-05-01,20,,Not captured on form
54,2026-05-01,21,32,Reported
54,2026-05-01,22,29,Reported
54,2026-05-01,23,29,Reported
54,2026-05-01,24,75,Reported
54,2026-05-01,25,68,Reported
54,2026-05-01,26,68,Reported
54,2026-05-01,27,2,Reported
54,2026-06-01,1,520,Reported
54,2026-06-01,2,303,Reported
54,2026-06-01,3,39,Reported
54,2026-06-01,4,7,Reported
54,2026-06-01,5,6,Reported
54,2026-06-01,6,4,Reported
54,2026-06-01,7,4,Reported
54,2026-06-01,8,5,Reported
54,2026-06-01,9,2,Reported
54,2026-06-01,10,1,Reported
54,2026-06-01,11,90,Reported
54,2026-06-01,12,9,Reported
54,2026-06-01,13,31,Reported
54,2026-06-01,14,31,Reported
54,2026-06-01,15,25,Reported
54,2026-06-01,16,0,Reported zero
54,2026-06-01,17,0,Reported zero
54,2026-06-01,18,9,Reported
54,2026-06-01,19,11,Reported
54,2026-06-01,20,4,Reported
54,2026-06-01,21,50,Reported
54,2026-06-01,22,39,Reported
54,2026-06-01,23,39,Reported
54,2026-06-01,24,194,Reported
54,2026-06-01,25,169,Reported
54,2026-06-01,26,169,Reported
54,2026-06-01,27,3,Reported
54,2026-07-01,1,455,Reported
54,2026-07-01,2,195,Reported
54,2026-07-01,3,28,Reported
54,2026-07-01,4,5,Reported
54,2026-07-01,5,4,Reported
54,2026-07-01,6,0,Reported zero
54,2026-07-01,7,5,Reported
54,2026-07-01,8,4,Reported
54,2026-07-01,9,6,Reported
54,2026-07-01,10,9,Reported
54,2026-07-01,11,167,Reported
54,2026-07-01,12,29,Reported
54,2026-07-01,13,20,Reported
54,2026-07-01,14,17,Reported
54,2026-07-01,15,2,Reported
54,2026-07-01,16,0,Reported zero
54,2026-07-01,17,0,Reported zero
54,2026-07-01,18,7,Reported
54,2026-07-01,19,10,Reported
54,2026-07-01,20,0,Reported zero
54,2026-07-01,21,160,Reported
54,2026-07-01,22,140,Reported
54,2026-07-01,23,140,Reported
54,2026-07-01,24,238,Reported
54,2026-07-01,25,222,Reported
54,2026-07-01,26,222,Reported
54,2026-07-01,27,3,Reported
54,2026-08-01,1,429,Reported
54,2026-08-01,2,172,Reported
54,2026-08-01,3,12,Reported
54,2026-08-01,4,2,Reported
54,2026-08-01,5,3,Reported
54,2026-08-01,6,0,Reported zero
54,2026-08-01,7,1,Reported
54,2026-08-01,8,3,Reported
54,2026-08-01,9,2,Reported
54,2026-08-01,10,1,Reported
54,2026-08-01,11,130,Reported
54,2026-08-01,12,140,Reported
54,2026-08-01,13,50,Reported
54,2026-08-01,14,43,Reported
54,2026-08-01,15,4,Reported
54,2026-08-01,16,0,Reported zero
54,2026-08-01,17,2,Reported
54,2026-08-01,18,6,Reported
54,2026-08-01,19,38,Reported
54,2026-08-01,20,0,Reported zero
54,2026-08-01,21,36,Reported
54,2026-08-01,22,32,Reported
54,2026-08-01,23,32,Reported
54,2026-08-01,24,86,Reported
54,2026-08-01,25,74,Reported
54,2026-08-01,26,74,Reported
54,2026-08-01,27,2,Reported
54,2026-09-01,1,,No report submitted
54,2026-09-01,2,,No report submitted
54,2026-09-01,3,,No report submitted
54,2026-09-01,4,,No report submitted
54,2026-09-01,5,,No report submitted
54,2026-09-01,6,,No report submitted
54,2026-09-01,7,,No report submitted
54,2026-09-01,8,,No report submitted
54,2026-09-01,9,,No report submitted
54,2026-09-01,10,,No report submitted
54,2026-09-01,11,,No report submitted
54,2026-09-01,12,,No report submitted
54,2026-09-01,13,,No report submitted
54,2026-09-01,14,,No report submitted
54,2026-09-01,15,,No report submitted
54,2026-09-01,16,,No report submitted
54,2026-09-01,17,,No report submitted
54,2026-09-01,18,,No report submitted
54,2026-09-01,19,,No report submitted
54,2026-09-01,20,,No report submitted
54,2026-09-01,21,,No report submitted
54,2026-09-01,22,,No report submitted
54,2026-09-01,23,,No report submitted
54,2026-09-01,24,,No report submitted
54,2026-09-01,25,,No report submitted
54,2026-09-01,26,,No report submitted
54,2026-09-01,27,,No report submitted
55,2026-01-01,1,578,Reported
55,2026-01-01,2,76,Reported
55,2026-01-01,3,96,Reported
55,2026-01-01,4,14,Reported
55,2026-01-01,5,16,Reported
55,2026-01-01,6,5,Reported
55,2026-01-01,7,17,Reported
55,2026-01-01,8,9,Reported
55,2026-01-01,9,2,Reported
55,2026-01-01,10,39,Reported
55,2026-01-01,11,261,Reported
55,2026-01-01,12,58,Reported
55,2026-01-01,13,320,Reported
55,2026-01-01,14,11,Reported
55,2026-01-01,15,,Not captured on form
55,2026-01-01,16,,Not captured on form
55,2026-01-01,17,,Not captured on form
55,2026-01-01,18,,Not captured on form
55,2026-01-01,19,,Not captured on form
55,2026-01-01,20,,Not captured on form
55,2026-01-01,21,32,Reported
55,2026-01-01,22,22,Reported
55,2026-01-01,23,22,Reported
55,2026-01-01,24,57,Reported
55,2026-01-01,25,27,Reported
55,2026-01-01,26,27,Reported
55,2026-01-01,27,4,Reported
55,2026-02-01,1,510,Reported
55,2026-02-01,2,126,Reported
55,2026-02-01,3,107,Reported
55,2026-02-01,4,15,Reported
55,2026-02-01,5,15,Reported
55,2026-02-01,6,4,Reported
55,2026-02-01,7,7,Reported
55,2026-02-01,8,6,Reported
55,2026-02-01,9,5,Reported
55,2026-02-01,10,35,Reported
55,2026-02-01,11,244,Reported
55,2026-02-01,12,41,Reported
55,2026-02-01,13,266,Reported
55,2026-02-01,14,42,Reported
55,2026-02-01,15,,Not captured on form
55,2026-02-01,16,,Not captured on form
55,2026-02-01,17,,Not captured on form
55,2026-02-01,18,,Not captured on form
55,2026-02-01,19,,Not captured on form
55,2026-02-01,20,,Not captured on form
55,2026-02-01,21,50,Reported
55,2026-02-01,22,43,Reported
55,2026-02-01,23,43,Reported
55,2026-02-01,24,64,Reported
55,2026-02-01,25,48,Reported
55,2026-02-01,26,48,Reported
55,2026-02-01,27,4,Reported
55,2026-03-01,1,479,Reported
55,2026-03-01,2,121,Reported
55,2026-03-01,3,97,Reported
55,2026-03-01,4,20,Reported
55,2026-03-01,5,14,Reported
55,2026-03-01,6,13,Reported
55,2026-03-01,7,18,Reported
55,2026-03-01,8,17,Reported
55,2026-03-01,9,7,Reported
55,2026-03-01,10,20,Reported
55,2026-03-01,11,237,Reported
55,2026-03-01,12,32,Reported
55,2026-03-01,13,268,Reported
55,2026-03-01,14,1,Reported
55,2026-03-01,15,,Not captured on form
55,2026-03-01,16,,Not captured on form
55,2026-03-01,17,,Not captured on form
55,2026-03-01,18,,Not captured on form
55,2026-03-01,19,,Not captured on form
55,2026-03-01,20,,Not captured on form
55,2026-03-01,21,70,Reported
55,2026-03-01,22,57,Reported
55,2026-03-01,23,57,Reported
55,2026-03-01,24,45,Reported
55,2026-03-01,25,38,Reported
55,2026-03-01,26,38,Reported
55,2026-03-01,27,4,Reported
55,2026-04-01,1,566,Reported
55,2026-04-01,2,74,Reported
55,2026-04-01,3,78,Reported
55,2026-04-01,4,14,Reported
55,2026-04-01,5,10,Reported
55,2026-04-01,6,16,Reported
55,2026-04-01,7,5,Reported
55,2026-04-01,8,5,Reported
55,2026-04-01,9,4,Reported
55,2026-04-01,10,47,Reported
55,2026-04-01,11,289,Reported
55,2026-04-01,12,40,Reported
55,2026-04-01,13,313,Reported
55,2026-04-01,14,7,Reported
55,2026-04-01,15,,Not captured on form
55,2026-04-01,16,,Not captured on form
55,2026-04-01,17,,Not captured on form
55,2026-04-01,18,,Not captured on form
55,2026-04-01,19,,Not captured on form
55,2026-04-01,20,,Not captured on form
55,2026-04-01,21,30,Reported
55,2026-04-01,22,24,Reported
55,2026-04-01,23,24,Reported
55,2026-04-01,24,4,Reported
55,2026-04-01,25,5,Reported
55,2026-04-01,26,48,Reported
55,2026-04-01,27,4,Reported
55,2026-05-01,1,538,Reported
55,2026-05-01,2,75,Reported
55,2026-05-01,3,71,Reported
55,2026-05-01,4,9,Reported
55,2026-05-01,5,3,Reported
55,2026-05-01,6,6,Reported
55,2026-05-01,7,6,Reported
55,2026-05-01,8,6,Reported
55,2026-05-01,9,1,Reported
55,2026-05-01,10,47,Reported
55,2026-05-01,11,248,Reported
55,2026-05-01,12,25,Reported
55,2026-05-01,13,281,Reported
55,2026-05-01,14,62,Reported
55,2026-05-01,15,,Not captured on form
55,2026-05-01,16,,Not captured on form
55,2026-05-01,17,,Not captured on form
55,2026-05-01,18,,Not captured on form
55,2026-05-01,19,,Not captured on form
55,2026-05-01,20,,Not captured on form
55,2026-05-01,21,29,Reported
55,2026-05-01,22,29,Reported
55,2026-05-01,23,29,Reported
55,2026-05-01,24,41,Reported
55,2026-05-01,25,28,Reported
55,2026-05-01,26,28,Reported
55,2026-05-01,27,5,Reported
55,2026-06-01,1,471,Reported
55,2026-06-01,2,61,Reported
55,2026-06-01,3,81,Reported
55,2026-06-01,4,14,Reported
55,2026-06-01,5,15,Reported
55,2026-06-01,6,3,Reported
55,2026-06-01,7,6,Reported
55,2026-06-01,8,11,Reported
55,2026-06-01,9,9,Reported
55,2026-06-01,10,41,Reported
55,2026-06-01,11,276,Reported
55,2026-06-01,12,50,Reported
55,2026-06-01,13,285,Reported
55,2026-06-01,14,3,Reported
55,2026-06-01,15,1,Reported
55,2026-06-01,16,0,Reported zero
55,2026-06-01,17,0,Reported zero
55,2026-06-01,18,2,Reported
55,2026-06-01,19,1,Reported
55,2026-06-01,20,0,Reported zero
55,2026-06-01,21,35,Reported
55,2026-06-01,22,35,Reported
55,2026-06-01,23,35,Reported
55,2026-06-01,24,27,Reported
55,2026-06-01,25,27,Reported
55,2026-06-01,26,27,Reported
55,2026-06-01,27,4,Reported
55,2026-07-01,1,574,Reported
55,2026-07-01,2,61,Reported
55,2026-07-01,3,78,Reported
55,2026-07-01,4,11,Reported
55,2026-07-01,5,8,Reported
55,2026-07-01,6,4,Reported
55,2026-07-01,7,14,Reported
55,2026-07-01,8,5,Reported
55,2026-07-01,9,3,Reported
55,2026-07-01,10,43,Reported
55,2026-07-01,11,324,Reported
55,2026-07-01,12,57,Reported
55,2026-07-01,13,378,Reported
55,2026-07-01,14,7,Reported
55,2026-07-01,15,2,Reported
55,2026-07-01,16,0,Reported zero
55,2026-07-01,17,0,Reported zero
55,2026-07-01,18,5,Reported
55,2026-07-01,19,2,Reported
55,2026-07-01,20,0,Reported zero
55,2026-07-01,21,30,Reported
55,2026-07-01,22,26,Reported
55,2026-07-01,23,26,Reported
55,2026-07-01,24,41,Reported
55,2026-07-01,25,26,Reported
55,2026-07-01,26,26,Reported
55,2026-07-01,27,5,Reported
55,2026-08-01,1,434,Reported
55,2026-08-01,2,51,Reported
55,2026-08-01,3,48,Reported
55,2026-08-01,4,11,Reported
55,2026-08-01,5,9,Reported
55,2026-08-01,6,6,Reported
55,2026-08-01,7,8,Reported
55,2026-08-01,8,0,Reported zero
55,2026-08-01,9,0,Reported zero
55,2026-08-01,10,29,Reported
55,2026-08-01,11,247,Reported
55,2026-08-01,12,33,Reported
55,2026-08-01,13,294,Reported
55,2026-08-01,14,13,Reported
55,2026-08-01,15,7,Reported
55,2026-08-01,16,0,Reported zero
55,2026-08-01,17,0,Reported zero
55,2026-08-01,18,5,Reported
55,2026-08-01,19,7,Reported
55,2026-08-01,20,0,Reported zero
55,2026-08-01,21,37,Reported
55,2026-08-01,22,33,Reported
55,2026-08-01,23,33,Reported
55,2026-08-01,24,23,Reported
55,2026-08-01,25,26,Reported
55,2026-08-01,26,26,Reported
55,2026-08-01,27,4,Reported
55,2026-09-01,1,421,Reported
55,2026-09-01,2,25,Reported
55,2026-09-01,3,58,Reported
55,2026-09-01,4,15,Reported
55,2026-09-01,5,6,Reported
55,2026-09-01,6,3,Reported
55,2026-09-01,7,16,Reported
55,2026-09-01,8,15,Reported
55,2026-09-01,9,1,Reported
55,2026-09-01,10,28,Reported
55,2026-09-01,11,261,Reported
55,2026-09-01,12,47,Reported
55,2026-09-01,13,301,Reported
55,2026-09-01,14,4,Reported
55,2026-09-01,15,0,Reported zero
55,2026-09-01,16,0,Reported zero
55,2026-09-01,17,0,Reported zero
55,2026-09-01,18,4,Reported
55,2026-09-01,19,0,Reported zero
55,2026-09-01,20,0,Reported zero
55,2026-09-01,21,10,Reported
55,2026-09-01,22,10,Reported
55,2026-09-01,23,10,Reported
55,2026-09-01,24,50,Reported
55,2026-09-01,25,13,Reported
55,2026-09-01,26,13,Reported
55,2026-09-01,27,4,Reported
56,2026-01-01,1,60,Reported
56,2026-01-01,2,47,Reported
56,2026-01-01,3,17,Reported
56,2026-01-01,4,10,Reported
56,2026-01-01,5,0,Reported zero
56,2026-01-01,6,0,Reported zero
56,2026-01-01,7,10,Reported
56,2026-01-01,8,4,Reported
56,2026-01-01,9,3,Reported
56,2026-01-01,10,0,Reported zero
56,2026-01-01,11,60,Reported
56,2026-01-01,12,15,Reported
56,2026-01-01,13,33,Reported
56,2026-01-01,14,33,Reported
56,2026-01-01,15,,Not captured on form
56,2026-01-01,16,,Not captured on form
56,2026-01-01,17,,Not captured on form
56,2026-01-01,18,,Not captured on form
56,2026-01-01,19,,Not captured on form
56,2026-01-01,20,,Not captured on form
56,2026-01-01,21,4,Reported
56,2026-01-01,22,2,Reported
56,2026-01-01,23,2,Reported
56,2026-01-01,24,33,Reported
56,2026-01-01,25,22,Reported
56,2026-01-01,26,22,Reported
56,2026-01-01,27,2,Reported
56,2026-02-01,1,60,Reported
56,2026-02-01,2,43,Reported
56,2026-02-01,3,9,Reported
56,2026-02-01,4,5,Reported
56,2026-02-01,5,0,Reported zero
56,2026-02-01,6,0,Reported zero
56,2026-02-01,7,5,Reported
56,2026-02-01,8,1,Reported
56,2026-02-01,9,3,Reported
56,2026-02-01,10,0,Reported zero
56,2026-02-01,11,83,Reported
56,2026-02-01,12,12,Reported
56,2026-02-01,13,69,Reported
56,2026-02-01,14,69,Reported
56,2026-02-01,15,,Not captured on form
56,2026-02-01,16,,Not captured on form
56,2026-02-01,17,,Not captured on form
56,2026-02-01,18,,Not captured on form
56,2026-02-01,19,,Not captured on form
56,2026-02-01,20,,Not captured on form
56,2026-02-01,21,5,Reported
56,2026-02-01,22,2,Reported
56,2026-02-01,23,2,Reported
56,2026-02-01,24,28,Reported
56,2026-02-01,25,12,Reported
56,2026-02-01,26,12,Reported
56,2026-02-01,27,4,Reported
56,2026-03-01,1,66,Reported
56,2026-03-01,2,49,Reported
56,2026-03-01,3,9,Reported
56,2026-03-01,4,9,Reported
56,2026-03-01,5,0,Reported zero
56,2026-03-01,6,0,Reported zero
56,2026-03-01,7,3,Reported
56,2026-03-01,8,0,Reported zero
56,2026-03-01,9,0,Reported zero
56,2026-03-01,10,1,Reported
56,2026-03-01,11,82,Reported
56,2026-03-01,12,12,Reported
56,2026-03-01,13,0,Reported zero
56,2026-03-01,14,0,Reported zero
56,2026-03-01,15,,Not captured on form
56,2026-03-01,16,,Not captured on form
56,2026-03-01,17,,Not captured on form
56,2026-03-01,18,,Not captured on form
56,2026-03-01,19,,Not captured on form
56,2026-03-01,20,,Not captured on form
56,2026-03-01,21,9,Reported
56,2026-03-01,22,5,Reported
56,2026-03-01,23,5,Reported
56,2026-03-01,24,35,Reported
56,2026-03-01,25,15,Reported
56,2026-03-01,26,15,Reported
56,2026-03-01,27,2,Reported
56,2026-04-01,1,63,Reported
56,2026-04-01,2,46,Reported
56,2026-04-01,3,16,Reported
56,2026-04-01,4,6,Reported
56,2026-04-01,5,0,Reported zero
56,2026-04-01,6,0,Reported zero
56,2026-04-01,7,2,Reported
56,2026-04-01,8,3,Reported
56,2026-04-01,9,2,Reported
56,2026-04-01,10,2,Reported
56,2026-04-01,11,76,Reported
56,2026-04-01,12,16,Reported
56,2026-04-01,13,0,Reported zero
56,2026-04-01,14,0,Reported zero
56,2026-04-01,15,,Not captured on form
56,2026-04-01,16,,Not captured on form
56,2026-04-01,17,,Not captured on form
56,2026-04-01,18,,Not captured on form
56,2026-04-01,19,,Not captured on form
56,2026-04-01,20,,Not captured on form
56,2026-04-01,21,7,Reported
56,2026-04-01,22,5,Reported
56,2026-04-01,23,5,Reported
56,2026-04-01,24,31,Reported
56,2026-04-01,25,22,Reported
56,2026-04-01,26,31,Reported
56,2026-04-01,27,2,Reported
56,2026-05-01,1,22,Reported
56,2026-05-01,2,55,Reported
56,2026-05-01,3,19,Reported
56,2026-05-01,4,11,Reported
56,2026-05-01,5,0,Reported zero
56,2026-05-01,6,0,Reported zero
56,2026-05-01,7,11,Reported
56,2026-05-01,8,8,Reported
56,2026-05-01,9,0,Reported zero
56,2026-05-01,10,0,Reported zero
56,2026-05-01,11,87,Reported
56,2026-05-01,12,13,Reported
56,2026-05-01,13,0,Reported zero
56,2026-05-01,14,0,Reported zero
56,2026-05-01,15,,Not captured on form
56,2026-05-01,16,,Not captured on form
56,2026-05-01,17,,Not captured on form
56,2026-05-01,18,,Not captured on form
56,2026-05-01,19,,Not captured on form
56,2026-05-01,20,,Not captured on form
56,2026-05-01,21,10,Reported
56,2026-05-01,22,9,Reported
56,2026-05-01,23,9,Reported
56,2026-05-01,24,39,Reported
56,2026-05-01,25,26,Reported
56,2026-05-01,26,26,Reported
56,2026-05-01,27,2,Reported
56,2026-06-01,1,75,Reported
56,2026-06-01,2,59,Reported
56,2026-06-01,3,11,Reported
56,2026-06-01,4,6,Reported
56,2026-06-01,5,0,Reported zero
56,2026-06-01,6,0,Reported zero
56,2026-06-01,7,6,Reported
56,2026-06-01,8,5,Reported
56,2026-06-01,9,0,Reported zero
56,2026-06-01,10,0,Reported zero
56,2026-06-01,11,86,Reported
56,2026-06-01,12,13,Reported
56,2026-06-01,13,40,Reported
56,2026-06-01,14,40,Reported
56,2026-06-01,15,0,Reported zero
56,2026-06-01,16,0,Reported zero
56,2026-06-01,17,0,Reported zero
56,2026-06-01,18,40,Reported
56,2026-06-01,19,0,Reported zero
56,2026-06-01,20,0,Reported zero
56,2026-06-01,21,1,Reported
56,2026-06-01,22,1,Reported
56,2026-06-01,23,1,Reported
56,2026-06-01,24,52,Reported
56,2026-06-01,25,25,Reported
56,2026-06-01,26,52,Reported
56,2026-06-01,27,2,Reported
56,2026-07-01,1,79,Reported
56,2026-07-01,2,64,Reported
56,2026-07-01,3,15,Reported
56,2026-07-01,4,8,Reported
56,2026-07-01,5,0,Reported zero
56,2026-07-01,6,0,Reported zero
56,2026-07-01,7,8,Reported
56,2026-07-01,8,7,Reported
56,2026-07-01,9,0,Reported zero
56,2026-07-01,10,0,Reported zero
56,2026-07-01,11,82,Reported
56,2026-07-01,12,20,Reported
56,2026-07-01,13,40,Reported
56,2026-07-01,14,40,Reported
56,2026-07-01,15,40,Reported
56,2026-07-01,16,0,Reported zero
56,2026-07-01,17,3,Reported
56,2026-07-01,18,37,Reported
56,2026-07-01,19,0,Reported zero
56,2026-07-01,20,0,Reported zero
56,2026-07-01,21,5,Reported
56,2026-07-01,22,0,Reported zero
56,2026-07-01,23,0,Reported zero
56,2026-07-01,24,54,Reported
56,2026-07-01,25,37,Reported
56,2026-07-01,26,37,Reported
56,2026-07-01,27,2,Reported
56,2026-08-01,1,75,Reported
56,2026-08-01,2,57,Reported
56,2026-08-01,3,16,Reported
56,2026-08-01,4,2,Reported
56,2026-08-01,5,0,Reported zero
56,2026-08-01,6,8,Reported
56,2026-08-01,7,2,Reported
56,2026-08-01,8,8,Reported
56,2026-08-01,9,6,Reported
56,2026-08-01,10,2,Reported
56,2026-08-01,11,86,Reported
56,2026-08-01,12,20,Reported
56,2026-08-01,13,36,Reported
56,2026-08-01,14,36,Reported
56,2026-08-01,15,36,Reported
56,2026-08-01,16,0,Reported zero
56,2026-08-01,17,0,Reported zero
56,2026-08-01,18,36,Reported
56,2026-08-01,19,0,Reported zero
56,2026-08-01,20,0,Reported zero
56,2026-08-01,21,8,Reported
56,2026-08-01,22,6,Reported
56,2026-08-01,23,6,Reported
56,2026-08-01,24,39,Reported
56,2026-08-01,25,26,Reported
56,2026-08-01,26,26,Reported
56,2026-08-01,27,2,Reported
56,2026-09-01,1,79,Reported
56,2026-09-01,2,63,Reported
56,2026-09-01,3,20,Reported
56,2026-09-01,4,2,Reported
56,2026-09-01,5,0,Reported zero
56,2026-09-01,6,0,Reported zero
56,2026-09-01,7,2,Reported
56,2026-09-01,8,5,Reported
56,2026-09-01,9,15,Reported
56,2026-09-01,10,2,Reported
56,2026-09-01,11,86,Reported
56,2026-09-01,12,16,Reported
56,2026-09-01,13,50,Reported
56,2026-09-01,14,50,Reported
56,2026-09-01,15,50,Reported
56,2026-09-01,16,0,Reported zero
56,2026-09-01,17,7,Reported
56,2026-09-01,18,43,Reported
56,2026-09-01,19,0,Reported zero
56,2026-09-01,20,0,Reported zero
56,2026-09-01,21,10,Reported
56,2026-09-01,22,8,Reported
56,2026-09-01,23,8,Reported
56,2026-09-01,24,44,Reported
56,2026-09-01,25,32,Reported
56,2026-09-01,26,32,Reported
56,2026-09-01,27,2,Reported
57,2026-01-01,1,304,Reported
57,2026-01-01,2,135,Reported
57,2026-01-01,3,52,Reported
57,2026-01-01,4,8,Reported
57,2026-01-01,5,26,Reported
57,2026-01-01,6,14,Reported
57,2026-01-01,7,7,Reported
57,2026-01-01,8,5,Reported
57,2026-01-01,9,3,Reported
57,2026-01-01,10,4,Reported
57,2026-01-01,11,176,Reported
57,2026-01-01,12,62,Reported
57,2026-01-01,13,32,Reported
57,2026-01-01,14,32,Reported
57,2026-01-01,15,,Not captured on form
57,2026-01-01,16,,Not captured on form
57,2026-01-01,17,,Not captured on form
57,2026-01-01,18,,Not captured on form
57,2026-01-01,19,,Not captured on form
57,2026-01-01,20,,Not captured on form
57,2026-01-01,21,50,Reported
57,2026-01-01,22,10,Reported
57,2026-01-01,23,10,Reported
57,2026-01-01,24,80,Reported
57,2026-01-01,25,52,Reported
57,2026-01-01,26,52,Reported
57,2026-01-01,27,3,Reported
57,2026-02-01,1,408,Reported
57,2026-02-01,2,197,Reported
57,2026-02-01,3,75,Reported
57,2026-02-01,4,15,Reported
57,2026-02-01,5,36,Reported
57,2026-02-01,6,25,Reported
57,2026-02-01,7,4,Reported
57,2026-02-01,8,2,Reported
57,2026-02-01,9,1,Reported
57,2026-02-01,10,2,Reported
57,2026-02-01,11,149,Reported
57,2026-02-01,12,33,Reported
57,2026-02-01,13,30,Reported
57,2026-02-01,14,25,Reported
57,2026-02-01,15,,Not captured on form
57,2026-02-01,16,,Not captured on form
57,2026-02-01,17,,Not captured on form
57,2026-02-01,18,,Not captured on form
57,2026-02-01,19,,Not captured on form
57,2026-02-01,20,,Not captured on form
57,2026-02-01,21,50,Reported
57,2026-02-01,22,10,Reported
57,2026-02-01,23,10,Reported
57,2026-02-01,24,140,Reported
57,2026-02-01,25,43,Reported
57,2026-02-01,26,43,Reported
57,2026-02-01,27,2,Reported
57,2026-03-01,1,569,Reported
57,2026-03-01,2,148,Reported
57,2026-03-01,3,83,Reported
57,2026-03-01,4,10,Reported
57,2026-03-01,5,9,Reported
57,2026-03-01,6,20,Reported
57,2026-03-01,7,70,Reported
57,2026-03-01,8,35,Reported
57,2026-03-01,9,10,Reported
57,2026-03-01,10,6,Reported
57,2026-03-01,11,144,Reported
57,2026-03-01,12,203,Reported
57,2026-03-01,13,38,Reported
57,2026-03-01,14,36,Reported
57,2026-03-01,15,,Not captured on form
57,2026-03-01,16,,Not captured on form
57,2026-03-01,17,,Not captured on form
57,2026-03-01,18,,Not captured on form
57,2026-03-01,19,,Not captured on form
57,2026-03-01,20,,Not captured on form
57,2026-03-01,21,35,Reported
57,2026-03-01,22,14,Reported
57,2026-03-01,23,14,Reported
57,2026-03-01,24,93,Reported
57,2026-03-01,25,37,Reported
57,2026-03-01,26,37,Reported
57,2026-03-01,27,4,Reported
57,2026-04-01,1,446,Reported
57,2026-04-01,2,240,Reported
57,2026-04-01,3,38,Reported
57,2026-04-01,4,6,Reported
57,2026-04-01,5,12,Reported
57,2026-04-01,6,6,Reported
57,2026-04-01,7,50,Reported
57,2026-04-01,8,60,Reported
57,2026-04-01,9,26,Reported
57,2026-04-01,10,6,Reported
57,2026-04-01,11,101,Reported
57,2026-04-01,12,64,Reported
57,2026-04-01,13,25,Reported
57,2026-04-01,14,17,Reported
57,2026-04-01,15,,Not captured on form
57,2026-04-01,16,,Not captured on form
57,2026-04-01,17,,Not captured on form
57,2026-04-01,18,,Not captured on form
57,2026-04-01,19,,Not captured on form
57,2026-04-01,20,,Not captured on form
57,2026-04-01,21,100,Reported
57,2026-04-01,22,100,Reported
57,2026-04-01,23,2,Reported
57,2026-04-01,24,130,Reported
57,2026-04-01,25,40,Reported
57,2026-04-01,26,40,Reported
57,2026-04-01,27,4,Reported
57,2026-05-01,1,,No report submitted
57,2026-05-01,2,,No report submitted
57,2026-05-01,3,,No report submitted
57,2026-05-01,4,,No report submitted
57,2026-05-01,5,,No report submitted
57,2026-05-01,6,,No report submitted
57,2026-05-01,7,,No report submitted
57,2026-05-01,8,,No report submitted
57,2026-05-01,9,,No report submitted
57,2026-05-01,10,,No report submitted
57,2026-05-01,11,,No report submitted
57,2026-05-01,12,,No report submitted
57,2026-05-01,13,,No report submitted
57,2026-05-01,14,,No report submitted
57,2026-05-01,15,,No report submitted
57,2026-05-01,16,,No report submitted
57,2026-05-01,17,,No report submitted
57,2026-05-01,18,,No report submitted
57,2026-05-01,19,,No report submitted
57,2026-05-01,20,,No report submitted
57,2026-05-01,21,,No report submitted
57,2026-05-01,22,,No report submitted
57,2026-05-01,23,,No report submitted
57,2026-05-01,24,,No report submitted
57,2026-05-01,25,,No report submitted
57,2026-05-01,26,,No report submitted
57,2026-05-01,27,,No report submitted
57,2026-06-01,1,,No report submitted
57,2026-06-01,2,,No report submitted
57,2026-06-01,3,,No report submitted
57,2026-06-01,4,,No report submitted
57,2026-06-01,5,,No report submitted
57,2026-06-01,6,,No report submitted
57,2026-06-01,7,,No report submitted
57,2026-06-01,8,,No report submitted
57,2026-06-01,9,,No report submitted
57,2026-06-01,10,,No report submitted
57,2026-06-01,11,,No report submitted
57,2026-06-01,12,,No report submitted
57,2026-06-01,13,,No report submitted
57,2026-06-01,14,,No report submitted
57,2026-06-01,15,,No report submitted
57,2026-06-01,16,,No report submitted
57,2026-06-01,17,,No report submitted
57,2026-06-01,18,,No report submitted
57,2026-06-01,19,,No report submitted
57,2026-06-01,20,,No report submitted
57,2026-06-01,21,,No report submitted
57,2026-06-01,22,,No report submitted
57,2026-06-01,23,,No report submitted
57,2026-06-01,24,,No report submitted
57,2026-06-01,25,,No report submitted
57,2026-06-01,26,,No report submitted
57,2026-06-01,27,,No report submitted
57,2026-07-01,1,,No report submitted
57,2026-07-01,2,,No report submitted
57,2026-07-01,3,,No report submitted
57,2026-07-01,4,,No report submitted
57,2026-07-01,5,,No report submitted
57,2026-07-01,6,,No report submitted
57,2026-07-01,7,,No report submitted
57,2026-07-01,8,,No report submitted
57,2026-07-01,9,,No report submitted
57,2026-07-01,10,,No report submitted
57,2026-07-01,11,,No report submitted
57,2026-07-01,12,,No report submitted
57,2026-07-01,13,,No report submitted
57,2026-07-01,14,,No report submitted
57,2026-07-01,15,,No report submitted
57,2026-07-01,16,,No report submitted
57,2026-07-01,17,,No report submitted
57,2026-07-01,18,,No report submitted
57,2026-07-01,19,,No report submitted
57,2026-07-01,20,,No report submitted
57,2026-07-01,21,,No report submitted
57,2026-07-01,22,,No report submitted
57,2026-07-01,23,,No report submitted
57,2026-07-01,24,,No report submitted
57,2026-07-01,25,,No report submitted
57,2026-07-01,26,,No report submitted
57,2026-07-01,27,,No report submitted
57,2026-08-01,1,,No report submitted
57,2026-08-01,2,,No report submitted
57,2026-08-01,3,,No report submitted
57,2026-08-01,4,,No report submitted
57,2026-08-01,5,,No report submitted
57,2026-08-01,6,,No report submitted
57,2026-08-01,7,,No report submitted
57,2026-08-01,8,,No report submitted
57,2026-08-01,9,,No report submitted
57,2026-08-01,10,,No report submitted
57,2026-08-01,11,,No report submitted
57,2026-08-01,12,,No report submitted
57,2026-08-01,13,,No report submitted
57,2026-08-01,14,,No report submitted
57,2026-08-01,15,,No report submitted
57,2026-08-01,16,,No report submitted
57,2026-08-01,17,,No report submitted
57,2026-08-01,18,,No report submitted
57,2026-08-01,19,,No report submitted
57,2026-08-01,20,,No report submitted
57,2026-08-01,21,,No report submitted
57,2026-08-01,22,,No report submitted
57,2026-08-01,23,,No report submitted
57,2026-08-01,24,,No report submitted
57,2026-08-01,25,,No report submitted
57,2026-08-01,26,,No report submitted
57,2026-08-01,27,,No report submitted
57,2026-09-01,1,,No report submitted
57,2026-09-01,2,,No report submitted
57,2026-09-01,3,,No report submitted
57,2026-09-01,4,,No report submitted
57,2026-09-01,5,,No report submitted
57,2026-09-01,6,,No report submitted
57,2026-09-01,7,,No report submitted
57,2026-09-01,8,,No report submitted
57,2026-09-01,9,,No report submitted
57,2026-09-01,10,,No report submitted
57,2026-09-01,11,,No report submitted
57,2026-09-01,12,,No report submitted
57,2026-09-01,13,,No report submitted
57,2026-09-01,14,,No report submitted
57,2026-09-01,15,,No report submitted
57,2026-09-01,16,,No report submitted
57,2026-09-01,17,,No report submitted
57,2026-09-01,18,,No report submitted
57,2026-09-01,19,,No report submitted
57,2026-09-01,20,,No report submitted
57,2026-09-01,21,,No report submitted
57,2026-09-01,22,,No report submitted
57,2026-09-01,23,,No report submitted
57,2026-09-01,24,,No report submitted
57,2026-09-01,25,,No report submitted
57,2026-09-01,26,,No report submitted
57,2026-09-01,27,,No report submitted
58,2026-01-01,1,1803,Reported
58,2026-01-01,2,281,Reported
58,2026-01-01,3,180,Reported
58,2026-01-01,4,40,Reported
58,2026-01-01,5,31,Reported
58,2026-01-01,6,21,Reported
58,2026-01-01,7,40,Reported
58,2026-01-01,8,31,Reported
58,2026-01-01,9,31,Reported
58,2026-01-01,10,36,Reported
58,2026-01-01,11,196,Reported
58,2026-01-01,12,8,Reported
58,2026-01-01,13,236,Reported
58,2026-01-01,14,61,Reported
58,2026-01-01,15,,Not captured on form
58,2026-01-01,16,,Not captured on form
58,2026-01-01,17,,Not captured on form
58,2026-01-01,18,,Not captured on form
58,2026-01-01,19,,Not captured on form
58,2026-01-01,20,,Not captured on form
58,2026-01-01,21,61,Reported
58,2026-01-01,22,50,Reported
58,2026-01-01,23,50,Reported
58,2026-01-01,24,223,Reported
58,2026-01-01,25,81,Reported
58,2026-01-01,26,81,Reported
58,2026-01-01,27,10,Reported
58,2026-02-01,1,2017,Reported
58,2026-02-01,2,327,Reported
58,2026-02-01,3,200,Reported
58,2026-02-01,4,32,Reported
58,2026-02-01,5,36,Reported
58,2026-02-01,6,26,Reported
58,2026-02-01,7,32,Reported
58,2026-02-01,8,37,Reported
58,2026-02-01,9,33,Reported
58,2026-02-01,10,40,Reported
58,2026-02-01,11,248,Reported
58,2026-02-01,12,21,Reported
58,2026-02-01,13,294,Reported
58,2026-02-01,14,53,Reported
58,2026-02-01,15,,Not captured on form
58,2026-02-01,16,,Not captured on form
58,2026-02-01,17,,Not captured on form
58,2026-02-01,18,,Not captured on form
58,2026-02-01,19,,Not captured on form
58,2026-02-01,20,,Not captured on form
58,2026-02-01,21,123,Reported
58,2026-02-01,22,75,Reported
58,2026-02-01,23,75,Reported
58,2026-02-01,24,191,Reported
58,2026-02-01,25,111,Reported
58,2026-02-01,26,111,Reported
58,2026-02-01,27,14,Reported
58,2026-03-01,1,2080,Reported
58,2026-03-01,2,367,Reported
58,2026-03-01,3,210,Reported
58,2026-03-01,4,47,Reported
58,2026-03-01,5,40,Reported
58,2026-03-01,6,30,Reported
58,2026-03-01,7,47,Reported
58,2026-03-01,8,35,Reported
58,2026-03-01,9,26,Reported
58,2026-03-01,10,39,Reported
58,2026-03-01,11,284,Reported
58,2026-03-01,12,33,Reported
58,2026-03-01,13,223,Reported
58,2026-03-01,14,61,Reported
58,2026-03-01,15,,Not captured on form
58,2026-03-01,16,,Not captured on form
58,2026-03-01,17,,Not captured on form
58,2026-03-01,18,,Not captured on form
58,2026-03-01,19,,Not captured on form
58,2026-03-01,20,,Not captured on form
58,2026-03-01,21,122,Reported
58,2026-03-01,22,70,Reported
58,2026-03-01,23,70,Reported
58,2026-03-01,24,245,Reported
58,2026-03-01,25,69,Reported
58,2026-03-01,26,69,Reported
58,2026-03-01,27,28,Reported
58,2026-04-01,1,2197,Reported
58,2026-04-01,2,468,Reported
58,2026-04-01,3,276,Reported
58,2026-04-01,4,47,Reported
58,2026-04-01,5,38,Reported
58,2026-04-01,6,36,Reported
58,2026-04-01,7,47,Reported
58,2026-04-01,8,40,Reported
58,2026-04-01,9,37,Reported
58,2026-04-01,10,40,Reported
58,2026-04-01,11,291,Reported
58,2026-04-01,12,24,Reported
58,2026-04-01,13,348,Reported
58,2026-04-01,14,55,Reported
58,2026-04-01,15,,Not captured on form
58,2026-04-01,16,,Not captured on form
58,2026-04-01,17,,Not captured on form
58,2026-04-01,18,,Not captured on form
58,2026-04-01,19,,Not captured on form
58,2026-04-01,20,,Not captured on form
58,2026-04-01,21,155,Reported
58,2026-04-01,22,46,Reported
58,2026-04-01,23,46,Reported
58,2026-04-01,24,253,Reported
58,2026-04-01,25,131,Reported
58,2026-04-01,26,131,Reported
58,2026-04-01,27,16,Reported
58,2026-05-01,1,1769,Reported
58,2026-05-01,2,403,Reported
58,2026-05-01,3,253,Reported
58,2026-05-01,4,47,Reported
58,2026-05-01,5,44,Reported
58,2026-05-01,6,41,Reported
58,2026-05-01,7,47,Reported
58,2026-05-01,8,42,Reported
58,2026-05-01,9,41,Reported
58,2026-05-01,10,38,Reported
58,2026-05-01,11,313,Reported
58,2026-05-01,12,14,Reported
58,2026-05-01,13,369,Reported
58,2026-05-01,14,31,Reported
58,2026-05-01,15,,Not captured on form
58,2026-05-01,16,,Not captured on form
58,2026-05-01,17,,Not captured on form
58,2026-05-01,18,,Not captured on form
58,2026-05-01,19,,Not captured on form
58,2026-05-01,20,,Not captured on form
58,2026-05-01,21,131,Reported
58,2026-05-01,22,70,Reported
58,2026-05-01,23,70,Reported
58,2026-05-01,24,240,Reported
58,2026-05-01,25,92,Reported
58,2026-05-01,26,92,Reported
58,2026-05-01,27,28,Reported
58,2026-06-01,1,2739,Reported
58,2026-06-01,2,421,Reported
58,2026-06-01,3,324,Reported
58,2026-06-01,4,83,Reported
58,2026-06-01,5,50,Reported
58,2026-06-01,6,55,Reported
58,2026-06-01,7,83,Reported
58,2026-06-01,8,49,Reported
58,2026-06-01,9,41,Reported
58,2026-06-01,10,45,Reported
58,2026-06-01,11,420,Reported
58,2026-06-01,12,26,Reported
58,2026-06-01,13,472,Reported
58,2026-06-01,14,56,Reported
58,2026-06-01,15,0,Reported zero
58,2026-06-01,16,0,Reported zero
58,2026-06-01,17,19,Reported
58,2026-06-01,18,86,Reported
58,2026-06-01,19,7,Reported
58,2026-06-01,20,0,Reported zero
58,2026-06-01,21,154,Reported
58,2026-06-01,22,83,Reported
58,2026-06-01,23,83,Reported
58,2026-06-01,24,225,Reported
58,2026-06-01,25,118,Reported
58,2026-06-01,26,118,Reported
58,2026-06-01,27,4,Reported
58,2026-07-01,1,2044,Reported
58,2026-07-01,2,382,Reported
58,2026-07-01,3,200,Reported
58,2026-07-01,4,50,Reported
58,2026-07-01,5,37,Reported
58,2026-07-01,6,36,Reported
58,2026-07-01,7,50,Reported
58,2026-07-01,8,36,Reported
58,2026-07-01,9,20,Reported
58,2026-07-01,10,40,Reported
58,2026-07-01,11,159,Reported
58,2026-07-01,12,29,Reported
58,2026-07-01,13,480,Reported
58,2026-07-01,14,60,Reported
58,2026-07-01,15,0,Reported zero
58,2026-07-01,16,0,Reported zero
58,2026-07-01,17,61,Reported
58,2026-07-01,18,61,Reported
58,2026-07-01,19,0,Reported zero
58,2026-07-01,20,0,Reported zero
58,2026-07-01,21,101,Reported
58,2026-07-01,22,58,Reported
58,2026-07-01,23,58,Reported
58,2026-07-01,24,211,Reported
58,2026-07-01,25,106,Reported
58,2026-07-01,26,106,Reported
58,2026-07-01,27,5,Reported
58,2026-08-01,1,2271,Reported
58,2026-08-01,2,439,Reported
58,2026-08-01,3,223,Reported
58,2026-08-01,4,60,Reported
58,2026-08-01,5,40,Reported
58,2026-08-01,6,40,Reported
58,2026-08-01,7,60,Reported
58,2026-08-01,8,43,Reported
58,2026-08-01,9,30,Reported
58,2026-08-01,10,40,Reported
58,2026-08-01,11,140,Reported
58,2026-08-01,12,11,Reported
58,2026-08-01,13,512,Reported
58,2026-08-01,14,61,Reported
58,2026-08-01,15,0,Reported zero
58,2026-08-01,16,7,Reported
58,2026-08-01,17,15,Reported
58,2026-08-01,18,74,Reported
58,2026-08-01,19,4,Reported
58,2026-08-01,20,0,Reported zero
58,2026-08-01,21,92,Reported
58,2026-08-01,22,42,Reported
58,2026-08-01,23,42,Reported
58,2026-08-01,24,291,Reported
58,2026-08-01,25,148,Reported
58,2026-08-01,26,148,Reported
58,2026-08-01,27,4,Reported
58,2026-09-01,1,1930,Reported
58,2026-09-01,2,245,Reported
58,2026-09-01,3,196,Reported
58,2026-09-01,4,51,Reported
58,2026-09-01,5,37,Reported
58,2026-09-01,6,27,Reported
58,2026-09-01,7,51,Reported
58,2026-09-01,8,33,Reported
58,2026-09-01,9,27,Reported
58,2026-09-01,10,45,Reported
58,2026-09-01,11,298,Reported
58,2026-09-01,12,46,Reported
58,2026-09-01,13,505,Reported
58,2026-09-01,14,66,Reported
58,2026-09-01,15,4,Reported
58,2026-09-01,16,0,Reported zero
58,2026-09-01,17,34,Reported
58,2026-09-01,18,54,Reported
58,2026-09-01,19,5,Reported
58,2026-09-01,20,0,Reported zero
58,2026-09-01,21,121,Reported
58,2026-09-01,22,50,Reported
58,2026-09-01,23,50,Reported
58,2026-09-01,24,338,Reported
58,2026-09-01,25,201,Reported
58,2026-09-01,26,201,Reported
58,2026-09-01,27,9,Reported
59,2026-01-01,1,731,Reported
59,2026-01-01,2,43,Reported
59,2026-01-01,3,159,Reported
59,2026-01-01,4,39,Reported
59,2026-01-01,5,19,Reported
59,2026-01-01,6,6,Reported
59,2026-01-01,7,51,Reported
59,2026-01-01,8,58,Reported
59,2026-01-01,9,14,Reported
59,2026-01-01,10,3,Reported
59,2026-01-01,11,267,Reported
59,2026-01-01,12,40,Reported
59,2026-01-01,13,159,Reported
59,2026-01-01,14,72,Reported
59,2026-01-01,15,,Not captured on form
59,2026-01-01,16,,Not captured on form
59,2026-01-01,17,,Not captured on form
59,2026-01-01,18,,Not captured on form
59,2026-01-01,19,,Not captured on form
59,2026-01-01,20,,Not captured on form
59,2026-01-01,21,16,Reported
59,2026-01-01,22,11,Reported
59,2026-01-01,23,11,Reported
59,2026-01-01,24,4,Reported
59,2026-01-01,25,3,Reported
59,2026-01-01,26,3,Reported
59,2026-01-01,27,1,Reported
59,2026-02-01,1,653,Reported
59,2026-02-01,2,41,Reported
59,2026-02-01,3,152,Reported
59,2026-02-01,4,25,Reported
59,2026-02-01,5,23,Reported
59,2026-02-01,6,4,Reported
59,2026-02-01,7,59,Reported
59,2026-02-01,8,37,Reported
59,2026-02-01,9,18,Reported
59,2026-02-01,10,4,Reported
59,2026-02-01,11,267,Reported
59,2026-02-01,12,45,Reported
59,2026-02-01,13,152,Reported
59,2026-02-01,14,20,Reported
59,2026-02-01,15,,Not captured on form
59,2026-02-01,16,,Not captured on form
59,2026-02-01,17,,Not captured on form
59,2026-02-01,18,,Not captured on form
59,2026-02-01,19,,Not captured on form
59,2026-02-01,20,,Not captured on form
59,2026-02-01,21,22,Reported
59,2026-02-01,22,13,Reported
59,2026-02-01,23,13,Reported
59,2026-02-01,24,10,Reported
59,2026-02-01,25,10,Reported
59,2026-02-01,26,5,Reported
59,2026-02-01,27,0,Reported zero
59,2026-03-01,1,652,Reported
59,2026-03-01,2,47,Reported
59,2026-03-01,3,196,Reported
59,2026-03-01,4,131,Reported
59,2026-03-01,5,29,Reported
59,2026-03-01,6,3,Reported
59,2026-03-01,7,79,Reported
59,2026-03-01,8,70,Reported
59,2026-03-01,9,9,Reported
59,2026-03-01,10,7,Reported
59,2026-03-01,11,274,Reported
59,2026-03-01,12,62,Reported
59,2026-03-01,13,68,Reported
59,2026-03-01,14,32,Reported
59,2026-03-01,15,,Not captured on form
59,2026-03-01,16,,Not captured on form
59,2026-03-01,17,,Not captured on form
59,2026-03-01,18,,Not captured on form
59,2026-03-01,19,,Not captured on form
59,2026-03-01,20,,Not captured on form
59,2026-03-01,21,5,Reported
59,2026-03-01,22,5,Reported
59,2026-03-01,23,5,Reported
59,2026-03-01,24,5,Reported
59,2026-03-01,25,5,Reported
59,2026-03-01,26,5,Reported
59,2026-03-01,27,1,Reported
59,2026-04-01,1,705,Reported
59,2026-04-01,2,37,Reported
59,2026-04-01,3,187,Reported
59,2026-04-01,4,14,Reported
59,2026-04-01,5,14,Reported
59,2026-04-01,6,12,Reported
59,2026-04-01,7,55,Reported
59,2026-04-01,8,84,Reported
59,2026-04-01,9,21,Reported
59,2026-04-01,10,10,Reported
59,2026-04-01,11,343,Reported
59,2026-04-01,12,61,Reported
59,2026-04-01,13,52,Reported
59,2026-04-01,14,37,Reported
59,2026-04-01,15,,Not captured on form
59,2026-04-01,16,,Not captured on form
59,2026-04-01,17,,Not captured on form
59,2026-04-01,18,,Not captured on form
59,2026-04-01,19,,Not captured on form
59,2026-04-01,20,,Not captured on form
59,2026-04-01,21,8,Reported
59,2026-04-01,22,8,Reported
59,2026-04-01,23,8,Reported
59,2026-04-01,24,11,Reported
59,2026-04-01,25,11,Reported
59,2026-04-01,26,11,Reported
59,2026-04-01,27,2,Reported
59,2026-05-01,1,485,Reported
59,2026-05-01,2,27,Reported
59,2026-05-01,3,133,Reported
59,2026-05-01,4,69,Reported
59,2026-05-01,5,7,Reported
59,2026-05-01,6,4,Reported
59,2026-05-01,7,133,Reported
59,2026-05-01,8,0,Reported zero
59,2026-05-01,9,2,Reported
59,2026-05-01,10,9,Reported
59,2026-05-01,11,193,Reported
59,2026-05-01,12,32,Reported
59,2026-05-01,13,36,Reported
59,2026-05-01,14,26,Reported
59,2026-05-01,15,,Not captured on form
59,2026-05-01,16,,Not captured on form
59,2026-05-01,17,,Not captured on form
59,2026-05-01,18,,Not captured on form
59,2026-05-01,19,,Not captured on form
59,2026-05-01,20,,Not captured on form
59,2026-05-01,21,7,Reported
59,2026-05-01,22,7,Reported
59,2026-05-01,23,7,Reported
59,2026-05-01,24,4,Reported
59,2026-05-01,25,4,Reported
59,2026-05-01,26,4,Reported
59,2026-05-01,27,4,Reported
59,2026-06-01,1,711,Reported
59,2026-06-01,2,45,Reported
59,2026-06-01,3,167,Reported
59,2026-06-01,4,17,Reported
59,2026-06-01,5,8,Reported
59,2026-06-01,6,4,Reported
59,2026-06-01,7,40,Reported
59,2026-06-01,8,60,Reported
59,2026-06-01,9,3,Reported
59,2026-06-01,10,10,Reported
59,2026-06-01,11,284,Reported
59,2026-06-01,12,38,Reported
59,2026-06-01,13,0,Reported zero
59,2026-06-01,14,0,Reported zero
59,2026-06-01,15,0,Reported zero
59,2026-06-01,16,0,Reported zero
59,2026-06-01,17,0,Reported zero
59,2026-06-01,18,0,Reported zero
59,2026-06-01,19,0,Reported zero
59,2026-06-01,20,0,Reported zero
59,2026-06-01,21,21,Reported
59,2026-06-01,22,4,Reported
59,2026-06-01,23,10,Reported
59,2026-06-01,24,15,Reported
59,2026-06-01,25,15,Reported
59,2026-06-01,26,15,Reported
59,2026-06-01,27,7,Reported
59,2026-07-01,1,728,Reported
59,2026-07-01,2,39,Reported
59,2026-07-01,3,154,Reported
59,2026-07-01,4,25,Reported
59,2026-07-01,5,14,Reported
59,2026-07-01,6,10,Reported
59,2026-07-01,7,41,Reported
59,2026-07-01,8,59,Reported
59,2026-07-01,9,14,Reported
59,2026-07-01,10,6,Reported
59,2026-07-01,11,401,Reported
59,2026-07-01,12,34,Reported
59,2026-07-01,13,154,Reported
59,2026-07-01,14,23,Reported
59,2026-07-01,15,5,Reported
59,2026-07-01,16,1,Reported
59,2026-07-01,17,1,Reported
59,2026-07-01,18,10,Reported
59,2026-07-01,19,4,Reported
59,2026-07-01,20,5,Reported
59,2026-07-01,21,13,Reported
59,2026-07-01,22,11,Reported
59,2026-07-01,23,11,Reported
59,2026-07-01,24,14,Reported
59,2026-07-01,25,9,Reported
59,2026-07-01,26,9,Reported
59,2026-07-01,27,3,Reported
59,2026-08-01,1,684,Reported
59,2026-08-01,2,28,Reported
59,2026-08-01,3,140,Reported
59,2026-08-01,4,26,Reported
59,2026-08-01,5,14,Reported
59,2026-08-01,6,3,Reported
59,2026-08-01,7,34,Reported
59,2026-08-01,8,28,Reported
59,2026-08-01,9,15,Reported
59,2026-08-01,10,4,Reported
59,2026-08-01,11,346,Reported
59,2026-08-01,12,25,Reported
59,2026-08-01,13,140,Reported
59,2026-08-01,14,16,Reported
59,2026-08-01,15,0,Reported zero
59,2026-08-01,16,0,Reported zero
59,2026-08-01,17,0,Reported zero
59,2026-08-01,18,16,Reported
59,2026-08-01,19,7,Reported
59,2026-08-01,20,0,Reported zero
59,2026-08-01,21,7,Reported
59,2026-08-01,22,4,Reported
59,2026-08-01,23,4,Reported
59,2026-08-01,24,3,Reported
59,2026-08-01,25,3,Reported
59,2026-08-01,26,3,Reported
59,2026-08-01,27,2,Reported
59,2026-09-01,1,,No report submitted
59,2026-09-01,2,,No report submitted
59,2026-09-01,3,,No report submitted
59,2026-09-01,4,,No report submitted
59,2026-09-01,5,,No report submitted
59,2026-09-01,6,,No report submitted
59,2026-09-01,7,,No report submitted
59,2026-09-01,8,,No report submitted
59,2026-09-01,9,,No report submitted
59,2026-09-01,10,,No report submitted
59,2026-09-01,11,,No report submitted
59,2026-09-01,12,,No report submitted
59,2026-09-01,13,,No report submitted
59,2026-09-01,14,,No report submitted
59,2026-09-01,15,,No report submitted
59,2026-09-01,16,,No report submitted
59,2026-09-01,17,,No report submitted
59,2026-09-01,18,,No report submitted
59,2026-09-01,19,,No report submitted
59,2026-09-01,20,,No report submitted
59,2026-09-01,21,,No report submitted
59,2026-09-01,22,,No report submitted
59,2026-09-01,23,,No report submitted
59,2026-09-01,24,,No report submitted
59,2026-09-01,25,,No report submitted
59,2026-09-01,26,,No report submitted
59,2026-09-01,27,,No report submitted
60,2026-01-01,1,538,Reported
60,2026-01-01,2,221,Reported
60,2026-01-01,3,26,Reported
60,2026-01-01,4,4,Reported
60,2026-01-01,5,5,Reported
60,2026-01-01,6,2,Reported
60,2026-01-01,7,3,Reported
60,2026-01-01,8,4,Reported
60,2026-01-01,9,0,Reported zero
60,2026-01-01,10,7,Reported
60,2026-01-01,11,2328,Reported
60,2026-01-01,12,475,Reported
60,2026-01-01,13,43,Reported
60,2026-01-01,14,14,Reported
60,2026-01-01,15,,Not captured on form
60,2026-01-01,16,,Not captured on form
60,2026-01-01,17,,Not captured on form
60,2026-01-01,18,,Not captured on form
60,2026-01-01,19,,Not captured on form
60,2026-01-01,20,,Not captured on form
60,2026-01-01,21,96,Reported
60,2026-01-01,22,34,Reported
60,2026-01-01,23,34,Reported
60,2026-01-01,24,152,Reported
60,2026-01-01,25,61,Reported
60,2026-01-01,26,61,Reported
60,2026-01-01,27,0,Reported zero
60,2026-02-01,1,657,Reported
60,2026-02-01,2,360,Reported
60,2026-02-01,3,30,Reported
60,2026-02-01,4,5,Reported
60,2026-02-01,5,1,Reported
60,2026-02-01,6,0,Reported zero
60,2026-02-01,7,1,Reported
60,2026-02-01,8,1,Reported
60,2026-02-01,9,0,Reported zero
60,2026-02-01,10,1,Reported
60,2026-02-01,11,1776,Reported
60,2026-02-01,12,435,Reported
60,2026-02-01,13,46,Reported
60,2026-02-01,14,14,Reported
60,2026-02-01,15,,Not captured on form
60,2026-02-01,16,,Not captured on form
60,2026-02-01,17,,Not captured on form
60,2026-02-01,18,,Not captured on form
60,2026-02-01,19,,Not captured on form
60,2026-02-01,20,,Not captured on form
60,2026-02-01,21,38,Reported
60,2026-02-01,22,16,Reported
60,2026-02-01,23,16,Reported
60,2026-02-01,24,131,Reported
60,2026-02-01,25,71,Reported
60,2026-02-01,26,71,Reported
60,2026-02-01,27,4,Reported
60,2026-03-01,1,570,Reported
60,2026-03-01,2,336,Reported
60,2026-03-01,3,32,Reported
60,2026-03-01,4,3,Reported
60,2026-03-01,5,5,Reported
60,2026-03-01,6,2,Reported
60,2026-03-01,7,5,Reported
60,2026-03-01,8,3,Reported
60,2026-03-01,9,0,Reported zero
60,2026-03-01,10,4,Reported
60,2026-03-01,11,3005,Reported
60,2026-03-01,12,475,Reported
60,2026-03-01,13,35,Reported
60,2026-03-01,14,15,Reported
60,2026-03-01,15,,Not captured on form
60,2026-03-01,16,,Not captured on form
60,2026-03-01,17,,Not captured on form
60,2026-03-01,18,,Not captured on form
60,2026-03-01,19,,Not captured on form
60,2026-03-01,20,,Not captured on form
60,2026-03-01,21,41,Reported
60,2026-03-01,22,21,Reported
60,2026-03-01,23,21,Reported
60,2026-03-01,24,140,Reported
60,2026-03-01,25,74,Reported
60,2026-03-01,26,74,Reported
60,2026-03-01,27,20,Reported
60,2026-04-01,1,613,Reported
60,2026-04-01,2,416,Reported
60,2026-04-01,3,41,Reported
60,2026-04-01,4,10,Reported
60,2026-04-01,5,3,Reported
60,2026-04-01,6,3,Reported
60,2026-04-01,7,4,Reported
60,2026-04-01,8,1,Reported
60,2026-04-01,9,0,Reported zero
60,2026-04-01,10,4,Reported
60,2026-04-01,11,2037,Reported
60,2026-04-01,12,502,Reported
60,2026-04-01,13,47,Reported
60,2026-04-01,14,14,Reported
60,2026-04-01,15,,Not captured on form
60,2026-04-01,16,,Not captured on form
60,2026-04-01,17,,Not captured on form
60,2026-04-01,18,,Not captured on form
60,2026-04-01,19,,Not captured on form
60,2026-04-01,20,,Not captured on form
60,2026-04-01,21,33,Reported
60,2026-04-01,22,16,Reported
60,2026-04-01,23,16,Reported
60,2026-04-01,24,128,Reported
60,2026-04-01,25,70,Reported
60,2026-04-01,26,70,Reported
60,2026-04-01,27,137,Reported
60,2026-05-01,1,614,Reported
60,2026-05-01,2,340,Reported
60,2026-05-01,3,15,Reported
60,2026-05-01,4,4,Reported
60,2026-05-01,5,2,Reported
60,2026-05-01,6,0,Reported zero
60,2026-05-01,7,4,Reported
60,2026-05-01,8,0,Reported zero
60,2026-05-01,9,0,Reported zero
60,2026-05-01,10,9,Reported
60,2026-05-01,11,2198,Reported
60,2026-05-01,12,429,Reported
60,2026-05-01,13,19,Reported
60,2026-05-01,14,6,Reported
60,2026-05-01,15,,Not captured on form
60,2026-05-01,16,,Not captured on form
60,2026-05-01,17,,Not captured on form
60,2026-05-01,18,,Not captured on form
60,2026-05-01,19,,Not captured on form
60,2026-05-01,20,,Not captured on form
60,2026-05-01,21,43,Reported
60,2026-05-01,22,19,Reported
60,2026-05-01,23,19,Reported
60,2026-05-01,24,91,Reported
60,2026-05-01,25,53,Reported
60,2026-05-01,26,53,Reported
60,2026-05-01,27,8,Reported
60,2026-06-01,1,787,Reported
60,2026-06-01,2,519,Reported
60,2026-06-01,3,71,Reported
60,2026-06-01,4,39,Reported
60,2026-06-01,5,5,Reported
60,2026-06-01,6,2,Reported
60,2026-06-01,7,0,Reported zero
60,2026-06-01,8,29,Reported
60,2026-06-01,9,2,Reported
60,2026-06-01,10,8,Reported
60,2026-06-01,11,9431,Reported
60,2026-06-01,12,478,Reported
60,2026-06-01,13,36,Reported
60,2026-06-01,14,10,Reported
60,2026-06-01,15,4,Reported
60,2026-06-01,16,0,Reported zero
60,2026-06-01,17,0,Reported zero
60,2026-06-01,18,20,Reported
60,2026-06-01,19,6,Reported
60,2026-06-01,20,5,Reported
60,2026-06-01,21,73,Reported
60,2026-06-01,22,23,Reported
60,2026-06-01,23,23,Reported
60,2026-06-01,24,154,Reported
60,2026-06-01,25,64,Reported
60,2026-06-01,26,64,Reported
60,2026-06-01,27,10,Reported
60,2026-07-01,1,615,Reported
60,2026-07-01,2,341,Reported
60,2026-07-01,3,60,Reported
60,2026-07-01,4,8,Reported
60,2026-07-01,5,4,Reported
60,2026-07-01,6,2,Reported
60,2026-07-01,7,9,Reported
60,2026-07-01,8,4,Reported
60,2026-07-01,9,0,Reported zero
60,2026-07-01,10,5,Reported
60,2026-07-01,11,2071,Reported
60,2026-07-01,12,444,Reported
60,2026-07-01,13,22,Reported
60,2026-07-01,14,3,Reported
60,2026-07-01,15,20,Reported
60,2026-07-01,16,0,Reported zero
60,2026-07-01,17,0,Reported zero
60,2026-07-01,18,17,Reported
60,2026-07-01,19,0,Reported zero
60,2026-07-01,20,0,Reported zero
60,2026-07-01,21,91,Reported
60,2026-07-01,22,36,Reported
60,2026-07-01,23,36,Reported
60,2026-07-01,24,193,Reported
60,2026-07-01,25,78,Reported
60,2026-07-01,26,78,Reported
60,2026-07-01,27,8,Reported
60,2026-08-01,1,590,Reported
60,2026-08-01,2,343,Reported
60,2026-08-01,3,46,Reported
60,2026-08-01,4,2,Reported
60,2026-08-01,5,9,Reported
60,2026-08-01,6,1,Reported
60,2026-08-01,7,4,Reported
60,2026-08-01,8,4,Reported
60,2026-08-01,9,0,Reported zero
60,2026-08-01,10,12,Reported
60,2026-08-01,11,2381,Reported
60,2026-08-01,12,437,Reported
60,2026-08-01,13,49,Reported
60,2026-08-01,14,12,Reported
60,2026-08-01,15,17,Reported
60,2026-08-01,16,1,Reported
60,2026-08-01,17,2,Reported
60,2026-08-01,18,28,Reported
60,2026-08-01,19,1,Reported
60,2026-08-01,20,0,Reported zero
60,2026-08-01,21,43,Reported
60,2026-08-01,22,18,Reported
60,2026-08-01,23,18,Reported
60,2026-08-01,24,109,Reported
60,2026-08-01,25,51,Reported
60,2026-08-01,26,51,Reported
60,2026-08-01,27,2,Reported
60,2026-09-01,1,527,Reported
60,2026-09-01,2,312,Reported
60,2026-09-01,3,43,Reported
60,2026-09-01,4,7,Reported
60,2026-09-01,5,9,Reported
60,2026-09-01,6,1,Reported
60,2026-09-01,7,3,Reported
60,2026-09-01,8,5,Reported
60,2026-09-01,9,3,Reported
60,2026-09-01,10,4,Reported
60,2026-09-01,11,2904,Reported
60,2026-09-01,12,548,Reported
60,2026-09-01,13,58,Reported
60,2026-09-01,14,40,Reported
60,2026-09-01,15,21,Reported
60,2026-09-01,16,2,Reported
60,2026-09-01,17,2,Reported
60,2026-09-01,18,22,Reported
60,2026-09-01,19,8,Reported
60,2026-09-01,20,0,Reported zero
60,2026-09-01,21,31,Reported
60,2026-09-01,22,30,Reported
60,2026-09-01,23,20,Reported
60,2026-09-01,24,72,Reported
60,2026-09-01,25,61,Reported
60,2026-09-01,26,61,Reported
60,2026-09-01,27,4,Reported
