row_index_raw,year,semester,world_region,country,location_raw,location_std,location_recoded,geo_level,disease_wahis_label,disease,serotype,animal_category,species,measuring_units,event_id,outbreak_id,block_id,row_type,in_study_period,new_outbreaks,susceptible,cases,killed_disposed,slaughtered,deaths,vaccinated
0,2005,Jul-Dec 2005,Africa,Nigeria,Nigeria,Nigeria,False,national,Rabies virus (Inf. with),Rabies,,Both animal categories,,-,-,-,2005|Jul-Dec 2005|Nigeria|Rabies|,outbreak_row,False,1.0,,,,,,
1,2005,Jul-Dec 2005,Africa,Nigeria,Nigeria,Nigeria,False,national,Rabies virus (Inf. with),Rabies,,Domestic,Dogs,Animal,-,-,2005|Jul-Dec 2005|Nigeria|Rabies|,animal_row,False,,1.0,1.0,1.0,0.0,0.0,0.0
2,2005,Jan-Jun 2005,Africa,Nigeria,Nigeria,Nigeria,False,national,Rabies virus (Inf. with),Rabies,,Both animal categories,,-,-,-,2005|Jan-Jun 2005|Nigeria|Rabies|,outbreak_row,False,2.0,,,,,,
3,2005,Jan-Jun 2005,Africa,Nigeria,Nigeria,Nigeria,False,national,Rabies virus (Inf. with),Rabies,,Domestic,Dogs,Animal,-,-,2005|Jan-Jun 2005|Nigeria|Rabies|,animal_row,False,,4.0,4.0,2.0,0.0,2.0,150.0
4,2006,Jan-Jun 2006,Africa,Nigeria,Anambra,Anambra,False,state,High pathogenicity avian influenza viruses (Inf. with) (poultry),HPAI,H5N1,Both animal categories,,-,-,-,2006|Jan-Jun 2006|Anambra|HPAI|H5N1,outbreak_row,True,1.0,,,,,,
5,2006,Jan-Jun 2006,Africa,Nigeria,Anambra,Anambra,False,state,High pathogenicity avian influenza viruses (Inf. with) (poultry),HPAI,H5N1,Domestic,Birds,Animal,-,-,2006|Jan-Jun 2006|Anambra|HPAI|H5N1,animal_row,True,,500.0,,,,353.0,
6,2006,Jan-Jun 2006,Africa,Nigeria,Bauchi,Bauchi,False,state,High pathogenicity avian influenza viruses (Inf. with) (poultry),HPAI,H5N1,Both animal categories,,-,-,-,2006|Jan-Jun 2006|Bauchi|HPAI|H5N1,outbreak_row,True,11.0,,,,,,
7,2006,Jan-Jun 2006,Africa,Nigeria,Bauchi,Bauchi,False,state,High pathogenicity avian influenza viruses (Inf. with) (poultry),HPAI,H5N1,Domestic,Birds,Animal,-,-,2006|Jan-Jun 2006|Bauchi|HPAI|H5N1,animal_row,True,,19475.0,193.0,98941.0,0.0,62941.0,0.0
8,2006,Jan-Jun 2006,Africa,Nigeria,Benue,Benue,False,state,High pathogenicity avian influenza viruses (Inf. with) (poultry),HPAI,H5N1,Both animal categories,,-,-,-,2006|Jan-Jun 2006|Benue|HPAI|H5N1,outbreak_row,True,1.0,,,,,,
9,2006,Jan-Jun 2006,Africa,Nigeria,Benue,Benue,False,state,High pathogenicity avian influenza viruses (Inf. with) (poultry),HPAI,H5N1,Domestic,Birds,Animal,-,-,2006|Jan-Jun 2006|Benue|HPAI|H5N1,animal_row,True,,600.0,,,,594.0,
10,2006,Jan-Jun 2006,Africa,Nigeria,Borno,Borno,False,state,High pathogenicity avian influenza viruses (Inf. with) (poultry),HPAI,H5N1,Both animal categories,,-,-,-,2006|Jan-Jun 2006|Borno|HPAI|H5N1,outbreak_row,True,1.0,,,,,,
11,2006,Jan-Jun 2006,Africa,Nigeria,Borno,Borno,False,state,High pathogenicity avian influenza viruses (Inf. with) (poultry),HPAI,H5N1,Domestic,Birds,Animal,-,-,2006|Jan-Jun 2006|Borno|HPAI|H5N1,animal_row,True,,36.0,36.0,16.0,0.0,20.0,0.0
12,2006,Jan-Jun 2006,Africa,Nigeria,Federal Capital Territory,Federal Capital Territory,False,state,High pathogenicity avian influenza viruses (Inf. with) (poultry),HPAI,H5N1,Both animal categories,,-,-,-,2006|Jan-Jun 2006|Federal Capital Territory|HPAI|H5N1,outbreak_row,True,4.0,,,,,,
13,2006,Jan-Jun 2006,Africa,Nigeria,Federal Capital Territory,Federal Capital Territory,False,state,High pathogenicity avian influenza viruses (Inf. with) (poultry),HPAI,H5N1,Domestic,Birds,Animal,-,-,2006|Jan-Jun 2006|Federal Capital Territory|HPAI|H5N1,animal_row,True,,629.0,,,,202.0,
14,2006,Jan-Jun 2006,Africa,Nigeria,Jigawa,Jigawa,False,state,High pathogenicity avian influenza viruses (Inf. with) (poultry),HPAI,H5N1,Both animal categories,,-,-,-,2006|Jan-Jun 2006|Jigawa|HPAI|H5N1,outbreak_row,True,2.0,,,,,,
15,2006,Jan-Jun 2006,Africa,Nigeria,Jigawa,Jigawa,False,state,High pathogenicity avian influenza viruses (Inf. with) (poultry),HPAI,H5N1,Domestic,Birds,Animal,-,-,2006|Jan-Jun 2006|Jigawa|HPAI|H5N1,animal_row,True,,,,,0.0,9026.0,0.0
16,2006,Jan-Jun 2006,Africa,Nigeria,Kaduna,Kaduna,False,state,High pathogenicity avian influenza viruses (Inf. with) (poultry),HPAI,H5N1,Both animal categories,,-,-,-,2006|Jan-Jun 2006|Kaduna|HPAI|H5N1,outbreak_row,True,18.0,,,,,,
17,2006,Jan-Jun 2006,Africa,Nigeria,Kaduna,Kaduna,False,state,High pathogenicity avian influenza viruses (Inf. with) (poultry),HPAI,H5N1,Domestic,Birds,Animal,-,-,2006|Jan-Jun 2006|Kaduna|HPAI|H5N1,animal_row,True,,123073.0,42528.0,15740.0,0.0,86223.0,0.0
18,2006,Jan-Jun 2006,Africa,Nigeria,Kano,Kano,False,state,High pathogenicity avian influenza viruses (Inf. with) (poultry),HPAI,H5N1,Both animal categories,,-,-,-,2006|Jan-Jun 2006|Kano|HPAI|H5N1,outbreak_row,True,8.0,,,,,,
19,2006,Jan-Jun 2006,Africa,Nigeria,Kano,Kano,False,state,High pathogenicity avian influenza viruses (Inf. with) (poultry),HPAI,H5N1,Domestic,Birds,Animal,-,-,2006|Jan-Jun 2006|Kano|HPAI|H5N1,animal_row,True,,78741.0,3916.0,46554.0,0.0,3911.0,0.0
20,2006,Jan-Jun 2006,Africa,Nigeria,Katsina,Katsina,False,state,High pathogenicity avian influenza viruses (Inf. with) (poultry),HPAI,H5N1,Both animal categories,,-,-,-,2006|Jan-Jun 2006|Katsina|HPAI|H5N1,outbreak_row,True,9.0,,,,,,
21,2006,Jan-Jun 2006,Africa,Nigeria,Katsina,Katsina,False,state,High pathogenicity avian influenza viruses (Inf. with) (poultry),HPAI,H5N1,Domestic,Birds,Animal,-,-,2006|Jan-Jun 2006|Katsina|HPAI|H5N1,animal_row,True,,15074.0,,,0.0,,0.0
22,2006,Jan-Jun 2006,Africa,Nigeria,Lagos,Lagos,False,state,High pathogenicity avian influenza viruses (Inf. with) (poultry),HPAI,H5N1,Both animal categories,,-,-,-,2006|Jan-Jun 2006|Lagos|HPAI|H5N1,outbreak_row,True,5.0,,,,,,
23,2006,Jan-Jun 2006,Africa,Nigeria,Lagos,Lagos,False,state,High pathogenicity avian influenza viruses (Inf. with) (poultry),HPAI,H5N1,Domestic,Birds,Animal,-,-,2006|Jan-Jun 2006|Lagos|HPAI|H5N1,animal_row,True,,54600.0,,,0.0,2981.0,0.0
24,2006,Jan-Jun 2006,Africa,Nigeria,Nasarawa,Nasarawa,False,state,High pathogenicity avian influenza viruses (Inf. with) (poultry),HPAI,H5N1,Both animal categories,,-,-,-,2006|Jan-Jun 2006|Nasarawa|HPAI|H5N1,outbreak_row,True,4.0,,,,,,
25,2006,Jan-Jun 2006,Africa,Nigeria,Nasarawa,Nasarawa,False,state,High pathogenicity avian influenza viruses (Inf. with) (poultry),HPAI,H5N1,Domestic,Birds,Animal,-,-,2006|Jan-Jun 2006|Nasarawa|HPAI|H5N1,animal_row,True,,25414.0,,21957.0,0.0,3457.0,0.0
26,2006,Jan-Jun 2006,Africa,Nigeria,Ogun,Ogun,False,state,High pathogenicity avian influenza viruses (Inf. with) (poultry),HPAI,H5N1,Both animal categories,,-,-,-,2006|Jan-Jun 2006|Ogun|HPAI|H5N1,outbreak_row,True,2.0,,,,,,
27,2006,Jan-Jun 2006,Africa,Nigeria,Ogun,Ogun,False,state,High pathogenicity avian influenza viruses (Inf. with) (poultry),HPAI,H5N1,Domestic,Birds,Animal,-,-,2006|Jan-Jun 2006|Ogun|HPAI|H5N1,animal_row,True,,270000.0,,,0.0,188000.0,0.0
28,2006,Jan-Jun 2006,Africa,Nigeria,Osun,Osun,False,state,Rabies virus (Inf. with),Rabies,,Both animal categories,,-,-,-,2006|Jan-Jun 2006|Osun|Rabies|,outbreak_row,True,1.0,,,,,,
29,2006,Jan-Jun 2006,Africa,Nigeria,Osun,Osun,False,state,Rabies virus (Inf. with),Rabies,,Domestic,Dogs,Animal,-,-,2006|Jan-Jun 2006|Osun|Rabies|,animal_row,True,,,,,,,
30,2006,Jan-Jun 2006,Africa,Nigeria,Oyo,Oyo,False,state,High pathogenicity avian influenza viruses (Inf. with) (poultry),HPAI,H5N1,Both animal categories,,-,-,-,2006|Jan-Jun 2006|Oyo|HPAI|H5N1,outbreak_row,True,2.0,,,,,,
31,2006,Jan-Jun 2006,Africa,Nigeria,Oyo,Oyo,False,state,High pathogenicity avian influenza viruses (Inf. with) (poultry),HPAI,H5N1,Domestic,Birds,Animal,-,-,2006|Jan-Jun 2006|Oyo|HPAI|H5N1,animal_row,True,,300.0,,280.0,0.0,20.0,0.0
32,2006,Jan-Jun 2006,Africa,Nigeria,Plateau,Plateau,False,state,High pathogenicity avian influenza viruses (Inf. with) (poultry),HPAI,H5N1,Both animal categories,,-,-,-,2006|Jan-Jun 2006|Plateau|HPAI|H5N1,outbreak_row,True,32.0,,,,,,
33,2006,Jan-Jun 2006,Africa,Nigeria,Plateau,Plateau,False,state,High pathogenicity avian influenza viruses (Inf. with) (poultry),HPAI,H5N1,Domestic,Birds,Animal,-,-,2006|Jan-Jun 2006|Plateau|HPAI|H5N1,animal_row,True,,44516.0,12475.0,31903.0,0.0,11212.0,0.0
34,2006,Jan-Jun 2006,Africa,Nigeria,Plateau,Plateau,False,state,High pathogenicity avian influenza viruses (Inf. with) (poultry),HPAI,H5N1,Wild,Wildlife (species unspecified),Animal,-,-,2006|Jan-Jun 2006|Plateau|HPAI|H5N1,animal_row,True,,1.0,1.0,0.0,0.0,1.0,0.0
35,2006,Jan-Jun 2006,Africa,Nigeria,Rivers,Rivers,False,state,High pathogenicity avian influenza viruses (Inf. with) (poultry),HPAI,H5N1,Both animal categories,,-,-,-,2006|Jan-Jun 2006|Rivers|HPAI|H5N1,outbreak_row,True,1.0,,,,,,
36,2006,Jan-Jun 2006,Africa,Nigeria,Rivers,Rivers,False,state,High pathogenicity avian influenza viruses (Inf. with) (poultry),HPAI,H5N1,Domestic,Birds,Animal,-,-,2006|Jan-Jun 2006|Rivers|HPAI|H5N1,animal_row,True,,1200.0,,,,700.0,0.0
37,2006,Jan-Jun 2006,Africa,Nigeria,Taraba,Taraba,False,state,High pathogenicity avian influenza viruses (Inf. with) (poultry),HPAI,H5N1,Both animal categories,,-,-,-,2006|Jan-Jun 2006|Taraba|HPAI|H5N1,outbreak_row,True,4.0,,,,,,
38,2006,Jan-Jun 2006,Africa,Nigeria,Taraba,Taraba,False,state,High pathogenicity avian influenza viruses (Inf. with) (poultry),HPAI,H5N1,Domestic,Birds,Animal,-,-,2006|Jan-Jun 2006|Taraba|HPAI|H5N1,animal_row,True,,81.0,,45.0,0.0,36.0,0.0
39,2006,Jan-Jun 2006,Africa,Nigeria,Yobe,Yobe,False,state,High pathogenicity avian influenza viruses (Inf. with) (poultry),HPAI,H5N1,Both animal categories,,-,-,-,2006|Jan-Jun 2006|Yobe|HPAI|H5N1,outbreak_row,True,1.0,,,,,,
40,2006,Jan-Jun 2006,Africa,Nigeria,Yobe,Yobe,False,state,High pathogenicity avian influenza viruses (Inf. with) (poultry),HPAI,H5N1,Domestic,Birds,Animal,-,-,2006|Jan-Jun 2006|Yobe|HPAI|H5N1,animal_row,True,,,6.0,,,,0.0
41,2006,Jul-Dec 2006,Africa,Nigeria,Anambra,Anambra,False,state,High pathogenicity avian influenza viruses (Inf. with) (poultry),HPAI,H5N1,Both animal categories,,-,-,-,2006|Jul-Dec 2006|Anambra|HPAI|H5N1,outbreak_row,True,2.0,,,,,,
42,2006,Jul-Dec 2006,Africa,Nigeria,Anambra,Anambra,False,state,High pathogenicity avian influenza viruses (Inf. with) (poultry),HPAI,H5N1,Domestic,Birds,Animal,-,-,2006|Jul-Dec 2006|Anambra|HPAI|H5N1,animal_row,True,,2680.0,403.0,2277.0,0.0,403.0,0.0
43,2006,Jul-Dec 2006,Africa,Nigeria,Bauchi,Bauchi,False,state,High pathogenicity avian influenza viruses (Inf. with) (poultry),HPAI,H5N1,Both animal categories,,-,-,-,2006|Jul-Dec 2006|Bauchi|HPAI|H5N1,outbreak_row,True,1.0,,,,,,
44,2006,Jul-Dec 2006,Africa,Nigeria,Bauchi,Bauchi,False,state,High pathogenicity avian influenza viruses (Inf. with) (poultry),HPAI,H5N1,Domestic,Birds,Animal,-,-,2006|Jul-Dec 2006|Bauchi|HPAI|H5N1,animal_row,True,,2500.0,2000.0,1554.0,0.0,946.0,0.0
45,2006,Jul-Dec 2006,Africa,Nigeria,Borno,Borno,False,state,High pathogenicity avian influenza viruses (Inf. with) (poultry),HPAI,H5N1,Both animal categories,,-,-,-,2006|Jul-Dec 2006|Borno|HPAI|H5N1,outbreak_row,True,2.0,,,,,,
46,2006,Jul-Dec 2006,Africa,Nigeria,Borno,Borno,False,state,High pathogenicity avian influenza viruses (Inf. with) (poultry),HPAI,H5N1,Domestic,Birds,Animal,-,-,2006|Jul-Dec 2006|Borno|HPAI|H5N1,animal_row,True,,500.0,300.0,249.0,0.0,251.0,0.0
47,2006,Jul-Dec 2006,Africa,Nigeria,Delta,Delta,False,state,High pathogenicity avian influenza viruses (Inf. with) (poultry),HPAI,H5N1,Both animal categories,,-,-,-,2006|Jul-Dec 2006|Delta|HPAI|H5N1,outbreak_row,True,1.0,,,,,,
48,2006,Jul-Dec 2006,Africa,Nigeria,Delta,Delta,False,state,High pathogenicity avian influenza viruses (Inf. with) (poultry),HPAI,H5N1,Domestic,Birds,Animal,-,-,2006|Jul-Dec 2006|Delta|HPAI|H5N1,animal_row,True,,,,,,,
49,2006,Jul-Dec 2006,Africa,Nigeria,Kaduna,Kaduna,False,state,High pathogenicity avian influenza viruses (Inf. with) (poultry),HPAI,H5N1,Both animal categories,,-,-,-,2006|Jul-Dec 2006|Kaduna|HPAI|H5N1,outbreak_row,True,4.0,,,,,,
50,2006,Jul-Dec 2006,Africa,Nigeria,Kaduna,Kaduna,False,state,High pathogenicity avian influenza viruses (Inf. with) (poultry),HPAI,H5N1,Domestic,Birds,Animal,-,-,2006|Jul-Dec 2006|Kaduna|HPAI|H5N1,animal_row,True,,,,,,,
51,2006,Jul-Dec 2006,Africa,Nigeria,Kano,Kano,False,state,High pathogenicity avian influenza viruses (Inf. with) (poultry),HPAI,H5N1,Both animal categories,,-,-,-,2006|Jul-Dec 2006|Kano|HPAI|H5N1,outbreak_row,True,6.0,,,,,,
52,2006,Jul-Dec 2006,Africa,Nigeria,Kano,Kano,False,state,High pathogenicity avian influenza viruses (Inf. with) (poultry),HPAI,H5N1,Domestic,Birds,Animal,-,-,2006|Jul-Dec 2006|Kano|HPAI|H5N1,animal_row,True,,8351.0,2500.0,7194.0,0.0,1157.0,0.0
53,2006,Jul-Dec 2006,Africa,Nigeria,Kwara,Kwara,False,state,High pathogenicity avian influenza viruses (Inf. with) (poultry),HPAI,H5N1,Both animal categories,,-,-,-,2006|Jul-Dec 2006|Kwara|HPAI|H5N1,outbreak_row,True,1.0,,,,,,
54,2006,Jul-Dec 2006,Africa,Nigeria,Kwara,Kwara,False,state,High pathogenicity avian influenza viruses (Inf. with) (poultry),HPAI,H5N1,Domestic,Birds,Animal,-,-,2006|Jul-Dec 2006|Kwara|HPAI|H5N1,animal_row,True,,6685.0,2000.0,5200.0,0.0,1485.0,0.0
55,2006,Jul-Dec 2006,Africa,Nigeria,Lagos,Lagos,False,state,High pathogenicity avian influenza viruses (Inf. with) (poultry),HPAI,H5N1,Both animal categories,,-,-,-,2006|Jul-Dec 2006|Lagos|HPAI|H5N1,outbreak_row,True,13.0,,,,,,
56,2006,Jul-Dec 2006,Africa,Nigeria,Lagos,Lagos,False,state,High pathogenicity avian influenza viruses (Inf. with) (poultry),HPAI,H5N1,Domestic,Birds,Animal,-,-,2006|Jul-Dec 2006|Lagos|HPAI|H5N1,animal_row,True,,,,,,,
57,2006,Jul-Dec 2006,Africa,Nigeria,Nasarawa,Nasarawa,False,state,High pathogenicity avian influenza viruses (Inf. with) (poultry),HPAI,H5N1,Both animal categories,,-,-,-,2006|Jul-Dec 2006|Nasarawa|HPAI|H5N1,outbreak_row,True,1.0,,,,,,
58,2006,Jul-Dec 2006,Africa,Nigeria,Nasarawa,Nasarawa,False,state,High pathogenicity avian influenza viruses (Inf. with) (poultry),HPAI,H5N1,Domestic,Birds,Animal,-,-,2006|Jul-Dec 2006|Nasarawa|HPAI|H5N1,animal_row,True,,2000.0,276.0,1724.0,0.0,276.0,0.0
59,2006,Jul-Dec 2006,Africa,Nigeria,Ogun,Ogun,False,state,High pathogenicity avian influenza viruses (Inf. with) (poultry),HPAI,H5N1,Both animal categories,,-,-,-,2006|Jul-Dec 2006|Ogun|HPAI|H5N1,outbreak_row,True,1.0,,,,,,
60,2006,Jul-Dec 2006,Africa,Nigeria,Ogun,Ogun,False,state,High pathogenicity avian influenza viruses (Inf. with) (poultry),HPAI,H5N1,Domestic,Birds,Animal,-,-,2006|Jul-Dec 2006|Ogun|HPAI|H5N1,animal_row,True,,3536.0,,,0.0,652.0,0.0
61,2006,Jul-Dec 2006,Africa,Nigeria,Plateau,Plateau,False,state,High pathogenicity avian influenza viruses (Inf. with) (poultry),HPAI,H5N1,Both animal categories,,-,-,-,2006|Jul-Dec 2006|Plateau|HPAI|H5N1,outbreak_row,True,1.0,,,,,,
62,2006,Jul-Dec 2006,Africa,Nigeria,Plateau,Plateau,False,state,High pathogenicity avian influenza viruses (Inf. with) (poultry),HPAI,H5N1,Domestic,Birds,Animal,-,-,2006|Jul-Dec 2006|Plateau|HPAI|H5N1,animal_row,True,,86.0,86.0,37.0,0.0,49.0,0.0
63,2006,Jul-Dec 2006,Africa,Nigeria,Taraba,Taraba,False,state,High pathogenicity avian influenza viruses (Inf. with) (poultry),HPAI,H5N1,Both animal categories,,-,-,-,2006|Jul-Dec 2006|Taraba|HPAI|H5N1,outbreak_row,True,4.0,,,,,,
64,2006,Jul-Dec 2006,Africa,Nigeria,Taraba,Taraba,False,state,High pathogenicity avian influenza viruses (Inf. with) (poultry),HPAI,H5N1,Domestic,Birds,Animal,-,-,2006|Jul-Dec 2006|Taraba|HPAI|H5N1,animal_row,True,,119.0,100.0,19.0,0.0,100.0,0.0
65,2007,Jan-Jun 2007,Africa,Nigeria,Adamawa,Adamawa,False,state,High pathogenicity avian influenza viruses (Inf. with) (poultry),HPAI,H5N1,Both animal categories,,-,-,-,2007|Jan-Jun 2007|Adamawa|HPAI|H5N1,outbreak_row,True,6.0,,,,,,
66,2007,Jan-Jun 2007,Africa,Nigeria,Adamawa,Adamawa,False,state,High pathogenicity avian influenza viruses (Inf. with) (poultry),HPAI,H5N1,Domestic,Birds,Animal,-,-,2007|Jan-Jun 2007|Adamawa|HPAI|H5N1,animal_row,True,,394.0,,,0.0,157.0,0.0
67,2007,Jan-Jun 2007,Africa,Nigeria,Anambra,Anambra,False,state,High pathogenicity avian influenza viruses (Inf. with) (poultry),HPAI,H5N1,Both animal categories,,-,-,-,2007|Jan-Jun 2007|Anambra|HPAI|H5N1,outbreak_row,True,2.0,,,,,,
68,2007,Jan-Jun 2007,Africa,Nigeria,Anambra,Anambra,False,state,High pathogenicity avian influenza viruses (Inf. with) (poultry),HPAI,H5N1,Domestic,Birds,Animal,-,-,2007|Jan-Jun 2007|Anambra|HPAI|H5N1,animal_row,True,,15852.0,,,0.0,,0.0
69,2007,Jan-Jun 2007,Africa,Nigeria,Bauchi,Bauchi,False,state,High pathogenicity avian influenza viruses (Inf. with) (poultry),HPAI,H5N1,Both animal categories,,-,-,-,2007|Jan-Jun 2007|Bauchi|HPAI|H5N1,outbreak_row,True,7.0,,,,,,
70,2007,Jan-Jun 2007,Africa,Nigeria,Bauchi,Bauchi,False,state,High pathogenicity avian influenza viruses (Inf. with) (poultry),HPAI,H5N1,Domestic,Birds,Animal,-,-,2007|Jan-Jun 2007|Bauchi|HPAI|H5N1,animal_row,True,,1356.0,,,0.0,286.0,0.0
71,2007,Jan-Jun 2007,Africa,Nigeria,Borno,Borno,False,state,High pathogenicity avian influenza viruses (Inf. with) (poultry),HPAI,H5N1,Both animal categories,,-,-,-,2007|Jan-Jun 2007|Borno|HPAI|H5N1,outbreak_row,True,4.0,,,,,,
72,2007,Jan-Jun 2007,Africa,Nigeria,Borno,Borno,False,state,High pathogenicity avian influenza viruses (Inf. with) (poultry),HPAI,H5N1,Domestic,Birds,Animal,-,-,2007|Jan-Jun 2007|Borno|HPAI|H5N1,animal_row,True,,300.0,200.0,140.0,0.0,160.0,0.0
73,2007,Jan-Jun 2007,Africa,Nigeria,Edo,Edo,False,state,High pathogenicity avian influenza viruses (Inf. with) (poultry),HPAI,H5N1,Both animal categories,,-,-,-,2007|Jan-Jun 2007|Edo|HPAI|H5N1,outbreak_row,True,2.0,,,,,,
74,2007,Jan-Jun 2007,Africa,Nigeria,Edo,Edo,False,state,High pathogenicity avian influenza viruses (Inf. with) (poultry),HPAI,H5N1,Domestic,Birds,Animal,-,-,2007|Jan-Jun 2007|Edo|HPAI|H5N1,animal_row,True,,6125.0,,,0.0,4000.0,0.0
75,2007,Jan-Jun 2007,Africa,Nigeria,Enugu,Enugu,False,state,High pathogenicity avian influenza viruses (Inf. with) (poultry),HPAI,H5N1,Both animal categories,,-,-,-,2007|Jan-Jun 2007|Enugu|HPAI|H5N1,outbreak_row,True,2.0,,,,,,
76,2007,Jan-Jun 2007,Africa,Nigeria,Enugu,Enugu,False,state,High pathogenicity avian influenza viruses (Inf. with) (poultry),HPAI,H5N1,Domestic,Birds,Animal,-,-,2007|Jan-Jun 2007|Enugu|HPAI|H5N1,animal_row,True,,500.0,500.0,0.0,0.0,500.0,0.0
77,2007,Jan-Jun 2007,Africa,Nigeria,Federal Capital Territory,Federal Capital Territory,False,state,High pathogenicity avian influenza viruses (Inf. with) (poultry),HPAI,H5N1,Both animal categories,,-,-,-,2007|Jan-Jun 2007|Federal Capital Territory|HPAI|H5N1,outbreak_row,True,1.0,,,,,,
78,2007,Jan-Jun 2007,Africa,Nigeria,Federal Capital Territory,Federal Capital Territory,False,state,High pathogenicity avian influenza viruses (Inf. with) (poultry),HPAI,H5N1,Domestic,Birds,Animal,-,-,2007|Jan-Jun 2007|Federal Capital Territory|HPAI|H5N1,animal_row,True,,40.0,40.0,,0.0,35.0,0.0
79,2007,Jan-Jun 2007,Africa,Nigeria,Jigawa,Jigawa,False,state,High pathogenicity avian influenza viruses (Inf. with) (poultry),HPAI,H5N1,Both animal categories,,-,-,-,2007|Jan-Jun 2007|Jigawa|HPAI|H5N1,outbreak_row,True,3.0,,,,,,
80,2007,Jan-Jun 2007,Africa,Nigeria,Jigawa,Jigawa,False,state,High pathogenicity avian influenza viruses (Inf. with) (poultry),HPAI,H5N1,Domestic,Birds,Animal,-,-,2007|Jan-Jun 2007|Jigawa|HPAI|H5N1,animal_row,True,,14057.0,50.0,0.0,0.0,3061.0,0.0
81,2007,Jan-Jun 2007,Africa,Nigeria,Kaduna,Kaduna,False,state,High pathogenicity avian influenza viruses (Inf. with) (poultry),HPAI,H5N1,Both animal categories,,-,-,-,2007|Jan-Jun 2007|Kaduna|HPAI|H5N1,outbreak_row,True,17.0,,,,,,
82,2007,Jan-Jun 2007,Africa,Nigeria,Kaduna,Kaduna,False,state,High pathogenicity avian influenza viruses (Inf. with) (poultry),HPAI,H5N1,Domestic,Birds,Animal,-,-,2007|Jan-Jun 2007|Kaduna|HPAI|H5N1,animal_row,True,,31197.0,2500.0,5875.0,0.0,7449.0,0.0
83,2007,Jan-Jun 2007,Africa,Nigeria,Kano,Kano,False,state,High pathogenicity avian influenza viruses (Inf. with) (poultry),HPAI,H5N1,Both animal categories,,-,-,-,2007|Jan-Jun 2007|Kano|HPAI|H5N1,outbreak_row,True,32.0,,,,,,
84,2007,Jan-Jun 2007,Africa,Nigeria,Kano,Kano,False,state,High pathogenicity avian influenza viruses (Inf. with) (poultry),HPAI,H5N1,Domestic,Birds,Animal,-,-,2007|Jan-Jun 2007|Kano|HPAI|H5N1,animal_row,True,,85271.0,,,0.0,4290.0,0.0
85,2007,Jan-Jun 2007,Africa,Nigeria,Katsina,Katsina,False,state,High pathogenicity avian influenza viruses (Inf. with) (poultry),HPAI,H5N1,Both animal categories,,-,-,-,2007|Jan-Jun 2007|Katsina|HPAI|H5N1,outbreak_row,True,18.0,,,,,,
86,2007,Jan-Jun 2007,Africa,Nigeria,Katsina,Katsina,False,state,High pathogenicity avian influenza viruses (Inf. with) (poultry),HPAI,H5N1,Domestic,Birds,Animal,-,-,2007|Jan-Jun 2007|Katsina|HPAI|H5N1,animal_row,True,,93438.0,,4572.0,0.0,6143.0,0.0
87,2007,Jan-Jun 2007,Africa,Nigeria,Lagos,Lagos,False,state,High pathogenicity avian influenza viruses (Inf. with) (poultry),HPAI,H5N1,Both animal categories,,-,-,-,2007|Jan-Jun 2007|Lagos|HPAI|H5N1,outbreak_row,True,4.0,,,,,,
88,2007,Jan-Jun 2007,Africa,Nigeria,Lagos,Lagos,False,state,High pathogenicity avian influenza viruses (Inf. with) (poultry),HPAI,H5N1,Domestic,Birds,Animal,-,-,2007|Jan-Jun 2007|Lagos|HPAI|H5N1,animal_row,True,,4244.0,,,0.0,867.0,0.0
89,2007,Jan-Jun 2007,Africa,Nigeria,Nasarawa,Nasarawa,False,state,High pathogenicity avian influenza viruses (Inf. with) (poultry),HPAI,H5N1,Both animal categories,,-,-,-,2007|Jan-Jun 2007|Nasarawa|HPAI|H5N1,outbreak_row,True,1.0,,,,,,
90,2007,Jan-Jun 2007,Africa,Nigeria,Nasarawa,Nasarawa,False,state,High pathogenicity avian influenza viruses (Inf. with) (poultry),HPAI,H5N1,Domestic,Birds,Animal,-,-,2007|Jan-Jun 2007|Nasarawa|HPAI|H5N1,animal_row,True,,,,,,,
91,2007,Jan-Jun 2007,Africa,Nigeria,Oyo,Oyo,False,state,High pathogenicity avian influenza viruses (Inf. with) (poultry),HPAI,H5N1,Both animal categories,,-,-,-,2007|Jan-Jun 2007|Oyo|HPAI|H5N1,outbreak_row,True,1.0,,,,,,
92,2007,Jan-Jun 2007,Africa,Nigeria,Oyo,Oyo,False,state,High pathogenicity avian influenza viruses (Inf. with) (poultry),HPAI,H5N1,Domestic,Birds,Animal,-,-,2007|Jan-Jun 2007|Oyo|HPAI|H5N1,animal_row,True,,15000.0,8600.0,2400.0,0.0,8600.0,0.0
93,2007,Jan-Jun 2007,Africa,Nigeria,Plateau,Plateau,False,state,High pathogenicity avian influenza viruses (Inf. with) (poultry),HPAI,H5N1,Both animal categories,,-,-,-,2007|Jan-Jun 2007|Plateau|HPAI|H5N1,outbreak_row,True,10.0,,,,,,
94,2007,Jan-Jun 2007,Africa,Nigeria,Plateau,Plateau,False,state,High pathogenicity avian influenza viruses (Inf. with) (poultry),HPAI,H5N1,Domestic,Birds,Animal,-,-,2007|Jan-Jun 2007|Plateau|HPAI|H5N1,animal_row,True,,12802.0,,,0.0,1532.0,0.0
95,2007,Jan-Jun 2007,Africa,Nigeria,Sokoto,Sokoto,False,state,High pathogenicity avian influenza viruses (Inf. with) (poultry),HPAI,H5N1,Both animal categories,,-,-,-,2007|Jan-Jun 2007|Sokoto|HPAI|H5N1,outbreak_row,True,4.0,,,,,,
96,2007,Jan-Jun 2007,Africa,Nigeria,Sokoto,Sokoto,False,state,High pathogenicity avian influenza viruses (Inf. with) (poultry),HPAI,H5N1,Domestic,Birds,Animal,-,-,2007|Jan-Jun 2007|Sokoto|HPAI|H5N1,animal_row,True,,,,,,,
97,2007,Jan-Jun 2007,Africa,Nigeria,Yobe,Yobe,False,state,High pathogenicity avian influenza viruses (Inf. with) (poultry),HPAI,H5N1,Both animal categories,,-,-,-,2007|Jan-Jun 2007|Yobe|HPAI|H5N1,outbreak_row,True,2.0,,,,,,
98,2007,Jan-Jun 2007,Africa,Nigeria,Yobe,Yobe,False,state,High pathogenicity avian influenza viruses (Inf. with) (poultry),HPAI,H5N1,Domestic,Birds,Animal,-,-,2007|Jan-Jun 2007|Yobe|HPAI|H5N1,animal_row,True,,68.0,,,0.0,1.0,0.0
99,2007,Jan-Jun 2007,Africa,Nigeria,Zamfara,Zamfara,False,state,High pathogenicity avian influenza viruses (Inf. with) (poultry),HPAI,H5N1,Both animal categories,,-,-,-,2007|Jan-Jun 2007|Zamfara|HPAI|H5N1,outbreak_row,True,1.0,,,,,,
100,2007,Jan-Jun 2007,Africa,Nigeria,Zamfara,Zamfara,False,state,High pathogenicity avian influenza viruses (Inf. with) (poultry),HPAI,H5N1,Domestic,Birds,Animal,-,-,2007|Jan-Jun 2007|Zamfara|HPAI|H5N1,animal_row,True,,,,,,,
101,2007,Jul-Dec 2007,Africa,Nigeria,Anambra,Anambra,False,state,High pathogenicity avian influenza viruses (Inf. with) (poultry),HPAI,H5N1,Both animal categories,,-,-,-,2007|Jul-Dec 2007|Anambra|HPAI|H5N1,outbreak_row,True,2.0,,,,,,
102,2007,Jul-Dec 2007,Africa,Nigeria,Anambra,Anambra,False,state,High pathogenicity avian influenza viruses (Inf. with) (poultry),HPAI,H5N1,Domestic,Birds,Animal,-,-,2007|Jul-Dec 2007|Anambra|HPAI|H5N1,animal_row,True,,1500.0,179.0,821.0,0.0,179.0,0.0
103,2007,Jul-Dec 2007,Africa,Nigeria,Delta,Delta,False,state,High pathogenicity avian influenza viruses (Inf. with) (poultry),HPAI,H5N1,Both animal categories,,-,-,-,2007|Jul-Dec 2007|Delta|HPAI|H5N1,outbreak_row,True,1.0,,,,,,
104,2007,Jul-Dec 2007,Africa,Nigeria,Delta,Delta,False,state,High pathogenicity avian influenza viruses (Inf. with) (poultry),HPAI,H5N1,Domestic,Birds,Animal,-,-,2007|Jul-Dec 2007|Delta|HPAI|H5N1,animal_row,True,,,,,,45.0,
105,2007,Jul-Dec 2007,Africa,Nigeria,Edo,Edo,False,state,High pathogenicity avian influenza viruses (Inf. with) (poultry),HPAI,H5N1,Both animal categories,,-,-,-,2007|Jul-Dec 2007|Edo|HPAI|H5N1,outbreak_row,True,3.0,,,,,,
106,2007,Jul-Dec 2007,Africa,Nigeria,Edo,Edo,False,state,High pathogenicity avian influenza viruses (Inf. with) (poultry),HPAI,H5N1,Domestic,Birds,Animal,-,-,2007|Jul-Dec 2007|Edo|HPAI|H5N1,animal_row,True,,7452.0,,,0.0,1267.0,0.0
107,2007,Jul-Dec 2007,Africa,Nigeria,Ekiti,Ekiti,False,state,High pathogenicity avian influenza viruses (Inf. with) (poultry),HPAI,H5N1,Both animal categories,,-,-,-,2007|Jul-Dec 2007|Ekiti|HPAI|H5N1,outbreak_row,True,1.0,,,,,,
108,2007,Jul-Dec 2007,Africa,Nigeria,Ekiti,Ekiti,False,state,High pathogenicity avian influenza viruses (Inf. with) (poultry),HPAI,H5N1,Domestic,Birds,Animal,-,-,2007|Jul-Dec 2007|Ekiti|HPAI|H5N1,animal_row,True,,2400.0,,,,1312.0,
109,2007,Jul-Dec 2007,Africa,Nigeria,Gombe,Gombe,False,state,Rabies virus (Inf. with),Rabies,,Both animal categories,,-,-,-,2007|Jul-Dec 2007|Gombe|Rabies|,outbreak_row,True,2.0,,,,,,
110,2007,Jul-Dec 2007,Africa,Nigeria,Gombe,Gombe,False,state,Rabies virus (Inf. with),Rabies,,Domestic,Dogs,Animal,-,-,2007|Jul-Dec 2007|Gombe|Rabies|,animal_row,True,,,2.0,,,2.0,
111,2007,Jul-Dec 2007,Africa,Nigeria,Lagos,Lagos,False,state,High pathogenicity avian influenza viruses (Inf. with) (poultry),HPAI,H5N1,Both animal categories,,-,-,-,2007|Jul-Dec 2007|Lagos|HPAI|H5N1,outbreak_row,True,2.0,,,,,,
112,2007,Jul-Dec 2007,Africa,Nigeria,Lagos,Lagos,False,state,High pathogenicity avian influenza viruses (Inf. with) (poultry),HPAI,H5N1,Domestic,Birds,Animal,-,-,2007|Jul-Dec 2007|Lagos|HPAI|H5N1,animal_row,True,,3000.0,,,,380.0,
113,2007,Jul-Dec 2007,Africa,Nigeria,Nasarawa,Nasarawa,False,state,High pathogenicity avian influenza viruses (Inf. with) (poultry),HPAI,H5N1,Both animal categories,,-,-,-,2007|Jul-Dec 2007|Nasarawa|HPAI|H5N1,outbreak_row,True,1.0,,,,,,
114,2007,Jul-Dec 2007,Africa,Nigeria,Nasarawa,Nasarawa,False,state,High pathogenicity avian influenza viruses (Inf. with) (poultry),HPAI,H5N1,Domestic,Birds,Animal,-,-,2007|Jul-Dec 2007|Nasarawa|HPAI|H5N1,animal_row,True,,65.0,,,0.0,11.0,0.0
115,2007,Jul-Dec 2007,Africa,Nigeria,Ogun,Ogun,False,state,High pathogenicity avian influenza viruses (Inf. with) (poultry),HPAI,H5N1,Both animal categories,,-,-,-,2007|Jul-Dec 2007|Ogun|HPAI|H5N1,outbreak_row,True,21.0,,,,,,
116,2007,Jul-Dec 2007,Africa,Nigeria,Ogun,Ogun,False,state,High pathogenicity avian influenza viruses (Inf. with) (poultry),HPAI,H5N1,Domestic,Birds,Animal,-,-,2007|Jul-Dec 2007|Ogun|HPAI|H5N1,animal_row,True,,69389.0,,,0.0,15252.0,0.0
117,2007,Jul-Dec 2007,Africa,Nigeria,Oyo,Oyo,False,state,High pathogenicity avian influenza viruses (Inf. with) (poultry),HPAI,H5N1,Both animal categories,,-,-,-,2007|Jul-Dec 2007|Oyo|HPAI|H5N1,outbreak_row,True,1.0,,,,,,
118,2007,Jul-Dec 2007,Africa,Nigeria,Oyo,Oyo,False,state,High pathogenicity avian influenza viruses (Inf. with) (poultry),HPAI,H5N1,Domestic,Birds,Animal,-,-,2007|Jul-Dec 2007|Oyo|HPAI|H5N1,animal_row,True,,720.0,,2.0,0.0,718.0,0.0
119,2007,Jul-Dec 2007,Africa,Nigeria,Zamfara,Zamfara,False,state,High pathogenicity avian influenza viruses (Inf. with) (poultry),HPAI,H5N1,Both animal categories,,-,-,-,2007|Jul-Dec 2007|Zamfara|HPAI|H5N1,outbreak_row,True,1.0,,,,,,
120,2007,Jul-Dec 2007,Africa,Nigeria,Zamfara,Zamfara,False,state,High pathogenicity avian influenza viruses (Inf. with) (poultry),HPAI,H5N1,Domestic,Birds,Animal,-,-,2007|Jul-Dec 2007|Zamfara|HPAI|H5N1,animal_row,True,,3680.0,,,,1262.0,
121,2008,Jan-Jun 2008,Africa,Nigeria,Adamawa,Adamawa,False,state,Trypanosomosis (tsetse-transmitted) (-2021),Trypanosomosis,,Both animal categories,,-,-,-,2008|Jan-Jun 2008|Adamawa|Trypanosomosis|,outbreak_row,True,5.0,,,,,,
122,2008,Jan-Jun 2008,Africa,Nigeria,Adamawa,Adamawa,False,state,Trypanosomosis (tsetse-transmitted) (-2021),Trypanosomosis,,Domestic,Cattle,Animal,-,-,2008|Jan-Jun 2008|Adamawa|Trypanosomosis|,animal_row,True,,1477.0,1436.0,3.0,18.0,7.0,0.0
123,2008,Jan-Jun 2008,Africa,Nigeria,Bauchi,Bauchi,False,state,Rabies virus (Inf. with),Rabies,,Both animal categories,,-,-,-,2008|Jan-Jun 2008|Bauchi|Rabies|,outbreak_row,True,3.0,,,,,,
124,2008,Jan-Jun 2008,Africa,Nigeria,Bauchi,Bauchi,False,state,Rabies virus (Inf. with),Rabies,,Domestic,Dogs,Animal,-,-,2008|Jan-Jun 2008|Bauchi|Rabies|,animal_row,True,,4.0,16.0,1.0,0.0,1.0,281.0
125,2008,Jan-Jun 2008,Africa,Nigeria,Federal Capital Territory,Federal Capital Territory,False,state,Trypanosomosis (tsetse-transmitted) (-2021),Trypanosomosis,,Both animal categories,,-,-,-,2008|Jan-Jun 2008|Federal Capital Territory|Trypanosomosis|,outbreak_row,True,2.0,,,,,,
126,2008,Jan-Jun 2008,Africa,Nigeria,Federal Capital Territory,Federal Capital Territory,False,state,Trypanosomosis (tsetse-transmitted) (-2021),Trypanosomosis,,Domestic,Cattle,Animal,-,-,2008|Jan-Jun 2008|Federal Capital Territory|Trypanosomosis|,animal_row,True,,600.0,113.0,0.0,3.0,0.0,0.0
127,2008,Jan-Jun 2008,Africa,Nigeria,Gombe,Gombe,False,state,Rabies virus (Inf. with),Rabies,,Both animal categories,,-,-,-,2008|Jan-Jun 2008|Gombe|Rabies|,outbreak_row,True,1.0,,,,,,
128,2008,Jan-Jun 2008,Africa,Nigeria,Gombe,Gombe,False,state,Rabies virus (Inf. with),Rabies,,Domestic,Dogs,Animal,-,-,2008|Jan-Jun 2008|Gombe|Rabies|,animal_row,True,,1.0,1.0,0.0,0.0,1.0,
129,2008,Jan-Jun 2008,Africa,Nigeria,Kaduna,Kaduna,False,state,Rabies virus (Inf. with),Rabies,,Both animal categories,,-,-,-,2008|Jan-Jun 2008|Kaduna|Rabies|,outbreak_row,True,1.0,,,,,,
130,2008,Jan-Jun 2008,Africa,Nigeria,Kaduna,Kaduna,False,state,Rabies virus (Inf. with),Rabies,,Domestic,Dogs,Animal,-,-,2008|Jan-Jun 2008|Kaduna|Rabies|,animal_row,True,,,,6.0,,,
131,2008,Jan-Jun 2008,Africa,Nigeria,Kebbi,Kebbi,False,state,High pathogenicity avian influenza viruses (Inf. with) (poultry),HPAI,H5N1,Both animal categories,,-,-,-,2008|Jan-Jun 2008|Kebbi|HPAI|H5N1,outbreak_row,True,1.0,,,,,,
132,2008,Jan-Jun 2008,Africa,Nigeria,Kebbi,Kebbi,False,state,High pathogenicity avian influenza viruses (Inf. with) (poultry),HPAI,H5N1,Domestic,Birds,Animal,-,-,2008|Jan-Jun 2008|Kebbi|HPAI|H5N1,animal_row,True,,1.0,1.0,0.0,0.0,0.0,0.0
133,2008,Jan-Jun 2008,Africa,Nigeria,Kwara,Kwara,False,state,Rabies virus (Inf. with),Rabies,,Both animal categories,,-,-,-,2008|Jan-Jun 2008|Kwara|Rabies|,outbreak_row,True,2.0,,,,,,
134,2008,Jan-Jun 2008,Africa,Nigeria,Kwara,Kwara,False,state,Rabies virus (Inf. with),Rabies,,Domestic,Dogs,Animal,-,-,2008|Jan-Jun 2008|Kwara|Rabies|,animal_row,True,,9.0,9.0,,0.0,,
135,2008,Jan-Jun 2008,Africa,Nigeria,Nasarawa,Nasarawa,False,state,Trypanosomosis (tsetse-transmitted) (-2021),Trypanosomosis,,Both animal categories,,-,-,-,2008|Jan-Jun 2008|Nasarawa|Trypanosomosis|,outbreak_row,True,1.0,,,,,,
136,2008,Jan-Jun 2008,Africa,Nigeria,Nasarawa,Nasarawa,False,state,Trypanosomosis (tsetse-transmitted) (-2021),Trypanosomosis,,Domestic,Cattle,Animal,-,-,2008|Jan-Jun 2008|Nasarawa|Trypanosomosis|,animal_row,True,,,35.0,0.0,,0.0,
137,2008,Jan-Jun 2008,Africa,Nigeria,Niger,Niger,False,state,Trypanosomosis (tsetse-transmitted) (-2021),Trypanosomosis,,Both animal categories,,-,-,-,2008|Jan-Jun 2008|Niger|Trypanosomosis|,outbreak_row,True,1.0,,,,,,
138,2008,Jan-Jun 2008,Africa,Nigeria,Niger,Niger,False,state,Trypanosomosis (tsetse-transmitted) (-2021),Trypanosomosis,,Domestic,Cattle,Animal,-,-,2008|Jan-Jun 2008|Niger|Trypanosomosis|,animal_row,True,,,15.0,0.0,0.0,0.0,
139,2008,Jan-Jun 2008,Africa,Nigeria,Ondo,Ondo,False,state,Rabies virus (Inf. with),Rabies,,Both animal categories,,-,-,-,2008|Jan-Jun 2008|Ondo|Rabies|,outbreak_row,True,2.0,,,,,,
140,2008,Jan-Jun 2008,Africa,Nigeria,Ondo,Ondo,False,state,Rabies virus (Inf. with),Rabies,,Domestic,Dogs,Animal,-,-,2008|Jan-Jun 2008|Ondo|Rabies|,animal_row,True,,21.0,2.0,2.0,0.0,0.0,312.0
141,2008,Jan-Jun 2008,Africa,Nigeria,Osun,Osun,False,state,Rabies virus (Inf. with),Rabies,,Both animal categories,,-,-,-,2008|Jan-Jun 2008|Osun|Rabies|,outbreak_row,True,2.0,,,,,,
142,2008,Jan-Jun 2008,Africa,Nigeria,Osun,Osun,False,state,Rabies virus (Inf. with),Rabies,,Domestic,Dogs,Animal,-,-,2008|Jan-Jun 2008|Osun|Rabies|,animal_row,True,,350.0,3.0,3.0,0.0,0.0,
143,2008,Jan-Jun 2008,Africa,Nigeria,Taraba,Taraba,False,state,Rabies virus (Inf. with),Rabies,,Both animal categories,,-,-,-,2008|Jan-Jun 2008|Taraba|Rabies|,outbreak_row,True,1.0,,,,,,
144,2008,Jan-Jun 2008,Africa,Nigeria,Taraba,Taraba,False,state,Rabies virus (Inf. with),Rabies,,Domestic,Dogs,Animal,-,-,2008|Jan-Jun 2008|Taraba|Rabies|,animal_row,True,,,4.0,1.0,0.0,4.0,
145,2008,Jul-Dec 2008,Africa,Nigeria,Bauchi,Bauchi,False,state,Rabies virus (Inf. with),Rabies,,Both animal categories,,-,-,-,2008|Jul-Dec 2008|Bauchi|Rabies|,outbreak_row,True,4.0,,,,,,
146,2008,Jul-Dec 2008,Africa,Nigeria,Bauchi,Bauchi,False,state,Rabies virus (Inf. with),Rabies,,Domestic,Cattle,Animal,-,-,2008|Jul-Dec 2008|Bauchi|Rabies|,animal_row,True,,4.0,2.0,0.0,0.0,2.0,
147,2008,Jul-Dec 2008,Africa,Nigeria,Bauchi,Bauchi,False,state,Rabies virus (Inf. with),Rabies,,Domestic,Dogs,Animal,-,-,2008|Jul-Dec 2008|Bauchi|Rabies|,animal_row,True,,,34.0,0.0,0.0,34.0,
148,2008,Jul-Dec 2008,Africa,Nigeria,Ekiti,Ekiti,False,state,Rabies virus (Inf. with),Rabies,,Both animal categories,,-,-,-,2008|Jul-Dec 2008|Ekiti|Rabies|,outbreak_row,True,1.0,,,,,,
149,2008,Jul-Dec 2008,Africa,Nigeria,Ekiti,Ekiti,False,state,Rabies virus (Inf. with),Rabies,,Domestic,Dogs,Animal,-,-,2008|Jul-Dec 2008|Ekiti|Rabies|,animal_row,True,,50.0,1.0,0.0,0.0,1.0,
150,2008,Jul-Dec 2008,Africa,Nigeria,Gombe,Gombe,False,state,High pathogenicity avian influenza viruses (Inf. with) (poultry),HPAI,H5N1,Both animal categories,,-,-,-,2008|Jul-Dec 2008|Gombe|HPAI|H5N1,outbreak_row,True,1.0,,,,,,
151,2008,Jul-Dec 2008,Africa,Nigeria,Gombe,Gombe,False,state,High pathogenicity avian influenza viruses (Inf. with) (poultry),HPAI,H5N1,Domestic,Birds,Animal,-,-,2008|Jul-Dec 2008|Gombe|HPAI|H5N1,animal_row,True,,1.0,1.0,0.0,0.0,0.0,0.0
152,2008,Jul-Dec 2008,Africa,Nigeria,Gombe,Gombe,False,state,Rabies virus (Inf. with),Rabies,,Both animal categories,,-,-,-,2008|Jul-Dec 2008|Gombe|Rabies|,outbreak_row,True,1.0,,,,,,
153,2008,Jul-Dec 2008,Africa,Nigeria,Gombe,Gombe,False,state,Rabies virus (Inf. with),Rabies,,Domestic,Dogs,Animal,-,-,2008|Jul-Dec 2008|Gombe|Rabies|,animal_row,True,,,10.0,0.0,0.0,10.0,
154,2008,Jul-Dec 2008,Africa,Nigeria,Kaduna,Kaduna,False,state,Rabies virus (Inf. with),Rabies,,Both animal categories,,-,-,-,2008|Jul-Dec 2008|Kaduna|Rabies|,outbreak_row,True,1.0,,,,,,
155,2008,Jul-Dec 2008,Africa,Nigeria,Kaduna,Kaduna,False,state,Rabies virus (Inf. with),Rabies,,Domestic,Dogs,Animal,-,-,2008|Jul-Dec 2008|Kaduna|Rabies|,animal_row,True,,1.0,1.0,0.0,0.0,1.0,
156,2008,Jul-Dec 2008,Africa,Nigeria,Kano,Kano,False,state,High pathogenicity avian influenza viruses (Inf. with) (poultry),HPAI,H5N1,Both animal categories,,-,-,-,2008|Jul-Dec 2008|Kano|HPAI|H5N1,outbreak_row,True,1.0,,,,,,
157,2008,Jul-Dec 2008,Africa,Nigeria,Kano,Kano,False,state,High pathogenicity avian influenza viruses (Inf. with) (poultry),HPAI,H5N1,Domestic,Birds,Animal,-,-,2008|Jul-Dec 2008|Kano|HPAI|H5N1,animal_row,True,,4253.0,1514.0,2739.0,0.0,1514.0,
158,2008,Jul-Dec 2008,Africa,Nigeria,Kano,Kano,False,state,Rabies virus (Inf. with),Rabies,,Both animal categories,,-,-,-,2008|Jul-Dec 2008|Kano|Rabies|,outbreak_row,True,1.0,,,,,,
159,2008,Jul-Dec 2008,Africa,Nigeria,Kano,Kano,False,state,Rabies virus (Inf. with),Rabies,,Domestic,Dogs,Animal,-,-,2008|Jul-Dec 2008|Kano|Rabies|,animal_row,True,,,3.0,2.0,0.0,1.0,
160,2008,Jul-Dec 2008,Africa,Nigeria,Katsina,Katsina,False,state,High pathogenicity avian influenza viruses (Inf. with) (poultry),HPAI,H5N1,Both animal categories,,-,-,-,2008|Jul-Dec 2008|Katsina|HPAI|H5N1,outbreak_row,True,1.0,,,,,,
161,2008,Jul-Dec 2008,Africa,Nigeria,Katsina,Katsina,False,state,High pathogenicity avian influenza viruses (Inf. with) (poultry),HPAI,H5N1,Domestic,Birds,Animal,-,-,2008|Jul-Dec 2008|Katsina|HPAI|H5N1,animal_row,True,,110.0,31.0,79.0,0.0,31.0,
162,2008,Jul-Dec 2008,Africa,Nigeria,Osun,Osun,False,state,Rabies virus (Inf. with),Rabies,,Both animal categories,,-,-,-,2008|Jul-Dec 2008|Osun|Rabies|,outbreak_row,True,1.0,,,,,,
163,2008,Jul-Dec 2008,Africa,Nigeria,Osun,Osun,False,state,Rabies virus (Inf. with),Rabies,,Domestic,Dogs,Animal,-,-,2008|Jul-Dec 2008|Osun|Rabies|,animal_row,True,,25.0,1.0,0.0,0.0,1.0,
164,2008,Jul-Dec 2008,Africa,Nigeria,Plateau,Plateau,False,state,Rabies virus (Inf. with),Rabies,,Both animal categories,,-,-,-,2008|Jul-Dec 2008|Plateau|Rabies|,outbreak_row,True,1.0,,,,,,
165,2008,Jul-Dec 2008,Africa,Nigeria,Plateau,Plateau,False,state,Rabies virus (Inf. with),Rabies,,Domestic,Dogs,Animal,-,-,2008|Jul-Dec 2008|Plateau|Rabies|,animal_row,True,,,1.0,0.0,0.0,1.0,
166,2008,Jul-Dec 2008,Africa,Nigeria,Taraba,Taraba,False,state,Rabies virus (Inf. with),Rabies,,Both animal categories,,-,-,-,2008|Jul-Dec 2008|Taraba|Rabies|,outbreak_row,True,1.0,,,,,,
167,2008,Jul-Dec 2008,Africa,Nigeria,Taraba,Taraba,False,state,Rabies virus (Inf. with),Rabies,,Domestic,Dogs,Animal,-,-,2008|Jul-Dec 2008|Taraba|Rabies|,animal_row,True,,,,,,,
168,2009,Jan-Jun 2009,Africa,Nigeria,Adamawa,Adamawa,False,state,Rabies virus (Inf. with),Rabies,,Both animal categories,,-,-,-,2009|Jan-Jun 2009|Adamawa|Rabies|,outbreak_row,True,1.0,,,,,,
169,2009,Jan-Jun 2009,Africa,Nigeria,Adamawa,Adamawa,False,state,Rabies virus (Inf. with),Rabies,,Domestic,Dogs,Animal,-,-,2009|Jan-Jun 2009|Adamawa|Rabies|,animal_row,True,,1.0,1.0,0.0,0.0,1.0,8.0
170,2009,Jan-Jun 2009,Africa,Nigeria,Bauchi,Bauchi,False,state,Rabies virus (Inf. with),Rabies,,Both animal categories,,-,-,-,2009|Jan-Jun 2009|Bauchi|Rabies|,outbreak_row,True,2.0,,,,,,
171,2009,Jan-Jun 2009,Africa,Nigeria,Bauchi,Bauchi,False,state,Rabies virus (Inf. with),Rabies,,Domestic,Dogs,Animal,-,-,2009|Jan-Jun 2009|Bauchi|Rabies|,animal_row,True,,5.0,2.0,0.0,0.0,2.0,6.0
172,2009,Jan-Jun 2009,Africa,Nigeria,Benue,Benue,False,state,Rabies virus (Inf. with),Rabies,,Both animal categories,,-,-,-,2009|Jan-Jun 2009|Benue|Rabies|,outbreak_row,True,1.0,,,,,,
173,2009,Jan-Jun 2009,Africa,Nigeria,Benue,Benue,False,state,Rabies virus (Inf. with),Rabies,,Domestic,Dogs,Animal,-,-,2009|Jan-Jun 2009|Benue|Rabies|,animal_row,True,,,2.0,0.0,0.0,2.0,4.0
174,2009,Jan-Jun 2009,Africa,Nigeria,Edo,Edo,False,state,Rabies virus (Inf. with),Rabies,,Both animal categories,,-,-,-,2009|Jan-Jun 2009|Edo|Rabies|,outbreak_row,True,1.0,,,,,,
175,2009,Jan-Jun 2009,Africa,Nigeria,Edo,Edo,False,state,Rabies virus (Inf. with),Rabies,,Domestic,Dogs,Animal,-,-,2009|Jan-Jun 2009|Edo|Rabies|,animal_row,True,,2.0,2.0,0.0,0.0,2.0,5.0
176,2009,Jan-Jun 2009,Africa,Nigeria,Federal Capital Territory,Federal Capital Territory,False,state,Rabies virus (Inf. with),Rabies,,Both animal categories,,-,-,-,2009|Jan-Jun 2009|Federal Capital Territory|Rabies|,outbreak_row,True,2.0,,,,,,
177,2009,Jan-Jun 2009,Africa,Nigeria,Federal Capital Territory,Federal Capital Territory,False,state,Rabies virus (Inf. with),Rabies,,Domestic,Dogs,Animal,-,-,2009|Jan-Jun 2009|Federal Capital Territory|Rabies|,animal_row,True,,1.0,2.0,0.0,0.0,2.0,15.0
178,2009,Jan-Jun 2009,Africa,Nigeria,Federal Capital Territory,Federal Capital Territory,False,state,Trypanosomosis (tsetse-transmitted) (-2021),Trypanosomosis,,Both animal categories,,-,-,-,2009|Jan-Jun 2009|Federal Capital Territory|Trypanosomosis|,outbreak_row,True,7.0,,,,,,
179,2009,Jan-Jun 2009,Africa,Nigeria,Federal Capital Territory,Federal Capital Territory,False,state,Trypanosomosis (tsetse-transmitted) (-2021),Trypanosomosis,,Domestic,Cattle,Animal,-,-,2009|Jan-Jun 2009|Federal Capital Territory|Trypanosomosis|,animal_row,True,,3615.0,5.0,0.0,0.0,2.0,
180,2009,Jan-Jun 2009,Africa,Nigeria,Jigawa,Jigawa,False,state,Rabies virus (Inf. with),Rabies,,Both animal categories,,-,-,-,2009|Jan-Jun 2009|Jigawa|Rabies|,outbreak_row,True,3.0,,,,,,
181,2009,Jan-Jun 2009,Africa,Nigeria,Jigawa,Jigawa,False,state,Rabies virus (Inf. with),Rabies,,Domestic,Dogs,Animal,-,-,2009|Jan-Jun 2009|Jigawa|Rabies|,animal_row,True,,,6.0,3.0,0.0,3.0,359.0
182,2009,Jan-Jun 2009,Africa,Nigeria,Kano,Kano,False,state,Rabies virus (Inf. with),Rabies,,Both animal categories,,-,-,-,2009|Jan-Jun 2009|Kano|Rabies|,outbreak_row,True,1.0,,,,,,
183,2009,Jan-Jun 2009,Africa,Nigeria,Kano,Kano,False,state,Rabies virus (Inf. with),Rabies,,Domestic,Dogs,Animal,-,-,2009|Jan-Jun 2009|Kano|Rabies|,animal_row,True,,1.0,1.0,0.0,0.0,1.0,18.0
184,2009,Jan-Jun 2009,Africa,Nigeria,Niger,Niger,False,state,Trypanosomosis (tsetse-transmitted) (-2021),Trypanosomosis,,Both animal categories,,-,-,-,2009|Jan-Jun 2009|Niger|Trypanosomosis|,outbreak_row,True,3.0,,,,,,
185,2009,Jan-Jun 2009,Africa,Nigeria,Niger,Niger,False,state,Trypanosomosis (tsetse-transmitted) (-2021),Trypanosomosis,,Domestic,Cattle,Animal,-,-,2009|Jan-Jun 2009|Niger|Trypanosomosis|,animal_row,True,,132.0,42.0,0.0,3.0,0.0,
186,2009,Jan-Jun 2009,Africa,Nigeria,Ondo,Ondo,False,state,Rabies virus (Inf. with),Rabies,,Both animal categories,,-,-,-,2009|Jan-Jun 2009|Ondo|Rabies|,outbreak_row,True,2.0,,,,,,
187,2009,Jan-Jun 2009,Africa,Nigeria,Ondo,Ondo,False,state,Rabies virus (Inf. with),Rabies,,Domestic,Dogs,Animal,-,-,2009|Jan-Jun 2009|Ondo|Rabies|,animal_row,True,,,2.0,0.0,0.0,2.0,115.0
188,2009,Jul-Dec 2009,Africa,Nigeria,Bauchi,Bauchi,False,state,Rabies virus (Inf. with),Rabies,,Both animal categories,,-,-,-,2009|Jul-Dec 2009|Bauchi|Rabies|,outbreak_row,True,4.0,,,,,,
189,2009,Jul-Dec 2009,Africa,Nigeria,Bauchi,Bauchi,False,state,Rabies virus (Inf. with),Rabies,,Domestic,Dogs,Animal,-,-,2009|Jul-Dec 2009|Bauchi|Rabies|,animal_row,True,,97.0,14.0,6.0,0.0,3.0,
190,2009,Jul-Dec 2009,Africa,Nigeria,Bauchi,Bauchi,False,state,Trypanosomosis (tsetse-transmitted) (-2021),Trypanosomosis,,Both animal categories,,-,-,-,2009|Jul-Dec 2009|Bauchi|Trypanosomosis|,outbreak_row,True,1.0,,,,,,
191,2009,Jul-Dec 2009,Africa,Nigeria,Bauchi,Bauchi,False,state,Trypanosomosis (tsetse-transmitted) (-2021),Trypanosomosis,,Domestic,Cattle,Animal,-,-,2009|Jul-Dec 2009|Bauchi|Trypanosomosis|,animal_row,True,,70.0,22.0,0.0,4.0,1.0,0.0
192,2009,Jul-Dec 2009,Africa,Nigeria,Federal Capital Territory,Federal Capital Territory,False,state,Rabies virus (Inf. with),Rabies,,Both animal categories,,-,-,-,2009|Jul-Dec 2009|Federal Capital Territory|Rabies|,outbreak_row,True,2.0,,,,,,
193,2009,Jul-Dec 2009,Africa,Nigeria,Federal Capital Territory,Federal Capital Territory,False,state,Rabies virus (Inf. with),Rabies,,Domestic,Dogs,Animal,-,-,2009|Jul-Dec 2009|Federal Capital Territory|Rabies|,animal_row,True,,,1.0,1.0,0.0,0.0,
194,2009,Jul-Dec 2009,Africa,Nigeria,Federal Capital Territory,Federal Capital Territory,False,state,Trypanosomosis (tsetse-transmitted) (-2021),Trypanosomosis,,Both animal categories,,-,-,-,2009|Jul-Dec 2009|Federal Capital Territory|Trypanosomosis|,outbreak_row,True,1.0,,,,,,
195,2009,Jul-Dec 2009,Africa,Nigeria,Federal Capital Territory,Federal Capital Territory,False,state,Trypanosomosis (tsetse-transmitted) (-2021),Trypanosomosis,,Domestic,Cattle,Animal,-,-,2009|Jul-Dec 2009|Federal Capital Territory|Trypanosomosis|,animal_row,True,,123.0,23.0,0.0,0.0,0.0,
196,2009,Jul-Dec 2009,Africa,Nigeria,Kaduna,Kaduna,False,state,Rabies virus (Inf. with),Rabies,,Both animal categories,,-,-,-,2009|Jul-Dec 2009|Kaduna|Rabies|,outbreak_row,True,4.0,,,,,,
197,2009,Jul-Dec 2009,Africa,Nigeria,Kaduna,Kaduna,False,state,Rabies virus (Inf. with),Rabies,,Domestic,Dogs,Animal,-,-,2009|Jul-Dec 2009|Kaduna|Rabies|,animal_row,True,,464.0,27.0,6.0,0.0,5.0,
198,2009,Jul-Dec 2009,Africa,Nigeria,Nasarawa,Nasarawa,False,state,Trypanosomosis (tsetse-transmitted) (-2021),Trypanosomosis,,Both animal categories,,-,-,-,2009|Jul-Dec 2009|Nasarawa|Trypanosomosis|,outbreak_row,True,2.0,,,,,,
199,2009,Jul-Dec 2009,Africa,Nigeria,Nasarawa,Nasarawa,False,state,Trypanosomosis (tsetse-transmitted) (-2021),Trypanosomosis,,Domestic,Cattle,Animal,-,-,2009|Jul-Dec 2009|Nasarawa|Trypanosomosis|,animal_row,True,,320.0,250.0,189.0,22.0,211.0,
200,2009,Jul-Dec 2009,Africa,Nigeria,Plateau,Plateau,False,state,Rabies virus (Inf. with),Rabies,,Both animal categories,,-,-,-,2009|Jul-Dec 2009|Plateau|Rabies|,outbreak_row,True,1.0,,,,,,
201,2009,Jul-Dec 2009,Africa,Nigeria,Plateau,Plateau,False,state,Rabies virus (Inf. with),Rabies,,Domestic,Dogs,Animal,-,-,2009|Jul-Dec 2009|Plateau|Rabies|,animal_row,True,,,,,,,
202,2009,Jul-Dec 2009,Africa,Nigeria,Plateau,Plateau,False,state,Trypanosomosis (tsetse-transmitted) (-2021),Trypanosomosis,,Both animal categories,,-,-,-,2009|Jul-Dec 2009|Plateau|Trypanosomosis|,outbreak_row,True,1.0,,,,,,
203,2009,Jul-Dec 2009,Africa,Nigeria,Plateau,Plateau,False,state,Trypanosomosis (tsetse-transmitted) (-2021),Trypanosomosis,,Domestic,Cattle,Animal,-,-,2009|Jul-Dec 2009|Plateau|Trypanosomosis|,animal_row,True,,,,,,,
204,2010,Jan-Jun 2010,Africa,Nigeria,Enugu,Enugu,False,state,Trypanosomosis (tsetse-transmitted) (-2021),Trypanosomosis,,Both animal categories,,-,-,-,2010|Jan-Jun 2010|Enugu|Trypanosomosis|,outbreak_row,True,1.0,,,,,,
205,2010,Jan-Jun 2010,Africa,Nigeria,Enugu,Enugu,False,state,Trypanosomosis (tsetse-transmitted) (-2021),Trypanosomosis,,Domestic,Cattle,Animal,-,-,2010|Jan-Jun 2010|Enugu|Trypanosomosis|,animal_row,True,,1.0,1.0,,,,
206,2010,Jan-Jun 2010,Africa,Nigeria,Imo,Imo,False,state,Rabies virus (Inf. with),Rabies,,Both animal categories,,-,-,-,2010|Jan-Jun 2010|Imo|Rabies|,outbreak_row,True,1.0,,,,,,
207,2010,Jan-Jun 2010,Africa,Nigeria,Imo,Imo,False,state,Rabies virus (Inf. with),Rabies,,Domestic,Dogs,Animal,-,-,2010|Jan-Jun 2010|Imo|Rabies|,animal_row,True,,,1.0,0.0,0.0,1.0,
208,2010,Jan-Jun 2010,Africa,Nigeria,Kaduna,Kaduna,False,state,Rabies virus (Inf. with),Rabies,,Both animal categories,,-,-,-,2010|Jan-Jun 2010|Kaduna|Rabies|,outbreak_row,True,1.0,,,,,,
209,2010,Jan-Jun 2010,Africa,Nigeria,Kaduna,Kaduna,False,state,Rabies virus (Inf. with),Rabies,,Domestic,Dogs,Animal,-,-,2010|Jan-Jun 2010|Kaduna|Rabies|,animal_row,True,,1.0,1.0,0.0,0.0,1.0,
210,2010,Jan-Jun 2010,Africa,Nigeria,Niger,Niger,False,state,Trypanosomosis (tsetse-transmitted) (-2021),Trypanosomosis,,Both animal categories,,-,-,-,2010|Jan-Jun 2010|Niger|Trypanosomosis|,outbreak_row,True,4.0,,,,,,
211,2010,Jan-Jun 2010,Africa,Nigeria,Niger,Niger,False,state,Trypanosomosis (tsetse-transmitted) (-2021),Trypanosomosis,,Domestic,Cattle,Animal,-,-,2010|Jan-Jun 2010|Niger|Trypanosomosis|,animal_row,True,,120.0,35.0,0.0,6.0,5.0,
212,2010,Jan-Jun 2010,Africa,Nigeria,Plateau,Plateau,False,state,Rabies virus (Inf. with),Rabies,,Both animal categories,,-,-,-,2010|Jan-Jun 2010|Plateau|Rabies|,outbreak_row,True,1.0,,,,,,
213,2010,Jan-Jun 2010,Africa,Nigeria,Plateau,Plateau,False,state,Rabies virus (Inf. with),Rabies,,Domestic,Dogs,Animal,-,-,2010|Jan-Jun 2010|Plateau|Rabies|,animal_row,True,,2.0,1.0,0.0,0.0,1.0,
214,2010,Jul-Dec 2010,Africa,Nigeria,Bauchi,Bauchi,False,state,Rabies virus (Inf. with),Rabies,,Both animal categories,,-,-,-,2010|Jul-Dec 2010|Bauchi|Rabies|,outbreak_row,True,1.0,,,,,,
215,2010,Jul-Dec 2010,Africa,Nigeria,Bauchi,Bauchi,False,state,Rabies virus (Inf. with),Rabies,,Domestic,Dogs,Animal,-,-,2010|Jul-Dec 2010|Bauchi|Rabies|,animal_row,True,,1.0,1.0,0.0,0.0,1.0,0.0
216,2010,Jul-Dec 2010,Africa,Nigeria,Enugu,Enugu,False,state,Trypanosomosis (tsetse-transmitted) (-2021),Trypanosomosis,,Both animal categories,,-,-,-,2010|Jul-Dec 2010|Enugu|Trypanosomosis|,outbreak_row,True,1.0,,,,,,
217,2010,Jul-Dec 2010,Africa,Nigeria,Enugu,Enugu,False,state,Trypanosomosis (tsetse-transmitted) (-2021),Trypanosomosis,,Domestic,Cattle,Animal,-,-,2010|Jul-Dec 2010|Enugu|Trypanosomosis|,animal_row,True,,45.0,35.0,0.0,0.0,10.0,
218,2010,Jul-Dec 2010,Africa,Nigeria,Taraba,Taraba,False,state,Rabies virus (Inf. with),Rabies,,Both animal categories,,-,-,-,2010|Jul-Dec 2010|Taraba|Rabies|,outbreak_row,True,1.0,,,,,,
219,2010,Jul-Dec 2010,Africa,Nigeria,Taraba,Taraba,False,state,Rabies virus (Inf. with),Rabies,,Domestic,Dogs,Animal,-,-,2010|Jul-Dec 2010|Taraba|Rabies|,animal_row,True,,1.0,1.0,0.0,0.0,1.0,0.0
220,2011,Jan-Jun 2011,Africa,Nigeria,Benue,Benue,False,state,Rabies virus (Inf. with),Rabies,,Both animal categories,,-,-,-,2011|Jan-Jun 2011|Benue|Rabies|,outbreak_row,True,1.0,,,,,,
221,2011,Jan-Jun 2011,Africa,Nigeria,Benue,Benue,False,state,Rabies virus (Inf. with),Rabies,,Domestic,Dogs,Animal,-,-,2011|Jan-Jun 2011|Benue|Rabies|,animal_row,True,,1.0,1.0,0.0,0.0,1.0,0.0
222,2011,Jan-Jun 2011,Africa,Nigeria,Cross River,Cross River,False,state,Rabies virus (Inf. with),Rabies,,Both animal categories,,-,-,-,2011|Jan-Jun 2011|Cross River|Rabies|,outbreak_row,True,3.0,,,,,,
223,2011,Jan-Jun 2011,Africa,Nigeria,Cross River,Cross River,False,state,Rabies virus (Inf. with),Rabies,,Domestic,Dogs,Animal,-,-,2011|Jan-Jun 2011|Cross River|Rabies|,animal_row,True,,5.0,5.0,3.0,0.0,2.0,0.0
224,2011,Jan-Jun 2011,Africa,Nigeria,Ebonyi,Ebonyi,False,state,Rabies virus (Inf. with),Rabies,,Both animal categories,,-,-,-,2011|Jan-Jun 2011|Ebonyi|Rabies|,outbreak_row,True,1.0,,,,,,
225,2011,Jan-Jun 2011,Africa,Nigeria,Ebonyi,Ebonyi,False,state,Rabies virus (Inf. with),Rabies,,Domestic,Dogs,Animal,-,-,2011|Jan-Jun 2011|Ebonyi|Rabies|,animal_row,True,,1.0,1.0,0.0,0.0,1.0,0.0
226,2011,Jan-Jun 2011,Africa,Nigeria,Gombe,Gombe,False,state,Rabies virus (Inf. with),Rabies,,Both animal categories,,-,-,-,2011|Jan-Jun 2011|Gombe|Rabies|,outbreak_row,True,5.0,,,,,,
227,2011,Jan-Jun 2011,Africa,Nigeria,Gombe,Gombe,False,state,Rabies virus (Inf. with),Rabies,,Domestic,Dogs,Animal,-,-,2011|Jan-Jun 2011|Gombe|Rabies|,animal_row,True,,152.0,8.0,4.0,0.0,4.0,0.0
228,2011,Jan-Jun 2011,Africa,Nigeria,Gombe,Gombe,False,state,Rabies virus (Inf. with),Rabies,,Domestic,Cattle,Animal,-,-,2011|Jan-Jun 2011|Gombe|Rabies|,animal_row,True,,20.0,1.0,0.0,0.0,1.0,0.0
229,2011,Jan-Jun 2011,Africa,Nigeria,Niger,Niger,False,state,Trypanosomosis (tsetse-transmitted) (-2021),Trypanosomosis,,Both animal categories,,-,-,-,2011|Jan-Jun 2011|Niger|Trypanosomosis|,outbreak_row,True,1.0,,,,,,
230,2011,Jan-Jun 2011,Africa,Nigeria,Niger,Niger,False,state,Trypanosomosis (tsetse-transmitted) (-2021),Trypanosomosis,,Domestic,Cattle,Animal,-,-,2011|Jan-Jun 2011|Niger|Trypanosomosis|,animal_row,True,,30.0,7.0,0.0,0.0,0.0,
231,2011,Jan-Jun 2011,Africa,Nigeria,Osun,Osun,False,state,Rabies virus (Inf. with),Rabies,,Both animal categories,,-,-,-,2011|Jan-Jun 2011|Osun|Rabies|,outbreak_row,True,1.0,,,,,,
232,2011,Jan-Jun 2011,Africa,Nigeria,Osun,Osun,False,state,Rabies virus (Inf. with),Rabies,,Domestic,Dogs,Animal,-,-,2011|Jan-Jun 2011|Osun|Rabies|,animal_row,True,,1.0,1.0,1.0,0.0,0.0,0.0
233,2012,Jan-Jun 2012,Africa,Nigeria,Benue,Benue,False,state,Rabies virus (Inf. with),Rabies,,Both animal categories,,-,-,-,2012|Jan-Jun 2012|Benue|Rabies|,outbreak_row,True,1.0,,,,,,
234,2012,Jan-Jun 2012,Africa,Nigeria,Benue,Benue,False,state,Rabies virus (Inf. with),Rabies,,Domestic,Dogs,Animal,-,-,2012|Jan-Jun 2012|Benue|Rabies|,animal_row,True,,1.0,1.0,1.0,0.0,0.0,0.0
235,2012,Jan-Jun 2012,Africa,Nigeria,Ekiti,Ekiti,False,state,Rabies virus (Inf. with),Rabies,,Both animal categories,,-,-,-,2012|Jan-Jun 2012|Ekiti|Rabies|,outbreak_row,True,1.0,,,,,,
236,2012,Jan-Jun 2012,Africa,Nigeria,Ekiti,Ekiti,False,state,Rabies virus (Inf. with),Rabies,,Domestic,Dogs,Animal,-,-,2012|Jan-Jun 2012|Ekiti|Rabies|,animal_row,True,,100.0,1.0,1.0,0.0,0.0,0.0
237,2012,Jan-Jun 2012,Africa,Nigeria,Imo,Imo,False,state,Rabies virus (Inf. with),Rabies,,Both animal categories,,-,-,-,2012|Jan-Jun 2012|Imo|Rabies|,outbreak_row,True,2.0,,,,,,
238,2012,Jan-Jun 2012,Africa,Nigeria,Imo,Imo,False,state,Rabies virus (Inf. with),Rabies,,Domestic,Dogs,Animal,-,-,2012|Jan-Jun 2012|Imo|Rabies|,animal_row,True,,2.0,2.0,2.0,0.0,0.0,0.0
239,2012,Jan-Jun 2012,Africa,Nigeria,Kogi,Kogi,False,state,Rabies virus (Inf. with),Rabies,,Both animal categories,,-,-,-,2012|Jan-Jun 2012|Kogi|Rabies|,outbreak_row,True,1.0,,,,,,
240,2012,Jan-Jun 2012,Africa,Nigeria,Kogi,Kogi,False,state,Rabies virus (Inf. with),Rabies,,Domestic,Dogs,Animal,-,-,2012|Jan-Jun 2012|Kogi|Rabies|,animal_row,True,,30.0,1.0,1.0,0.0,0.0,0.0
241,2012,Jan-Jun 2012,Africa,Nigeria,Taraba,Taraba,False,state,Rabies virus (Inf. with),Rabies,,Both animal categories,,-,-,-,2012|Jan-Jun 2012|Taraba|Rabies|,outbreak_row,True,1.0,,,,,,
242,2012,Jan-Jun 2012,Africa,Nigeria,Taraba,Taraba,False,state,Rabies virus (Inf. with),Rabies,,Domestic,Dogs,Animal,-,-,2012|Jan-Jun 2012|Taraba|Rabies|,animal_row,True,,1.0,1.0,1.0,0.0,0.0,0.0
243,2012,Jul-Dec 2012,Africa,Nigeria,Bauchi,Bauchi,False,state,Rabies virus (Inf. with),Rabies,not typed,Both animal categories,,-,-,-,2012|Jul-Dec 2012|Bauchi|Rabies|not typed,outbreak_row,True,2.0,,,,,,
244,2012,Jul-Dec 2012,Africa,Nigeria,Bauchi,Bauchi,False,state,Rabies virus (Inf. with),Rabies,not typed,Domestic,Dogs,Animal,-,-,2012|Jul-Dec 2012|Bauchi|Rabies|not typed,animal_row,True,,1575.0,1575.0,125.0,0.0,78.0,0.0
245,2012,Jul-Dec 2012,Africa,Nigeria,Bauchi,Bauchi,False,state,Rabies virus (Inf. with),Rabies,not typed,Domestic,Cattle,Animal,-,-,2012|Jul-Dec 2012|Bauchi|Rabies|not typed,animal_row,True,,,,,,,
246,2012,Jul-Dec 2012,Africa,Nigeria,Bauchi,Bauchi,False,state,Rabies virus (Inf. with),Rabies,RABV;not typed,Both animal categories,,-,-,-,2012|Jul-Dec 2012|Bauchi|Rabies|RABV;not typed,outbreak_row,True,2.0,,,,,,
247,2012,Jul-Dec 2012,Africa,Nigeria,Bauchi,Bauchi,False,state,Rabies virus (Inf. with),Rabies,RABV;not typed,Domestic,Cattle,Animal,-,-,2012|Jul-Dec 2012|Bauchi|Rabies|RABV;not typed,animal_row,True,,31.0,6.0,0.0,4.0,2.0,0.0
248,2012,Jul-Dec 2012,Africa,Nigeria,Bauchi,Bauchi,False,state,Rabies virus (Inf. with),Rabies,RABV;not typed,Domestic,Dogs,Animal,-,-,2012|Jul-Dec 2012|Bauchi|Rabies|RABV;not typed,animal_row,True,,,1.0,1.0,0.0,0.0,
249,2012,Jul-Dec 2012,Africa,Nigeria,Cross River,Cross River,False,state,Rabies virus (Inf. with),Rabies,RABV,Both animal categories,,-,-,-,2012|Jul-Dec 2012|Cross River|Rabies|RABV,outbreak_row,True,3.0,,,,,,
250,2012,Jul-Dec 2012,Africa,Nigeria,Cross River,Cross River,False,state,Rabies virus (Inf. with),Rabies,RABV,Domestic,Dogs,Animal,-,-,2012|Jul-Dec 2012|Cross River|Rabies|RABV,animal_row,True,,,3.0,0.0,0.0,3.0,0.0
251,2012,Jul-Dec 2012,Africa,Nigeria,Ekiti,Ekiti,False,state,Rabies virus (Inf. with),Rabies,RABV,Both animal categories,,-,-,-,2012|Jul-Dec 2012|Ekiti|Rabies|RABV,outbreak_row,True,1.0,,,,,,
252,2012,Jul-Dec 2012,Africa,Nigeria,Ekiti,Ekiti,False,state,Rabies virus (Inf. with),Rabies,RABV,Domestic,Dogs,Animal,-,-,2012|Jul-Dec 2012|Ekiti|Rabies|RABV,animal_row,True,,1500.0,2.0,0.0,0.0,2.0,0.0
253,2012,Jul-Dec 2012,Africa,Nigeria,Kaduna,Kaduna,False,state,Rabies virus (Inf. with),Rabies,not typed,Both animal categories,,-,-,-,2012|Jul-Dec 2012|Kaduna|Rabies|not typed,outbreak_row,True,1.0,,,,,,
254,2012,Jul-Dec 2012,Africa,Nigeria,Kaduna,Kaduna,False,state,Rabies virus (Inf. with),Rabies,not typed,Domestic,Dogs,Animal,-,-,2012|Jul-Dec 2012|Kaduna|Rabies|not typed,animal_row,True,,12.0,1.0,0.0,0.0,1.0,0.0
255,2012,Jul-Dec 2012,Africa,Nigeria,Kogi,Kogi,False,state,Rabies virus (Inf. with),Rabies,not typed,Both animal categories,,-,-,-,2012|Jul-Dec 2012|Kogi|Rabies|not typed,outbreak_row,True,1.0,,,,,,
256,2012,Jul-Dec 2012,Africa,Nigeria,Kogi,Kogi,False,state,Rabies virus (Inf. with),Rabies,not typed,Domestic,Dogs,Animal,-,-,2012|Jul-Dec 2012|Kogi|Rabies|not typed,animal_row,True,,500.0,70.0,0.0,0.0,6.0,0.0
257,2012,Jul-Dec 2012,Africa,Nigeria,Niger,Niger,False,state,Trypanosomosis (tsetse-transmitted) (-2021),Trypanosomosis,,Both animal categories,,-,-,-,2012|Jul-Dec 2012|Niger|Trypanosomosis|,outbreak_row,True,1.0,,,,,,
258,2012,Jul-Dec 2012,Africa,Nigeria,Niger,Niger,False,state,Trypanosomosis (tsetse-transmitted) (-2021),Trypanosomosis,,Domestic,Cattle,Animal,-,-,2012|Jul-Dec 2012|Niger|Trypanosomosis|,animal_row,True,,400.0,10.0,0.0,0.0,2.0,
259,2012,Jul-Dec 2012,Africa,Nigeria,Osun,Osun,False,state,Rabies virus (Inf. with),Rabies,RABV,Both animal categories,,-,-,-,2012|Jul-Dec 2012|Osun|Rabies|RABV,outbreak_row,True,1.0,,,,,,
260,2012,Jul-Dec 2012,Africa,Nigeria,Osun,Osun,False,state,Rabies virus (Inf. with),Rabies,RABV,Domestic,Dogs,Animal,-,-,2012|Jul-Dec 2012|Osun|Rabies|RABV,animal_row,True,,4.0,1.0,0.0,0.0,1.0,0.0
261,2012,Jul-Dec 2012,Africa,Nigeria,Plateau,Plateau,False,state,Rabies virus (Inf. with),Rabies,not typed,Both animal categories,,-,-,-,2012|Jul-Dec 2012|Plateau|Rabies|not typed,outbreak_row,True,2.0,,,,,,
262,2012,Jul-Dec 2012,Africa,Nigeria,Plateau,Plateau,False,state,Rabies virus (Inf. with),Rabies,not typed,Domestic,Dogs,Animal,-,-,2012|Jul-Dec 2012|Plateau|Rabies|not typed,animal_row,True,,4.0,2.0,2.0,0.0,0.0,0.0
263,2013,Jan-Jun 2013,Africa,Nigeria,Anambra,Anambra,False,state,Rabies virus (Inf. with),Rabies,not typed,Both animal categories,,-,-,-,2013|Jan-Jun 2013|Anambra|Rabies|not typed,outbreak_row,True,1.0,,,,,,
264,2013,Jan-Jun 2013,Africa,Nigeria,Anambra,Anambra,False,state,Rabies virus (Inf. with),Rabies,not typed,Domestic,Dogs,Animal,-,-,2013|Jan-Jun 2013|Anambra|Rabies|not typed,animal_row,True,,5.0,3.0,0.0,0.0,3.0,2.0
265,2013,Jan-Jun 2013,Africa,Nigeria,Bauchi,Bauchi,False,state,Rabies virus (Inf. with),Rabies,not typed,Domestic,Cattle,Animal,-,-,2013|Jan-Jun 2013|Bauchi|Rabies|not typed,animal_row,True,,,,,,,
266,2013,Jan-Jun 2013,Africa,Nigeria,Bauchi,Bauchi,False,state,Rabies virus (Inf. with),Rabies,not typed,Domestic,Dogs,Animal,-,-,2013|Jan-Jun 2013|Bauchi|Rabies|not typed,animal_row,True,,,,,,,
267,2013,Jan-Jun 2013,Africa,Nigeria,Ekiti,Ekiti,False,state,Rabies virus (Inf. with),Rabies,not typed,Both animal categories,,-,-,-,2013|Jan-Jun 2013|Ekiti|Rabies|not typed,outbreak_row,True,1.0,,,,,,
268,2013,Jan-Jun 2013,Africa,Nigeria,Ekiti,Ekiti,False,state,Rabies virus (Inf. with),Rabies,not typed,Domestic,Dogs,Animal,-,-,2013|Jan-Jun 2013|Ekiti|Rabies|not typed,animal_row,True,,250.0,1.0,0.0,0.0,1.0,0.0
269,2013,Jan-Jun 2013,Africa,Nigeria,Enugu,Enugu,False,state,Trypanosomosis (tsetse-transmitted) (-2021),Trypanosomosis,,Both animal categories,,-,-,-,2013|Jan-Jun 2013|Enugu|Trypanosomosis|,outbreak_row,True,3.0,,,,,,
270,2013,Jan-Jun 2013,Africa,Nigeria,Enugu,Enugu,False,state,Trypanosomosis (tsetse-transmitted) (-2021),Trypanosomosis,,Domestic,Swine,Animal,-,-,2013|Jan-Jun 2013|Enugu|Trypanosomosis|,animal_row,True,,3.0,3.0,,,,
271,2013,Jan-Jun 2013,Africa,Nigeria,Enugu,Enugu,False,state,Trypanosomosis (tsetse-transmitted) (-2021),Trypanosomosis,,Domestic,Dogs,Animal,-,-,2013|Jan-Jun 2013|Enugu|Trypanosomosis|,animal_row,True,,2.0,2.0,,,,
272,2013,Jan-Jun 2013,Africa,Nigeria,Enugu,Enugu,False,state,Trypanosomosis (tsetse-transmitted) (-2021),Trypanosomosis,,Domestic,Goats,Animal,-,-,2013|Jan-Jun 2013|Enugu|Trypanosomosis|,animal_row,True,,,2.0,,,,
273,2013,Jan-Jun 2013,Africa,Nigeria,Imo,Imo,False,state,Rabies virus (Inf. with),Rabies,not typed,Both animal categories,,-,-,-,2013|Jan-Jun 2013|Imo|Rabies|not typed,outbreak_row,True,1.0,,,,,,
274,2013,Jan-Jun 2013,Africa,Nigeria,Imo,Imo,False,state,Rabies virus (Inf. with),Rabies,not typed,Domestic,Dogs,Animal,-,-,2013|Jan-Jun 2013|Imo|Rabies|not typed,animal_row,True,,1.0,1.0,0.0,0.0,1.0,0.0
275,2013,Jan-Jun 2013,Africa,Nigeria,Kaduna,Kaduna,False,state,Rabies virus (Inf. with),Rabies,not typed,Both animal categories,,-,-,-,2013|Jan-Jun 2013|Kaduna|Rabies|not typed,outbreak_row,True,1.0,,,,,,
276,2013,Jan-Jun 2013,Africa,Nigeria,Kaduna,Kaduna,False,state,Rabies virus (Inf. with),Rabies,not typed,Domestic,Dogs,Animal,-,-,2013|Jan-Jun 2013|Kaduna|Rabies|not typed,animal_row,True,,130.0,5.0,0.0,0.0,5.0,0.0
277,2013,Jan-Jun 2013,Africa,Nigeria,Niger,Niger,False,state,Trypanosomosis (tsetse-transmitted) (-2021),Trypanosomosis,,Both animal categories,,-,-,-,2013|Jan-Jun 2013|Niger|Trypanosomosis|,outbreak_row,True,5.0,,,,,,
278,2013,Jan-Jun 2013,Africa,Nigeria,Niger,Niger,False,state,Trypanosomosis (tsetse-transmitted) (-2021),Trypanosomosis,,Domestic,Cattle,Animal,-,-,2013|Jan-Jun 2013|Niger|Trypanosomosis|,animal_row,True,,299.0,54.0,0.0,6.0,0.0,
279,2013,Jan-Jun 2013,Africa,Nigeria,Osun,Osun,False,state,Rabies virus (Inf. with),Rabies,not typed,Both animal categories,,-,-,-,2013|Jan-Jun 2013|Osun|Rabies|not typed,outbreak_row,True,2.0,,,,,,
280,2013,Jan-Jun 2013,Africa,Nigeria,Osun,Osun,False,state,Rabies virus (Inf. with),Rabies,not typed,Domestic,Dogs,Animal,-,-,2013|Jan-Jun 2013|Osun|Rabies|not typed,animal_row,True,,14.0,2.0,0.0,0.0,2.0,122.0
281,2013,Jan-Jun 2013,Africa,Nigeria,Plateau,Plateau,False,state,Rabies virus (Inf. with),Rabies,not typed,Both animal categories,,-,-,-,2013|Jan-Jun 2013|Plateau|Rabies|not typed,outbreak_row,True,12.0,,,,,,
282,2013,Jan-Jun 2013,Africa,Nigeria,Plateau,Plateau,False,state,Rabies virus (Inf. with),Rabies,not typed,Domestic,Dogs,Animal,-,-,2013|Jan-Jun 2013|Plateau|Rabies|not typed,animal_row,True,,1083.0,13.0,0.0,12.0,6.0,87.0
283,2013,Jul-Dec 2013,Africa,Nigeria,Ekiti,Ekiti,False,state,Rabies virus (Inf. with),Rabies,not typed,Both animal categories,,-,-,-,2013|Jul-Dec 2013|Ekiti|Rabies|not typed,outbreak_row,True,2.0,,,,,,
284,2013,Jul-Dec 2013,Africa,Nigeria,Ekiti,Ekiti,False,state,Rabies virus (Inf. with),Rabies,not typed,Domestic,Dogs,Animal,-,-,2013|Jul-Dec 2013|Ekiti|Rabies|not typed,animal_row,True,,50.0,2.0,1.0,0.0,1.0,0.0
285,2013,Jul-Dec 2013,Africa,Nigeria,Niger,Niger,False,state,Rabies virus (Inf. with),Rabies,not typed,Both animal categories,,-,-,-,2013|Jul-Dec 2013|Niger|Rabies|not typed,outbreak_row,True,1.0,,,,,,
286,2013,Jul-Dec 2013,Africa,Nigeria,Niger,Niger,False,state,Rabies virus (Inf. with),Rabies,not typed,Domestic,Dogs,Animal,-,-,2013|Jul-Dec 2013|Niger|Rabies|not typed,animal_row,True,,22.0,3.0,0.0,0.0,3.0,0.0
287,2013,Jul-Dec 2013,Africa,Nigeria,Niger,Niger,False,state,Trypanosomosis (tsetse-transmitted) (-2021),Trypanosomosis,,Both animal categories,,-,-,-,2013|Jul-Dec 2013|Niger|Trypanosomosis|,outbreak_row,True,3.0,,,,,,
288,2013,Jul-Dec 2013,Africa,Nigeria,Niger,Niger,False,state,Trypanosomosis (tsetse-transmitted) (-2021),Trypanosomosis,,Domestic,Cattle,Animal,-,-,2013|Jul-Dec 2013|Niger|Trypanosomosis|,animal_row,True,,31.0,10.0,0.0,0.0,0.0,
289,2013,Jul-Dec 2013,Africa,Nigeria,Plateau,Plateau,False,state,Rabies virus (Inf. with),Rabies,not typed,Both animal categories,,-,-,-,2013|Jul-Dec 2013|Plateau|Rabies|not typed,outbreak_row,True,10.0,,,,,,
290,2013,Jul-Dec 2013,Africa,Nigeria,Plateau,Plateau,False,state,Rabies virus (Inf. with),Rabies,not typed,Domestic,Dogs,Animal,-,-,2013|Jul-Dec 2013|Plateau|Rabies|not typed,animal_row,True,,273.0,10.0,0.0,0.0,10.0,166.0
291,2014,Jan-Jun 2014,Africa,Nigeria,Niger,Niger,False,state,Trypanosomosis (tsetse-transmitted) (-2021),Trypanosomosis,,Both animal categories,,-,-,-,2014|Jan-Jun 2014|Niger|Trypanosomosis|,outbreak_row,True,3.0,,,,,,
292,2014,Jan-Jun 2014,Africa,Nigeria,Niger,Niger,False,state,Trypanosomosis (tsetse-transmitted) (-2021),Trypanosomosis,,Domestic,Cattle,Animal,-,-,2014|Jan-Jun 2014|Niger|Trypanosomosis|,animal_row,True,,94.0,34.0,0.0,0.0,0.0,
293,2014,Jan-Jun 2014,Africa,Nigeria,Osun,Osun,False,state,Rabies virus (Inf. with),Rabies,,Both animal categories,,-,-,-,2014|Jan-Jun 2014|Osun|Rabies|,outbreak_row,True,1.0,,,,,,
294,2014,Jan-Jun 2014,Africa,Nigeria,Osun,Osun,False,state,Rabies virus (Inf. with),Rabies,,Domestic,Dogs,Animal,-,-,2014|Jan-Jun 2014|Osun|Rabies|,animal_row,True,,4.0,1.0,0.0,0.0,1.0,6.0
295,2014,Jan-Jun 2014,Africa,Nigeria,Plateau,Plateau,False,state,Rabies virus (Inf. with),Rabies,,Both animal categories,,-,-,-,2014|Jan-Jun 2014|Plateau|Rabies|,outbreak_row,True,5.0,,,,,,
296,2014,Jan-Jun 2014,Africa,Nigeria,Plateau,Plateau,False,state,Rabies virus (Inf. with),Rabies,,Domestic,Dogs,Animal,-,-,2014|Jan-Jun 2014|Plateau|Rabies|,animal_row,True,,4.0,5.0,0.0,0.0,5.0,159.0
297,2014,Jul-Dec 2014,Africa,Nigeria,Nigeria,Nigeria,False,national,High pathogenicity avian influenza viruses (Inf. with) (poultry),HPAI,H5 (N untyped),Both animal categories,,-,-,-,2014|Jul-Dec 2014|Nigeria|HPAI|H5 (N untyped),outbreak_row,True,1.0,,,,,,
298,2014,Jul-Dec 2014,Africa,Nigeria,Nigeria,Nigeria,False,national,High pathogenicity avian influenza viruses (Inf. with) (poultry),HPAI,H5 (N untyped),Domestic,Birds,Animal,-,-,2014|Jul-Dec 2014|Nigeria|HPAI|H5 (N untyped),animal_row,True,,50000.0,3300.0,0.0,0.0,3300.0,0.0
299,2014,Jul-Dec 2014,Africa,Nigeria,Osun,Osun,False,state,Rabies virus (Inf. with),Rabies,,Both animal categories,,-,-,-,2014|Jul-Dec 2014|Osun|Rabies|,outbreak_row,True,2.0,,,,,,
300,2014,Jul-Dec 2014,Africa,Nigeria,Osun,Osun,False,state,Rabies virus (Inf. with),Rabies,,Domestic,Dogs,Animal,-,-,2014|Jul-Dec 2014|Osun|Rabies|,animal_row,True,,3.0,2.0,0.0,0.0,2.0,0.0
301,2014,Jul-Dec 2014,Africa,Nigeria,Plateau,Plateau,False,state,Rabies virus (Inf. with),Rabies,,Both animal categories,,-,-,-,2014|Jul-Dec 2014|Plateau|Rabies|,outbreak_row,True,1.0,,,,,,
302,2014,Jul-Dec 2014,Africa,Nigeria,Plateau,Plateau,False,state,Rabies virus (Inf. with),Rabies,,Domestic,Dogs,Animal,-,-,2014|Jul-Dec 2014|Plateau|Rabies|,animal_row,True,,10.0,1.0,0.0,0.0,1.0,0.0
303,2015,Jan-Jun 2015,Africa,Nigeria,Bauchi,Bauchi,False,state,High pathogenicity avian influenza viruses (Inf. with) (poultry),HPAI,H5N1,Both animal categories,,-,-,-,2015|Jan-Jun 2015|Bauchi|HPAI|H5N1,outbreak_row,True,5.0,,,,,,
304,2015,Jan-Jun 2015,Africa,Nigeria,Bauchi,Bauchi,False,state,High pathogenicity avian influenza viruses (Inf. with) (poultry),HPAI,H5N1,Domestic,Birds,Animal,-,-,2015|Jan-Jun 2015|Bauchi|HPAI|H5N1,animal_row,True,,9688.0,548.0,8507.0,0.0,548.0,
305,2015,Jan-Jun 2015,Africa,Nigeria,Delta,Delta,False,state,High pathogenicity avian influenza viruses (Inf. with) (poultry),HPAI,H5N1,Both animal categories,,-,-,-,2015|Jan-Jun 2015|Delta|HPAI|H5N1,outbreak_row,True,1.0,,,,,,
306,2015,Jan-Jun 2015,Africa,Nigeria,Delta,Delta,False,state,High pathogenicity avian influenza viruses (Inf. with) (poultry),HPAI,H5N1,Domestic,Birds,Animal,-,-,2015|Jan-Jun 2015|Delta|HPAI|H5N1,animal_row,True,,1950.0,1550.0,400.0,0.0,1550.0,
307,2015,Jan-Jun 2015,Africa,Nigeria,Edo,Edo,False,state,High pathogenicity avian influenza viruses (Inf. with) (poultry),HPAI,H5N1,Both animal categories,,-,-,-,2015|Jan-Jun 2015|Edo|HPAI|H5N1,outbreak_row,True,1.0,,,,,,
308,2015,Jan-Jun 2015,Africa,Nigeria,Edo,Edo,False,state,High pathogenicity avian influenza viruses (Inf. with) (poultry),HPAI,H5N1,Domestic,Birds,Animal,-,-,2015|Jan-Jun 2015|Edo|HPAI|H5N1,animal_row,True,,410.0,200.0,0.0,0.0,200.0,
309,2015,Jan-Jun 2015,Africa,Nigeria,Jigawa,Jigawa,False,state,High pathogenicity avian influenza viruses (Inf. with) (poultry),HPAI,H5N1,Both animal categories,,-,-,-,2015|Jan-Jun 2015|Jigawa|HPAI|H5N1,outbreak_row,True,3.0,,,,,,
310,2015,Jan-Jun 2015,Africa,Nigeria,Jigawa,Jigawa,False,state,High pathogenicity avian influenza viruses (Inf. with) (poultry),HPAI,H5N1,Domestic,Birds,Animal,-,-,2015|Jan-Jun 2015|Jigawa|HPAI|H5N1,animal_row,True,,1550.0,183.0,1096.0,0.0,183.0,
311,2015,Jan-Jun 2015,Africa,Nigeria,Kaduna,Kaduna,False,state,High pathogenicity avian influenza viruses (Inf. with) (poultry),HPAI,H5N1,Both animal categories,,-,-,-,2015|Jan-Jun 2015|Kaduna|HPAI|H5N1,outbreak_row,True,3.0,,,,,,
312,2015,Jan-Jun 2015,Africa,Nigeria,Kaduna,Kaduna,False,state,High pathogenicity avian influenza viruses (Inf. with) (poultry),HPAI,H5N1,Domestic,Birds,Animal,-,-,2015|Jan-Jun 2015|Kaduna|HPAI|H5N1,animal_row,True,,5970.0,1315.0,665.0,0.0,715.0,
313,2015,Jan-Jun 2015,Africa,Nigeria,Kano,Kano,False,state,High pathogenicity avian influenza viruses (Inf. with) (poultry),HPAI,H5N1,Both animal categories,,-,-,-,2015|Jan-Jun 2015|Kano|HPAI|H5N1,outbreak_row,True,29.0,,,,,,
314,2015,Jan-Jun 2015,Africa,Nigeria,Kano,Kano,False,state,High pathogenicity avian influenza viruses (Inf. with) (poultry),HPAI,H5N1,Domestic,Birds,Animal,-,-,2015|Jan-Jun 2015|Kano|HPAI|H5N1,animal_row,True,,143723.0,10071.0,75804.0,258.0,8245.0,
315,2015,Jan-Jun 2015,Africa,Nigeria,Lagos,Lagos,False,state,High pathogenicity avian influenza viruses (Inf. with) (poultry),HPAI,H5N1,Both animal categories,,-,-,-,2015|Jan-Jun 2015|Lagos|HPAI|H5N1,outbreak_row,True,4.0,,,,,,
316,2015,Jan-Jun 2015,Africa,Nigeria,Lagos,Lagos,False,state,High pathogenicity avian influenza viruses (Inf. with) (poultry),HPAI,H5N1,Domestic,Birds,Animal,-,-,2015|Jan-Jun 2015|Lagos|HPAI|H5N1,animal_row,True,,7570.0,1132.0,124.0,0.0,1114.0,
317,2015,Jan-Jun 2015,Africa,Nigeria,Nasarawa,Nasarawa,False,state,High pathogenicity avian influenza viruses (Inf. with) (poultry),HPAI,H5N1,Both animal categories,,-,-,-,2015|Jan-Jun 2015|Nasarawa|HPAI|H5N1,outbreak_row,True,1.0,,,,,,
318,2015,Jan-Jun 2015,Africa,Nigeria,Nasarawa,Nasarawa,False,state,High pathogenicity avian influenza viruses (Inf. with) (poultry),HPAI,H5N1,Domestic,Birds,Animal,-,-,2015|Jan-Jun 2015|Nasarawa|HPAI|H5N1,animal_row,True,,2500.0,1400.0,1100.0,0.0,1400.0,
319,2015,Jan-Jun 2015,Africa,Nigeria,Ogun,Ogun,False,state,High pathogenicity avian influenza viruses (Inf. with) (poultry),HPAI,H5N1,Both animal categories,,-,-,-,2015|Jan-Jun 2015|Ogun|HPAI|H5N1,outbreak_row,True,4.0,,,,,,
320,2015,Jan-Jun 2015,Africa,Nigeria,Ogun,Ogun,False,state,High pathogenicity avian influenza viruses (Inf. with) (poultry),HPAI,H5N1,Domestic,Birds,Animal,-,-,2015|Jan-Jun 2015|Ogun|HPAI|H5N1,animal_row,True,,42946.0,2738.0,36788.0,0.0,2738.0,
321,2015,Jan-Jun 2015,Africa,Nigeria,Osun,Osun,False,state,Rabies virus (Inf. with),Rabies,,Both animal categories,,-,-,-,2015|Jan-Jun 2015|Osun|Rabies|,outbreak_row,True,1.0,,,,,,
322,2015,Jan-Jun 2015,Africa,Nigeria,Osun,Osun,False,state,Rabies virus (Inf. with),Rabies,,Domestic,Dogs,Animal,-,-,2015|Jan-Jun 2015|Osun|Rabies|,animal_row,True,,3.0,2.0,1.0,0.0,1.0,0.0
323,2015,Jan-Jun 2015,Africa,Nigeria,Osun,Osun,False,state,Trypanosomosis (tsetse-transmitted) (-2021),Trypanosomosis,,Both animal categories,,-,-,-,2015|Jan-Jun 2015|Osun|Trypanosomosis|,outbreak_row,True,1.0,,,,,,
324,2015,Jan-Jun 2015,Africa,Nigeria,Osun,Osun,False,state,Trypanosomosis (tsetse-transmitted) (-2021),Trypanosomosis,,Domestic,Cattle,Animal,-,-,2015|Jan-Jun 2015|Osun|Trypanosomosis|,animal_row,True,,30.0,3.0,0.0,0.0,1.0,
325,2015,Jan-Jun 2015,Africa,Nigeria,Oyo,Oyo,False,state,High pathogenicity avian influenza viruses (Inf. with) (poultry),HPAI,H5N1,Both animal categories,,-,-,-,2015|Jan-Jun 2015|Oyo|HPAI|H5N1,outbreak_row,True,2.0,,,,,,
326,2015,Jan-Jun 2015,Africa,Nigeria,Oyo,Oyo,False,state,High pathogenicity avian influenza viruses (Inf. with) (poultry),HPAI,H5N1,Domestic,Birds,Animal,-,-,2015|Jan-Jun 2015|Oyo|HPAI|H5N1,animal_row,True,,15000.0,10000.0,0.0,0.0,10000.0,
327,2015,Jan-Jun 2015,Africa,Nigeria,Oyo,Oyo,False,state,Trypanosomosis (tsetse-transmitted) (-2021),Trypanosomosis,,Both animal categories,,-,-,-,2015|Jan-Jun 2015|Oyo|Trypanosomosis|,outbreak_row,True,1.0,,,,,,
328,2015,Jan-Jun 2015,Africa,Nigeria,Oyo,Oyo,False,state,Trypanosomosis (tsetse-transmitted) (-2021),Trypanosomosis,,Domestic,Dogs,Animal,-,-,2015|Jan-Jun 2015|Oyo|Trypanosomosis|,animal_row,True,,1.0,1.0,0.0,0.0,0.0,
329,2015,Jan-Jun 2015,Africa,Nigeria,Plateau,Plateau,False,state,High pathogenicity avian influenza viruses (Inf. with) (poultry),HPAI,H5N1,Both animal categories,,-,-,-,2015|Jan-Jun 2015|Plateau|HPAI|H5N1,outbreak_row,True,117.0,,,,,,
330,2015,Jan-Jun 2015,Africa,Nigeria,Plateau,Plateau,False,state,High pathogenicity avian influenza viruses (Inf. with) (poultry),HPAI,H5N1,Domestic,Birds,Animal,-,-,2015|Jan-Jun 2015|Plateau|HPAI|H5N1,animal_row,True,,384465.0,23584.0,343749.0,0.0,23574.0,
331,2015,Jan-Jun 2015,Africa,Nigeria,Rivers,Rivers,False,state,High pathogenicity avian influenza viruses (Inf. with) (poultry),HPAI,H5N1,Both animal categories,,-,-,-,2015|Jan-Jun 2015|Rivers|HPAI|H5N1,outbreak_row,True,3.0,,,,,,
332,2015,Jan-Jun 2015,Africa,Nigeria,Rivers,Rivers,False,state,High pathogenicity avian influenza viruses (Inf. with) (poultry),HPAI,H5N1,Domestic,Birds,Animal,-,-,2015|Jan-Jun 2015|Rivers|HPAI|H5N1,animal_row,True,,5250.0,1737.0,1988.0,0.0,1737.0,
333,2015,Jul-Dec 2015,Africa,Nigeria,Abia,Abia,False,state,High pathogenicity avian influenza viruses (Inf. with) (poultry),HPAI,H5N1,Both animal categories,,-,-,-,2015|Jul-Dec 2015|Abia|HPAI|H5N1,outbreak_row,True,2.0,,,,,,
334,2015,Jul-Dec 2015,Africa,Nigeria,Abia,Abia,False,state,High pathogenicity avian influenza viruses (Inf. with) (poultry),HPAI,H5N1,Domestic,Birds,Animal,-,-,2015|Jul-Dec 2015|Abia|HPAI|H5N1,animal_row,True,,6569.0,2518.0,4032.0,0.0,2518.0,
335,2015,Jul-Dec 2015,Africa,Nigeria,Adamawa,Adamawa,False,state,Rabies virus (Inf. with),Rabies,,Both animal categories,,-,-,-,2015|Jul-Dec 2015|Adamawa|Rabies|,outbreak_row,True,1.0,,,,,,
336,2015,Jul-Dec 2015,Africa,Nigeria,Adamawa,Adamawa,False,state,Rabies virus (Inf. with),Rabies,,Domestic,Dogs,Animal,-,-,2015|Jul-Dec 2015|Adamawa|Rabies|,animal_row,True,,3.0,3.0,3.0,0.0,0.0,0.0
337,2015,Jul-Dec 2015,Africa,Nigeria,Anambra,Anambra,False,state,High pathogenicity avian influenza viruses (Inf. with) (poultry),HPAI,H5N1,Both animal categories,,-,-,-,2015|Jul-Dec 2015|Anambra|HPAI|H5N1,outbreak_row,True,1.0,,,,,,
338,2015,Jul-Dec 2015,Africa,Nigeria,Anambra,Anambra,False,state,High pathogenicity avian influenza viruses (Inf. with) (poultry),HPAI,H5N1,Domestic,Birds,Animal,-,-,2015|Jul-Dec 2015|Anambra|HPAI|H5N1,animal_row,True,,4000.0,1000.0,0.0,0.0,1000.0,
339,2015,Jul-Dec 2015,Africa,Nigeria,Bayelsa,Bayelsa,False,state,High pathogenicity avian influenza viruses (Inf. with) (poultry),HPAI,H5N1,Both animal categories,,-,-,-,2015|Jul-Dec 2015|Bayelsa|HPAI|H5N1,outbreak_row,True,1.0,,,,,,
340,2015,Jul-Dec 2015,Africa,Nigeria,Bayelsa,Bayelsa,False,state,High pathogenicity avian influenza viruses (Inf. with) (poultry),HPAI,H5N1,Domestic,Birds,Animal,-,-,2015|Jul-Dec 2015|Bayelsa|HPAI|H5N1,animal_row,True,,22800.0,1800.0,21000.0,0.0,1800.0,
341,2015,Jul-Dec 2015,Africa,Nigeria,Delta,Delta,False,state,High pathogenicity avian influenza viruses (Inf. with) (poultry),HPAI,H5N1,Both animal categories,,-,-,-,2015|Jul-Dec 2015|Delta|HPAI|H5N1,outbreak_row,True,3.0,,,,,,
342,2015,Jul-Dec 2015,Africa,Nigeria,Delta,Delta,False,state,High pathogenicity avian influenza viruses (Inf. with) (poultry),HPAI,H5N1,Domestic,Birds,Animal,-,-,2015|Jul-Dec 2015|Delta|HPAI|H5N1,animal_row,True,,343238.0,8373.0,335105.0,0.0,8099.0,
343,2015,Jul-Dec 2015,Africa,Nigeria,Edo,Edo,False,state,High pathogenicity avian influenza viruses (Inf. with) (poultry),HPAI,H5N1,Both animal categories,,-,-,-,2015|Jul-Dec 2015|Edo|HPAI|H5N1,outbreak_row,True,2.0,,,,,,
344,2015,Jul-Dec 2015,Africa,Nigeria,Edo,Edo,False,state,High pathogenicity avian influenza viruses (Inf. with) (poultry),HPAI,H5N1,Domestic,Birds,Animal,-,-,2015|Jul-Dec 2015|Edo|HPAI|H5N1,animal_row,True,,11650.0,1830.0,9820.0,0.0,1830.0,
345,2015,Jul-Dec 2015,Africa,Nigeria,Enugu,Enugu,False,state,High pathogenicity avian influenza viruses (Inf. with) (poultry),HPAI,H5N1,Both animal categories,,-,-,-,2015|Jul-Dec 2015|Enugu|HPAI|H5N1,outbreak_row,True,3.0,,,,,,
346,2015,Jul-Dec 2015,Africa,Nigeria,Enugu,Enugu,False,state,High pathogenicity avian influenza viruses (Inf. with) (poultry),HPAI,H5N1,Domestic,Birds,Animal,-,-,2015|Jul-Dec 2015|Enugu|HPAI|H5N1,animal_row,True,,123230.0,26629.0,95449.0,0.0,26167.0,
347,2015,Jul-Dec 2015,Africa,Nigeria,Federal Capital Territory,Federal Capital Territory,False,state,High pathogenicity avian influenza viruses (Inf. with) (poultry),HPAI,H5N1,Both animal categories,,-,-,-,2015|Jul-Dec 2015|Federal Capital Territory|HPAI|H5N1,outbreak_row,True,1.0,,,,,,
348,2015,Jul-Dec 2015,Africa,Nigeria,Federal Capital Territory,Federal Capital Territory,False,state,High pathogenicity avian influenza viruses (Inf. with) (poultry),HPAI,H5N1,Domestic,Birds,Animal,-,-,2015|Jul-Dec 2015|Federal Capital Territory|HPAI|H5N1,animal_row,True,,800.0,400.0,0.0,0.0,400.0,
349,2015,Jul-Dec 2015,Africa,Nigeria,Gombe,Gombe,False,state,High pathogenicity avian influenza viruses (Inf. with) (poultry),HPAI,H5N1,Both animal categories,,-,-,-,2015|Jul-Dec 2015|Gombe|HPAI|H5N1,outbreak_row,True,1.0,,,,,,
350,2015,Jul-Dec 2015,Africa,Nigeria,Gombe,Gombe,False,state,High pathogenicity avian influenza viruses (Inf. with) (poultry),HPAI,H5N1,Domestic,Birds,Animal,-,-,2015|Jul-Dec 2015|Gombe|HPAI|H5N1,animal_row,True,,1000.0,370.0,0.0,0.0,350.0,
351,2015,Jul-Dec 2015,Africa,Nigeria,Jigawa,Jigawa,False,state,High pathogenicity avian influenza viruses (Inf. with) (poultry),HPAI,H5N1,Both animal categories,,-,-,-,2015|Jul-Dec 2015|Jigawa|HPAI|H5N1,outbreak_row,True,1.0,,,,,,
352,2015,Jul-Dec 2015,Africa,Nigeria,Jigawa,Jigawa,False,state,High pathogenicity avian influenza viruses (Inf. with) (poultry),HPAI,H5N1,Domestic,Birds,Animal,-,-,2015|Jul-Dec 2015|Jigawa|HPAI|H5N1,animal_row,True,,4000.0,1000.0,3000.0,0.0,1000.0,
353,2015,Jul-Dec 2015,Africa,Nigeria,Kaduna,Kaduna,False,state,High pathogenicity avian influenza viruses (Inf. with) (poultry),HPAI,H5N1,Both animal categories,,-,-,-,2015|Jul-Dec 2015|Kaduna|HPAI|H5N1,outbreak_row,True,1.0,,,,,,
354,2015,Jul-Dec 2015,Africa,Nigeria,Kaduna,Kaduna,False,state,High pathogenicity avian influenza viruses (Inf. with) (poultry),HPAI,H5N1,Domestic,Birds,Animal,-,-,2015|Jul-Dec 2015|Kaduna|HPAI|H5N1,animal_row,True,,7500.0,1500.0,6000.0,0.0,1500.0,
355,2015,Jul-Dec 2015,Africa,Nigeria,Kano,Kano,False,state,High pathogenicity avian influenza viruses (Inf. with) (poultry),HPAI,H5N1,Both animal categories,,-,-,-,2015|Jul-Dec 2015|Kano|HPAI|H5N1,outbreak_row,True,4.0,,,,,,
356,2015,Jul-Dec 2015,Africa,Nigeria,Kano,Kano,False,state,High pathogenicity avian influenza viruses (Inf. with) (poultry),HPAI,H5N1,Domestic,Birds,Animal,-,-,2015|Jul-Dec 2015|Kano|HPAI|H5N1,animal_row,True,,15586.0,512.0,15074.0,0.0,512.0,
357,2015,Jul-Dec 2015,Africa,Nigeria,Lagos,Lagos,False,state,High pathogenicity avian influenza viruses (Inf. with) (poultry),HPAI,H5N1,Both animal categories,,-,-,-,2015|Jul-Dec 2015|Lagos|HPAI|H5N1,outbreak_row,True,17.0,,,,,,
358,2015,Jul-Dec 2015,Africa,Nigeria,Lagos,Lagos,False,state,High pathogenicity avian influenza viruses (Inf. with) (poultry),HPAI,H5N1,Domestic,Birds,Animal,-,-,2015|Jul-Dec 2015|Lagos|HPAI|H5N1,animal_row,True,,71467.0,11606.0,55964.0,0.0,11606.0,
359,2015,Jul-Dec 2015,Africa,Nigeria,Nasarawa,Nasarawa,False,state,High pathogenicity avian influenza viruses (Inf. with) (poultry),HPAI,H5N1,Both animal categories,,-,-,-,2015|Jul-Dec 2015|Nasarawa|HPAI|H5N1,outbreak_row,True,1.0,,,,,,
360,2015,Jul-Dec 2015,Africa,Nigeria,Nasarawa,Nasarawa,False,state,High pathogenicity avian influenza viruses (Inf. with) (poultry),HPAI,H5N1,Domestic,Birds,Animal,-,-,2015|Jul-Dec 2015|Nasarawa|HPAI|H5N1,animal_row,True,,10000.0,1700.0,8300.0,0.0,1700.0,
361,2015,Jul-Dec 2015,Africa,Nigeria,Ogun,Ogun,False,state,High pathogenicity avian influenza viruses (Inf. with) (poultry),HPAI,H5N1,Both animal categories,,-,-,-,2015|Jul-Dec 2015|Ogun|HPAI|H5N1,outbreak_row,True,1.0,,,,,,
362,2015,Jul-Dec 2015,Africa,Nigeria,Ogun,Ogun,False,state,High pathogenicity avian influenza viruses (Inf. with) (poultry),HPAI,H5N1,Domestic,Birds,Animal,-,-,2015|Jul-Dec 2015|Ogun|HPAI|H5N1,animal_row,True,,2795.0,100.0,2695.0,0.0,100.0,
363,2015,Jul-Dec 2015,Africa,Nigeria,Osun,Osun,False,state,Trypanosomosis (tsetse-transmitted) (-2021),Trypanosomosis,,Both animal categories,,-,-,-,2015|Jul-Dec 2015|Osun|Trypanosomosis|,outbreak_row,True,1.0,,,,,,
364,2015,Jul-Dec 2015,Africa,Nigeria,Osun,Osun,False,state,Trypanosomosis (tsetse-transmitted) (-2021),Trypanosomosis,,Domestic,Cattle,Animal,-,-,2015|Jul-Dec 2015|Osun|Trypanosomosis|,animal_row,True,,50.0,10.0,0.0,0.0,1.0,
365,2015,Jul-Dec 2015,Africa,Nigeria,Oyo,Oyo,False,state,High pathogenicity avian influenza viruses (Inf. with) (poultry),HPAI,H5N1,Both animal categories,,-,-,-,2015|Jul-Dec 2015|Oyo|HPAI|H5N1,outbreak_row,True,3.0,,,,,,
366,2015,Jul-Dec 2015,Africa,Nigeria,Oyo,Oyo,False,state,High pathogenicity avian influenza viruses (Inf. with) (poultry),HPAI,H5N1,Domestic,Birds,Animal,-,-,2015|Jul-Dec 2015|Oyo|HPAI|H5N1,animal_row,True,,14155.0,6477.0,7643.0,0.0,6477.0,
367,2015,Jul-Dec 2015,Africa,Nigeria,Rivers,Rivers,False,state,High pathogenicity avian influenza viruses (Inf. with) (poultry),HPAI,H5N1,Both animal categories,,-,-,-,2015|Jul-Dec 2015|Rivers|HPAI|H5N1,outbreak_row,True,36.0,,,,,,
368,2015,Jul-Dec 2015,Africa,Nigeria,Rivers,Rivers,False,state,High pathogenicity avian influenza viruses (Inf. with) (poultry),HPAI,H5N1,Domestic,Birds,Animal,-,-,2015|Jul-Dec 2015|Rivers|HPAI|H5N1,animal_row,True,,100428.0,17760.0,64168.0,0.0,17760.0,
369,2016,Jan-Jun 2016,Africa,Nigeria,Adamawa,Adamawa,False,state,High pathogenicity avian influenza viruses (Inf. with) (poultry),HPAI,H5N1,Both animal categories,,-,-,-,2016|Jan-Jun 2016|Adamawa|HPAI|H5N1,outbreak_row,True,3.0,,,,,,
370,2016,Jan-Jun 2016,Africa,Nigeria,Adamawa,Adamawa,False,state,High pathogenicity avian influenza viruses (Inf. with) (poultry),HPAI,H5N1,Domestic,Birds,Animal,-,-,2016|Jan-Jun 2016|Adamawa|HPAI|H5N1,animal_row,True,,28900.0,3380.0,25520.0,0.0,3380.0,
371,2016,Jan-Jun 2016,Africa,Nigeria,Bauchi,Bauchi,False,state,High pathogenicity avian influenza viruses (Inf. with) (poultry),HPAI,H5N1,Both animal categories,,-,-,-,2016|Jan-Jun 2016|Bauchi|HPAI|H5N1,outbreak_row,True,4.0,,,,,,
372,2016,Jan-Jun 2016,Africa,Nigeria,Bauchi,Bauchi,False,state,High pathogenicity avian influenza viruses (Inf. with) (poultry),HPAI,H5N1,Domestic,Birds,Animal,-,-,2016|Jan-Jun 2016|Bauchi|HPAI|H5N1,animal_row,True,,76411.0,4283.0,72128.0,0.0,4283.0,
373,2016,Jan-Jun 2016,Africa,Nigeria,Bayelsa,Bayelsa,False,state,High pathogenicity avian influenza viruses (Inf. with) (poultry),HPAI,H5N1,Both animal categories,,-,-,-,2016|Jan-Jun 2016|Bayelsa|HPAI|H5N1,outbreak_row,True,1.0,,,,,,
374,2016,Jan-Jun 2016,Africa,Nigeria,Bayelsa,Bayelsa,False,state,High pathogenicity avian influenza viruses (Inf. with) (poultry),HPAI,H5N1,Domestic,Birds,Animal,-,-,2016|Jan-Jun 2016|Bayelsa|HPAI|H5N1,animal_row,True,,3000.0,850.0,2150.0,0.0,850.0,
375,2016,Jan-Jun 2016,Africa,Nigeria,Benue,Benue,False,state,High pathogenicity avian influenza viruses (Inf. with) (poultry),HPAI,H5N1,Both animal categories,,-,-,-,2016|Jan-Jun 2016|Benue|HPAI|H5N1,outbreak_row,True,1.0,,,,,,
376,2016,Jan-Jun 2016,Africa,Nigeria,Benue,Benue,False,state,High pathogenicity avian influenza viruses (Inf. with) (poultry),HPAI,H5N1,Domestic,Birds,Animal,-,-,2016|Jan-Jun 2016|Benue|HPAI|H5N1,animal_row,True,,350.0,148.0,202.0,0.0,148.0,
377,2016,Jan-Jun 2016,Africa,Nigeria,Delta,Delta,False,state,High pathogenicity avian influenza viruses (Inf. with) (poultry),HPAI,H5N1,Both animal categories,,-,-,-,2016|Jan-Jun 2016|Delta|HPAI|H5N1,outbreak_row,True,1.0,,,,,,
378,2016,Jan-Jun 2016,Africa,Nigeria,Delta,Delta,False,state,High pathogenicity avian influenza viruses (Inf. with) (poultry),HPAI,H5N1,Domestic,Birds,Animal,-,-,2016|Jan-Jun 2016|Delta|HPAI|H5N1,animal_row,True,,1609.0,402.0,1207.0,0.0,402.0,
379,2016,Jan-Jun 2016,Africa,Nigeria,Ebonyi,Ebonyi,False,state,High pathogenicity avian influenza viruses (Inf. with) (poultry),HPAI,H5N1,Both animal categories,,-,-,-,2016|Jan-Jun 2016|Ebonyi|HPAI|H5N1,outbreak_row,True,2.0,,,,,,
380,2016,Jan-Jun 2016,Africa,Nigeria,Ebonyi,Ebonyi,False,state,High pathogenicity avian influenza viruses (Inf. with) (poultry),HPAI,H5N1,Domestic,Birds,Animal,-,-,2016|Jan-Jun 2016|Ebonyi|HPAI|H5N1,animal_row,True,,2200.0,270.0,1930.0,0.0,270.0,
381,2016,Jan-Jun 2016,Africa,Nigeria,Edo,Edo,False,state,High pathogenicity avian influenza viruses (Inf. with) (poultry),HPAI,H5N1,Both animal categories,,-,-,-,2016|Jan-Jun 2016|Edo|HPAI|H5N1,outbreak_row,True,7.0,,,,,,
382,2016,Jan-Jun 2016,Africa,Nigeria,Edo,Edo,False,state,High pathogenicity avian influenza viruses (Inf. with) (poultry),HPAI,H5N1,Domestic,Birds,Animal,-,-,2016|Jan-Jun 2016|Edo|HPAI|H5N1,animal_row,True,,36600.0,4134.0,32466.0,0.0,4134.0,
383,2016,Jan-Jun 2016,Africa,Nigeria,Enugu,Enugu,False,state,High pathogenicity avian influenza viruses (Inf. with) (poultry),HPAI,H5N1,Both animal categories,,-,-,-,2016|Jan-Jun 2016|Enugu|HPAI|H5N1,outbreak_row,True,2.0,,,,,,
384,2016,Jan-Jun 2016,Africa,Nigeria,Enugu,Enugu,False,state,High pathogenicity avian influenza viruses (Inf. with) (poultry),HPAI,H5N1,Domestic,Birds,Animal,-,-,2016|Jan-Jun 2016|Enugu|HPAI|H5N1,animal_row,True,,5000.0,2385.0,2615.0,0.0,2385.0,
385,2016,Jan-Jun 2016,Africa,Nigeria,Federal Capital Territory,Federal Capital Territory,False,state,High pathogenicity avian influenza viruses (Inf. with) (poultry),HPAI,H5N1,Both animal categories,,-,-,-,2016|Jan-Jun 2016|Federal Capital Territory|HPAI|H5N1,outbreak_row,True,15.0,,,,,,
386,2016,Jan-Jun 2016,Africa,Nigeria,Federal Capital Territory,Federal Capital Territory,False,state,High pathogenicity avian influenza viruses (Inf. with) (poultry),HPAI,H5N1,Domestic,Birds,Animal,-,-,2016|Jan-Jun 2016|Federal Capital Territory|HPAI|H5N1,animal_row,True,,377199.0,59797.0,317402.0,0.0,59797.0,
387,2016,Jan-Jun 2016,Africa,Nigeria,Jigawa,Jigawa,False,state,High pathogenicity avian influenza viruses (Inf. with) (poultry),HPAI,H5N1,Both animal categories,,-,-,-,2016|Jan-Jun 2016|Jigawa|HPAI|H5N1,outbreak_row,True,2.0,,,,,,
388,2016,Jan-Jun 2016,Africa,Nigeria,Jigawa,Jigawa,False,state,High pathogenicity avian influenza viruses (Inf. with) (poultry),HPAI,H5N1,Domestic,Birds,Animal,-,-,2016|Jan-Jun 2016|Jigawa|HPAI|H5N1,animal_row,True,,8105.0,1550.0,6555.0,0.0,1550.0,
389,2016,Jan-Jun 2016,Africa,Nigeria,Kaduna,Kaduna,False,state,High pathogenicity avian influenza viruses (Inf. with) (poultry),HPAI,H5N1,Both animal categories,,-,-,-,2016|Jan-Jun 2016|Kaduna|HPAI|H5N1,outbreak_row,True,12.0,,,,,,
390,2016,Jan-Jun 2016,Africa,Nigeria,Kaduna,Kaduna,False,state,High pathogenicity avian influenza viruses (Inf. with) (poultry),HPAI,H5N1,Domestic,Birds,Animal,-,-,2016|Jan-Jun 2016|Kaduna|HPAI|H5N1,animal_row,True,,144730.0,17156.0,127574.0,0.0,17156.0,
391,2016,Jan-Jun 2016,Africa,Nigeria,Kano,Kano,False,state,High pathogenicity avian influenza viruses (Inf. with) (poultry),HPAI,H5N1,Both animal categories,,-,-,-,2016|Jan-Jun 2016|Kano|HPAI|H5N1,outbreak_row,True,91.0,,,,,,
392,2016,Jan-Jun 2016,Africa,Nigeria,Kano,Kano,False,state,High pathogenicity avian influenza viruses (Inf. with) (poultry),HPAI,H5N1,Domestic,Birds,Animal,-,-,2016|Jan-Jun 2016|Kano|HPAI|H5N1,animal_row,True,,472888.0,8226.0,464211.0,0.0,8226.0,
393,2016,Jan-Jun 2016,Africa,Nigeria,Katsina,Katsina,False,state,High pathogenicity avian influenza viruses (Inf. with) (poultry),HPAI,H5N1,Both animal categories,,-,-,-,2016|Jan-Jun 2016|Katsina|HPAI|H5N1,outbreak_row,True,5.0,,,,,,
394,2016,Jan-Jun 2016,Africa,Nigeria,Katsina,Katsina,False,state,High pathogenicity avian influenza viruses (Inf. with) (poultry),HPAI,H5N1,Domestic,Birds,Animal,-,-,2016|Jan-Jun 2016|Katsina|HPAI|H5N1,animal_row,True,,114506.0,3358.0,110948.0,0.0,3358.0,
395,2016,Jan-Jun 2016,Africa,Nigeria,Kebbi,Kebbi,False,state,High pathogenicity avian influenza viruses (Inf. with) (poultry),HPAI,H5N1,Both animal categories,,-,-,-,2016|Jan-Jun 2016|Kebbi|HPAI|H5N1,outbreak_row,True,1.0,,,,,,
396,2016,Jan-Jun 2016,Africa,Nigeria,Kebbi,Kebbi,False,state,High pathogenicity avian influenza viruses (Inf. with) (poultry),HPAI,H5N1,Domestic,Birds,Animal,-,-,2016|Jan-Jun 2016|Kebbi|HPAI|H5N1,animal_row,True,,1500.0,600.0,900.0,0.0,600.0,
397,2016,Jan-Jun 2016,Africa,Nigeria,Lagos,Lagos,False,state,High pathogenicity avian influenza viruses (Inf. with) (poultry),HPAI,H5N1,Both animal categories,,-,-,-,2016|Jan-Jun 2016|Lagos|HPAI|H5N1,outbreak_row,True,1.0,,,,,,
398,2016,Jan-Jun 2016,Africa,Nigeria,Lagos,Lagos,False,state,High pathogenicity avian influenza viruses (Inf. with) (poultry),HPAI,H5N1,Domestic,Birds,Animal,-,-,2016|Jan-Jun 2016|Lagos|HPAI|H5N1,animal_row,True,,4000.0,1355.0,2645.0,0.0,1355.0,
399,2016,Jan-Jun 2016,Africa,Nigeria,Nasarawa,Nasarawa,False,state,High pathogenicity avian influenza viruses (Inf. with) (poultry),HPAI,H5N1,Both animal categories,,-,-,-,2016|Jan-Jun 2016|Nasarawa|HPAI|H5N1,outbreak_row,True,1.0,,,,,,
400,2016,Jan-Jun 2016,Africa,Nigeria,Nasarawa,Nasarawa,False,state,High pathogenicity avian influenza viruses (Inf. with) (poultry),HPAI,H5N1,Domestic,Birds,Animal,-,-,2016|Jan-Jun 2016|Nasarawa|HPAI|H5N1,animal_row,True,,10500.0,1635.0,8865.0,0.0,1635.0,
401,2016,Jan-Jun 2016,Africa,Nigeria,Plateau,Plateau,False,state,High pathogenicity avian influenza viruses (Inf. with) (poultry),HPAI,H5N1,Both animal categories,,-,-,-,2016|Jan-Jun 2016|Plateau|HPAI|H5N1,outbreak_row,True,55.0,,,,,,
402,2016,Jan-Jun 2016,Africa,Nigeria,Plateau,Plateau,False,state,High pathogenicity avian influenza viruses (Inf. with) (poultry),HPAI,H5N1,Domestic,Birds,Animal,-,-,2016|Jan-Jun 2016|Plateau|HPAI|H5N1,animal_row,True,,220151.0,11960.0,208191.0,0.0,11960.0,
403,2016,Jan-Jun 2016,Africa,Nigeria,Sokoto,Sokoto,False,state,High pathogenicity avian influenza viruses (Inf. with) (poultry),HPAI,H5N1,Both animal categories,,-,-,-,2016|Jan-Jun 2016|Sokoto|HPAI|H5N1,outbreak_row,True,2.0,,,,,,
404,2016,Jan-Jun 2016,Africa,Nigeria,Sokoto,Sokoto,False,state,High pathogenicity avian influenza viruses (Inf. with) (poultry),HPAI,H5N1,Domestic,Birds,Animal,-,-,2016|Jan-Jun 2016|Sokoto|HPAI|H5N1,animal_row,True,,12000.0,2270.0,9730.0,0.0,2270.0,
405,2016,Jan-Jun 2016,Africa,Nigeria,Zamfara,Zamfara,False,state,High pathogenicity avian influenza viruses (Inf. with) (poultry),HPAI,H5N1,Both animal categories,,-,-,-,2016|Jan-Jun 2016|Zamfara|HPAI|H5N1,outbreak_row,True,3.0,,,,,,
406,2016,Jan-Jun 2016,Africa,Nigeria,Zamfara,Zamfara,False,state,High pathogenicity avian influenza viruses (Inf. with) (poultry),HPAI,H5N1,Domestic,Birds,Animal,-,-,2016|Jan-Jun 2016|Zamfara|HPAI|H5N1,animal_row,True,,38398.0,3948.0,34450.0,0.0,3948.0,
407,2016,Jul-Dec 2016,Africa,Nigeria,Bauchi,Bauchi,False,state,High pathogenicity avian influenza viruses (Inf. with) (poultry),HPAI,H5N1,Both animal categories,,-,-,-,2016|Jul-Dec 2016|Bauchi|HPAI|H5N1,outbreak_row,True,2.0,,,,,,
408,2016,Jul-Dec 2016,Africa,Nigeria,Bauchi,Bauchi,False,state,High pathogenicity avian influenza viruses (Inf. with) (poultry),HPAI,H5N1,Domestic,Birds,Animal,-,-,2016|Jul-Dec 2016|Bauchi|HPAI|H5N1,animal_row,True,,10214.0,378.0,940.0,0.0,378.0,
409,2016,Jul-Dec 2016,Africa,Nigeria,Delta,Delta,False,state,High pathogenicity avian influenza viruses (Inf. with) (poultry),HPAI,H5N1,Both animal categories,,-,-,-,2016|Jul-Dec 2016|Delta|HPAI|H5N1,outbreak_row,True,1.0,,,,,,
410,2016,Jul-Dec 2016,Africa,Nigeria,Delta,Delta,False,state,High pathogenicity avian influenza viruses (Inf. with) (poultry),HPAI,H5N1,Domestic,Birds,Animal,-,-,2016|Jul-Dec 2016|Delta|HPAI|H5N1,animal_row,True,,100.0,90.0,10.0,0.0,90.0,
411,2016,Jul-Dec 2016,Africa,Nigeria,Federal Capital Territory,Federal Capital Territory,False,state,High pathogenicity avian influenza viruses (Inf. with) (poultry),HPAI,H5N1,Both animal categories,,-,-,-,2016|Jul-Dec 2016|Federal Capital Territory|HPAI|H5N1,outbreak_row,True,1.0,,,,,,
412,2016,Jul-Dec 2016,Africa,Nigeria,Federal Capital Territory,Federal Capital Territory,False,state,High pathogenicity avian influenza viruses (Inf. with) (poultry),HPAI,H5N1,Domestic,Birds,Animal,-,-,2016|Jul-Dec 2016|Federal Capital Territory|HPAI|H5N1,animal_row,True,,100000.0,10000.0,90000.0,0.0,10000.0,
413,2016,Jul-Dec 2016,Africa,Nigeria,Kano,Kano,False,state,High pathogenicity avian influenza viruses (Inf. with) (poultry),HPAI,H5N1;H5N8,Both animal categories,,-,-,-,2016|Jul-Dec 2016|Kano|HPAI|H5N1;H5N8,outbreak_row,True,1.0,,,,,,
414,2016,Jul-Dec 2016,Africa,Nigeria,Kano,Kano,False,state,High pathogenicity avian influenza viruses (Inf. with) (poultry),HPAI,H5N1;H5N8,Domestic,Birds,Animal,-,-,2016|Jul-Dec 2016|Kano|HPAI|H5N1;H5N8,animal_row,True,,431.0,33.0,398.0,0.0,33.0,
415,2016,Jul-Dec 2016,Africa,Nigeria,Kano,Kano,False,state,High pathogenicity avian influenza viruses (Inf. with) (poultry),HPAI,H5N8,Domestic,Birds,Animal,-,-,2016|Jul-Dec 2016|Kano|HPAI|H5N8,animal_row,True,,,,,,,
416,2016,Jul-Dec 2016,Africa,Nigeria,Lagos,Lagos,False,state,High pathogenicity avian influenza viruses (Inf. with) (poultry),HPAI,H5N1,Both animal categories,,-,-,-,2016|Jul-Dec 2016|Lagos|HPAI|H5N1,outbreak_row,True,1.0,,,,,,
417,2016,Jul-Dec 2016,Africa,Nigeria,Lagos,Lagos,False,state,High pathogenicity avian influenza viruses (Inf. with) (poultry),HPAI,H5N1,Domestic,Birds,Animal,-,-,2016|Jul-Dec 2016|Lagos|HPAI|H5N1,animal_row,True,,250.0,55.0,195.0,0.0,55.0,
418,2016,Jul-Dec 2016,Africa,Nigeria,Oyo,Oyo,False,state,High pathogenicity avian influenza viruses (Inf. with) (poultry),HPAI,H5N1,Both animal categories,,-,-,-,2016|Jul-Dec 2016|Oyo|HPAI|H5N1,outbreak_row,True,1.0,,,,,,
419,2016,Jul-Dec 2016,Africa,Nigeria,Oyo,Oyo,False,state,High pathogenicity avian influenza viruses (Inf. with) (poultry),HPAI,H5N1,Domestic,Birds,Animal,-,-,2016|Jul-Dec 2016|Oyo|HPAI|H5N1,animal_row,True,,1647.0,886.0,0.0,0.0,886.0,
420,2016,Jul-Dec 2016,Africa,Nigeria,Rivers,Rivers,False,state,High pathogenicity avian influenza viruses (Inf. with) (poultry),HPAI,H5N1,Both animal categories,,-,-,-,2016|Jul-Dec 2016|Rivers|HPAI|H5N1,outbreak_row,True,3.0,,,,,,
421,2016,Jul-Dec 2016,Africa,Nigeria,Rivers,Rivers,False,state,High pathogenicity avian influenza viruses (Inf. with) (poultry),HPAI,H5N1,Domestic,Birds,Animal,-,-,2016|Jul-Dec 2016|Rivers|HPAI|H5N1,animal_row,True,,4800.0,1404.0,3396.0,0.0,1404.0,
422,2016,Jul-Dec 2016,Africa,Nigeria,Sokoto,Sokoto,False,state,Rabies virus (Inf. with),Rabies,,Both animal categories,,-,-,-,2016|Jul-Dec 2016|Sokoto|Rabies|,outbreak_row,True,1.0,,,,,,
423,2016,Jul-Dec 2016,Africa,Nigeria,Sokoto,Sokoto,False,state,Rabies virus (Inf. with),Rabies,,Domestic,Dogs,Animal,-,-,2016|Jul-Dec 2016|Sokoto|Rabies|,animal_row,True,,5.0,1.0,0.0,0.0,1.0,0.0
424,2017,Jan-Jun 2017,Africa,Nigeria,Adamawa,Adamawa,False,state,High pathogenicity avian influenza viruses (Inf. with) (poultry),HPAI,H5N1,Both animal categories,,-,-,-,2017|Jan-Jun 2017|Adamawa|HPAI|H5N1,outbreak_row,True,1.0,,,,,,
425,2017,Jan-Jun 2017,Africa,Nigeria,Adamawa,Adamawa,False,state,High pathogenicity avian influenza viruses (Inf. with) (poultry),HPAI,H5N1,Domestic,Birds,Animal,-,-,2017|Jan-Jun 2017|Adamawa|HPAI|H5N1,animal_row,True,,200.0,50.0,150.0,0.0,50.0,
426,2017,Jan-Jun 2017,Africa,Nigeria,Bauchi,Bauchi,False,state,High pathogenicity avian influenza viruses (Inf. with) (poultry),HPAI,H5N1,Both animal categories,,-,-,-,2017|Jan-Jun 2017|Bauchi|HPAI|H5N1,outbreak_row,True,12.0,,,,,,
427,2017,Jan-Jun 2017,Africa,Nigeria,Bauchi,Bauchi,False,state,High pathogenicity avian influenza viruses (Inf. with) (poultry),HPAI,H5N1,Domestic,Birds,Animal,-,-,2017|Jan-Jun 2017|Bauchi|HPAI|H5N1,animal_row,True,,66665.0,13652.0,53013.0,0.0,13652.0,
428,2017,Jan-Jun 2017,Africa,Nigeria,Edo,Edo,False,state,High pathogenicity avian influenza viruses (Inf. with) (poultry),HPAI,H5N1,Both animal categories,,-,-,-,2017|Jan-Jun 2017|Edo|HPAI|H5N1,outbreak_row,True,1.0,,,,,,
429,2017,Jan-Jun 2017,Africa,Nigeria,Edo,Edo,False,state,High pathogenicity avian influenza viruses (Inf. with) (poultry),HPAI,H5N1,Domestic,Birds,Animal,-,-,2017|Jan-Jun 2017|Edo|HPAI|H5N1,animal_row,True,,8100.0,10.0,0.0,0.0,10.0,
430,2017,Jan-Jun 2017,Africa,Nigeria,Federal Capital Territory,Federal Capital Territory,False,state,High pathogenicity avian influenza viruses (Inf. with) (poultry),HPAI,H5N1,Both animal categories,,-,-,-,2017|Jan-Jun 2017|Federal Capital Territory|HPAI|H5N1,outbreak_row,True,1.0,,,,,,
431,2017,Jan-Jun 2017,Africa,Nigeria,Federal Capital Territory,Federal Capital Territory,False,state,High pathogenicity avian influenza viruses (Inf. with) (poultry),HPAI,H5N1,Domestic,Birds,Animal,-,-,2017|Jan-Jun 2017|Federal Capital Territory|HPAI|H5N1,animal_row,True,,130000.0,265.0,129735.0,0.0,265.0,
432,2017,Jan-Jun 2017,Africa,Nigeria,Gombe,Gombe,False,state,Trypanosomosis (tsetse-transmitted) (-2021),Trypanosomosis,,Both animal categories,,-,-,-,2017|Jan-Jun 2017|Gombe|Trypanosomosis|,outbreak_row,True,1.0,,,,,,
433,2017,Jan-Jun 2017,Africa,Nigeria,Gombe,Gombe,False,state,Trypanosomosis (tsetse-transmitted) (-2021),Trypanosomosis,,Domestic,Cattle,Animal,-,-,2017|Jan-Jun 2017|Gombe|Trypanosomosis|,animal_row,True,,23.0,1.0,0.0,0.0,0.0,
434,2017,Jan-Jun 2017,Africa,Nigeria,Kaduna,Kaduna,False,state,High pathogenicity avian influenza viruses (Inf. with) (poultry),HPAI,H5N1,Both animal categories,,-,-,-,2017|Jan-Jun 2017|Kaduna|HPAI|H5N1,outbreak_row,True,3.0,,,,,,
435,2017,Jan-Jun 2017,Africa,Nigeria,Kaduna,Kaduna,False,state,High pathogenicity avian influenza viruses (Inf. with) (poultry),HPAI,H5N1,Domestic,Birds,Animal,-,-,2017|Jan-Jun 2017|Kaduna|HPAI|H5N1,animal_row,True,,19700.0,2947.0,16753.0,0.0,2947.0,
436,2017,Jan-Jun 2017,Africa,Nigeria,Kaduna,Kaduna,False,state,Rabies virus (Inf. with),Rabies,,Both animal categories,,-,-,-,2017|Jan-Jun 2017|Kaduna|Rabies|,outbreak_row,True,2.0,,,,,,
437,2017,Jan-Jun 2017,Africa,Nigeria,Kaduna,Kaduna,False,state,Rabies virus (Inf. with),Rabies,,Domestic,Cattle,Animal,-,-,2017|Jan-Jun 2017|Kaduna|Rabies|,animal_row,True,,35.0,2.0,0.0,1.0,1.0,0.0
438,2017,Jan-Jun 2017,Africa,Nigeria,Kaduna,Kaduna,False,state,Rabies virus (Inf. with),Rabies,,Domestic,Dogs,Animal,-,-,2017|Jan-Jun 2017|Kaduna|Rabies|,animal_row,True,,1.0,1.0,0.0,0.0,1.0,3000.0
439,2017,Jan-Jun 2017,Africa,Nigeria,Kano,Kano,False,state,High pathogenicity avian influenza viruses (Inf. with) (poultry),HPAI,H5N1,Both animal categories,,-,-,-,2017|Jan-Jun 2017|Kano|HPAI|H5N1,outbreak_row,True,1.0,,,,,,
440,2017,Jan-Jun 2017,Africa,Nigeria,Kano,Kano,False,state,High pathogenicity avian influenza viruses (Inf. with) (poultry),HPAI,H5N1,Domestic,Birds,Animal,-,-,2017|Jan-Jun 2017|Kano|HPAI|H5N1,animal_row,True,,13000.0,800.0,1200.0,0.0,800.0,
441,2017,Jan-Jun 2017,Africa,Nigeria,Kano,Kano,False,state,High pathogenicity avian influenza viruses (Inf. with) (poultry),HPAI,H5N8,Both animal categories,,-,-,-,2017|Jan-Jun 2017|Kano|HPAI|H5N8,outbreak_row,True,1.0,,,,,,
442,2017,Jan-Jun 2017,Africa,Nigeria,Kano,Kano,False,state,High pathogenicity avian influenza viruses (Inf. with) (poultry),HPAI,H5N8,Domestic,Birds,Animal,-,-,2017|Jan-Jun 2017|Kano|HPAI|H5N8,animal_row,True,,4.0,4.0,0.0,0.0,0.0,
443,2017,Jan-Jun 2017,Africa,Nigeria,Katsina,Katsina,False,state,High pathogenicity avian influenza viruses (Inf. with) (poultry),HPAI,H5N1,Both animal categories,,-,-,-,2017|Jan-Jun 2017|Katsina|HPAI|H5N1,outbreak_row,True,1.0,,,,,,
444,2017,Jan-Jun 2017,Africa,Nigeria,Katsina,Katsina,False,state,High pathogenicity avian influenza viruses (Inf. with) (poultry),HPAI,H5N1,Domestic,Birds,Animal,-,-,2017|Jan-Jun 2017|Katsina|HPAI|H5N1,animal_row,True,,3198.0,320.0,2878.0,0.0,320.0,
445,2017,Jan-Jun 2017,Africa,Nigeria,Nasarawa,Nasarawa,False,state,High pathogenicity avian influenza viruses (Inf. with) (poultry),HPAI,H5N1,Both animal categories,,-,-,-,2017|Jan-Jun 2017|Nasarawa|HPAI|H5N1,outbreak_row,True,1.0,,,,,,
446,2017,Jan-Jun 2017,Africa,Nigeria,Nasarawa,Nasarawa,False,state,High pathogenicity avian influenza viruses (Inf. with) (poultry),HPAI,H5N1,Domestic,Birds,Animal,-,-,2017|Jan-Jun 2017|Nasarawa|HPAI|H5N1,animal_row,True,,3200.0,9.0,3191.0,0.0,9.0,
447,2017,Jan-Jun 2017,Africa,Nigeria,Plateau,Plateau,False,state,High pathogenicity avian influenza viruses (Inf. with) (poultry),HPAI,H5N1,Both animal categories,,-,-,-,2017|Jan-Jun 2017|Plateau|HPAI|H5N1,outbreak_row,True,21.0,,,,,,
448,2017,Jan-Jun 2017,Africa,Nigeria,Plateau,Plateau,False,state,High pathogenicity avian influenza viruses (Inf. with) (poultry),HPAI,H5N1,Domestic,Birds,Animal,-,-,2017|Jan-Jun 2017|Plateau|HPAI|H5N1,animal_row,True,,70917.0,1497.0,67949.0,1490.0,1167.0,
449,2017,Jan-Jun 2017,Africa,Nigeria,Plateau,Plateau,False,state,Rabies virus (Inf. with),Rabies,,Both animal categories,,-,-,-,2017|Jan-Jun 2017|Plateau|Rabies|,outbreak_row,True,1.0,,,,,,
450,2017,Jan-Jun 2017,Africa,Nigeria,Plateau,Plateau,False,state,Rabies virus (Inf. with),Rabies,,Domestic,Dogs,Animal,-,-,2017|Jan-Jun 2017|Plateau|Rabies|,animal_row,True,,1.0,1.0,0.0,0.0,1.0,0.0
451,2017,Jan-Jun 2017,Africa,Nigeria,Rivers,Rivers,False,state,High pathogenicity avian influenza viruses (Inf. with) (poultry),HPAI,H5N1,Domestic,Birds,Animal,-,-,2017|Jan-Jun 2017|Rivers|HPAI|H5N1,animal_row,True,,,,,,,
452,2017,Jul-Dec 2017,Africa,Nigeria,Bauchi,Bauchi,False,state,High pathogenicity avian influenza viruses (Inf. with) (poultry),HPAI,H5N1,Domestic,Birds,Animal,-,-,2017|Jul-Dec 2017|Bauchi|HPAI|H5N1,animal_row,True,,,,,,,
453,2017,Jul-Dec 2017,Africa,Nigeria,Bauchi,Bauchi,False,state,Rabies virus (Inf. with),Rabies,,Both animal categories,,-,-,-,2017|Jul-Dec 2017|Bauchi|Rabies|,outbreak_row,True,4.0,,,,,,
454,2017,Jul-Dec 2017,Africa,Nigeria,Bauchi,Bauchi,False,state,Rabies virus (Inf. with),Rabies,,Domestic,Dogs,Animal,-,-,2017|Jul-Dec 2017|Bauchi|Rabies|,animal_row,True,,55.0,4.0,1.0,0.0,3.0,0.0
455,2017,Jul-Dec 2017,Africa,Nigeria,Benue,Benue,False,state,Rabies virus (Inf. with),Rabies,,Both animal categories,,-,-,-,2017|Jul-Dec 2017|Benue|Rabies|,outbreak_row,True,1.0,,,,,,
456,2017,Jul-Dec 2017,Africa,Nigeria,Benue,Benue,False,state,Rabies virus (Inf. with),Rabies,,Domestic,Dogs,Animal,-,-,2017|Jul-Dec 2017|Benue|Rabies|,animal_row,True,,1.0,1.0,0.0,0.0,1.0,0.0
457,2017,Jul-Dec 2017,Africa,Nigeria,Gombe,Gombe,False,state,Trypanosomosis (tsetse-transmitted) (-2021),Trypanosomosis,,Both animal categories,,-,-,-,2017|Jul-Dec 2017|Gombe|Trypanosomosis|,outbreak_row,True,1.0,,,,,,
458,2017,Jul-Dec 2017,Africa,Nigeria,Gombe,Gombe,False,state,Trypanosomosis (tsetse-transmitted) (-2021),Trypanosomosis,,Domestic,Cattle,Animal,-,-,2017|Jul-Dec 2017|Gombe|Trypanosomosis|,animal_row,True,,23.0,1.0,0.0,0.0,0.0,
459,2017,Jul-Dec 2017,Africa,Nigeria,Kaduna,Kaduna,False,state,Rabies virus (Inf. with),Rabies,,Both animal categories,,-,-,-,2017|Jul-Dec 2017|Kaduna|Rabies|,outbreak_row,True,5.0,,,,,,
460,2017,Jul-Dec 2017,Africa,Nigeria,Kaduna,Kaduna,False,state,Rabies virus (Inf. with),Rabies,,Domestic,Dogs,Animal,-,-,2017|Jul-Dec 2017|Kaduna|Rabies|,animal_row,True,,49.0,5.0,3.0,0.0,2.0,0.0
461,2017,Jul-Dec 2017,Africa,Nigeria,Kano,Kano,False,state,Rabies virus (Inf. with),Rabies,,Both animal categories,,-,-,-,2017|Jul-Dec 2017|Kano|Rabies|,outbreak_row,True,2.0,,,,,,
462,2017,Jul-Dec 2017,Africa,Nigeria,Kano,Kano,False,state,Rabies virus (Inf. with),Rabies,,Domestic,Dogs,Animal,-,-,2017|Jul-Dec 2017|Kano|Rabies|,animal_row,True,,25.0,2.0,2.0,0.0,0.0,0.0
463,2017,Jul-Dec 2017,Africa,Nigeria,Kwara,Kwara,False,state,Rabies virus (Inf. with),Rabies,,Both animal categories,,-,-,-,2017|Jul-Dec 2017|Kwara|Rabies|,outbreak_row,True,1.0,,,,,,
464,2017,Jul-Dec 2017,Africa,Nigeria,Kwara,Kwara,False,state,Rabies virus (Inf. with),Rabies,,Domestic,Dogs,Animal,-,-,2017|Jul-Dec 2017|Kwara|Rabies|,animal_row,True,,32.0,1.0,0.0,0.0,1.0,0.0
465,2017,Jul-Dec 2017,Africa,Nigeria,Ogun,Ogun,False,state,High pathogenicity avian influenza viruses (Inf. with) (poultry),HPAI,H5N8,Both animal categories,,-,-,-,2017|Jul-Dec 2017|Ogun|HPAI|H5N8,outbreak_row,True,1.0,,,,,,
466,2017,Jul-Dec 2017,Africa,Nigeria,Ogun,Ogun,False,state,High pathogenicity avian influenza viruses (Inf. with) (poultry),HPAI,H5N8,Domestic,Birds,Animal,-,-,2017|Jul-Dec 2017|Ogun|HPAI|H5N8,animal_row,True,,100000.0,150.0,9450.0,0.0,150.0,
467,2017,Jul-Dec 2017,Africa,Nigeria,Plateau,Plateau,False,state,Rabies virus (Inf. with),Rabies,,Both animal categories,,-,-,-,2017|Jul-Dec 2017|Plateau|Rabies|,outbreak_row,True,35.0,,,,,,
468,2017,Jul-Dec 2017,Africa,Nigeria,Plateau,Plateau,False,state,Rabies virus (Inf. with),Rabies,,Domestic,Dogs,Animal,-,-,2017|Jul-Dec 2017|Plateau|Rabies|,animal_row,True,,519.0,35.0,21.0,0.0,14.0,0.0
469,2017,Jul-Dec 2017,Africa,Nigeria,Rivers,Rivers,False,state,High pathogenicity avian influenza viruses (Inf. with) (poultry),HPAI,H5N1,Domestic,Birds,Animal,-,-,2017|Jul-Dec 2017|Rivers|HPAI|H5N1,animal_row,True,,,,,,,
470,2018,Jan-Jun 2018,Africa,Nigeria,Adamawa,Adamawa,False,state,Rabies virus (Inf. with),Rabies,,Both animal categories,,-,-,-,2018|Jan-Jun 2018|Adamawa|Rabies|,outbreak_row,True,1.0,,,,,,
471,2018,Jan-Jun 2018,Africa,Nigeria,Adamawa,Adamawa,False,state,Rabies virus (Inf. with),Rabies,,Domestic,Dogs,Animal,-,-,2018|Jan-Jun 2018|Adamawa|Rabies|,animal_row,True,,,1.0,0.0,0.0,1.0,0.0
472,2018,Jan-Jun 2018,Africa,Nigeria,Kaduna,Kaduna,False,state,Rabies virus (Inf. with),Rabies,,Both animal categories,,-,-,-,2018|Jan-Jun 2018|Kaduna|Rabies|,outbreak_row,True,2.0,,,,,,
473,2018,Jan-Jun 2018,Africa,Nigeria,Kaduna,Kaduna,False,state,Rabies virus (Inf. with),Rabies,,Domestic,Dogs,Animal,-,-,2018|Jan-Jun 2018|Kaduna|Rabies|,animal_row,True,,,2.0,0.0,0.0,2.0,0.0
474,2018,Jan-Jun 2018,Africa,Nigeria,Kano,Kano,False,state,Rabies virus (Inf. with),Rabies,,Both animal categories,,-,-,-,2018|Jan-Jun 2018|Kano|Rabies|,outbreak_row,True,3.0,,,,,,
475,2018,Jan-Jun 2018,Africa,Nigeria,Kano,Kano,False,state,Rabies virus (Inf. with),Rabies,,Domestic,Dogs,Animal,-,-,2018|Jan-Jun 2018|Kano|Rabies|,animal_row,True,,,3.0,1.0,0.0,2.0,0.0
476,2018,Jan-Jun 2018,Africa,Nigeria,Kwara,Kwara,False,state,Rabies virus (Inf. with),Rabies,,Both animal categories,,-,-,-,2018|Jan-Jun 2018|Kwara|Rabies|,outbreak_row,True,1.0,,,,,,
477,2018,Jan-Jun 2018,Africa,Nigeria,Kwara,Kwara,False,state,Rabies virus (Inf. with),Rabies,,Domestic,Dogs,Animal,-,-,2018|Jan-Jun 2018|Kwara|Rabies|,animal_row,True,,2.0,1.0,0.0,0.0,1.0,0.0
478,2018,Jan-Jun 2018,Africa,Nigeria,Kwara,Kwara,False,state,Trypanosomosis (tsetse-transmitted) (-2021),Trypanosomosis,,Both animal categories,,-,-,-,2018|Jan-Jun 2018|Kwara|Trypanosomosis|,outbreak_row,True,5.0,,,,,,
479,2018,Jan-Jun 2018,Africa,Nigeria,Kwara,Kwara,False,state,Trypanosomosis (tsetse-transmitted) (-2021),Trypanosomosis,,Domestic,Cattle,Animal,-,-,2018|Jan-Jun 2018|Kwara|Trypanosomosis|,animal_row,True,,332.0,56.0,0.0,0.0,0.0,
480,2018,Jan-Jun 2018,Africa,Nigeria,Nasarawa,Nasarawa,False,state,High pathogenicity avian influenza viruses (Inf. with) (poultry),HPAI,H5N8,Both animal categories,,-,-,-,2018|Jan-Jun 2018|Nasarawa|HPAI|H5N8,outbreak_row,True,1.0,,,,,,
481,2018,Jan-Jun 2018,Africa,Nigeria,Nasarawa,Nasarawa,False,state,High pathogenicity avian influenza viruses (Inf. with) (poultry),HPAI,H5N8,Domestic,Birds,Animal,-,-,2018|Jan-Jun 2018|Nasarawa|HPAI|H5N8,animal_row,True,,1150.0,1105.0,45.0,0.0,1105.0,
482,2018,Jan-Jun 2018,Africa,Nigeria,Plateau,Plateau,False,state,Rabies virus (Inf. with),Rabies,,Both animal categories,,-,-,-,2018|Jan-Jun 2018|Plateau|Rabies|,outbreak_row,True,25.0,,,,,,
483,2018,Jan-Jun 2018,Africa,Nigeria,Plateau,Plateau,False,state,Rabies virus (Inf. with),Rabies,,Domestic,Dogs,Animal,-,-,2018|Jan-Jun 2018|Plateau|Rabies|,animal_row,True,,77.0,25.0,0.0,0.0,25.0,0.0
484,2018,Jan-Jun 2018,Africa,Nigeria,Plateau,Plateau,False,state,Rabies virus (Inf. with),Rabies,,Domestic,Cats,Animal,-,-,2018|Jan-Jun 2018|Plateau|Rabies|,animal_row,True,,1.0,1.0,0.0,0.0,1.0,0.0
485,2018,Jul-Dec 2018,Africa,Nigeria,Bauchi,Bauchi,False,state,Rabies virus (Inf. with),Rabies,,Both animal categories,,-,-,-,2018|Jul-Dec 2018|Bauchi|Rabies|,outbreak_row,True,3.0,,,,,,
486,2018,Jul-Dec 2018,Africa,Nigeria,Bauchi,Bauchi,False,state,Rabies virus (Inf. with),Rabies,,Domestic,Dogs,Animal,-,-,2018|Jul-Dec 2018|Bauchi|Rabies|,animal_row,True,,,3.0,0.0,0.0,3.0,0.0
487,2018,Jul-Dec 2018,Africa,Nigeria,Bayelsa,Bayelsa,False,state,Rabies virus (Inf. with),Rabies,,Both animal categories,,-,-,-,2018|Jul-Dec 2018|Bayelsa|Rabies|,outbreak_row,True,1.0,,,,,,
488,2018,Jul-Dec 2018,Africa,Nigeria,Bayelsa,Bayelsa,False,state,Rabies virus (Inf. with),Rabies,,Domestic,Dogs,Animal,-,-,2018|Jul-Dec 2018|Bayelsa|Rabies|,animal_row,True,,,1.0,0.0,0.0,1.0,0.0
489,2018,Jul-Dec 2018,Africa,Nigeria,Benue,Benue,False,state,Rabies virus (Inf. with),Rabies,,Both animal categories,,-,-,-,2018|Jul-Dec 2018|Benue|Rabies|,outbreak_row,True,2.0,,,,,,
490,2018,Jul-Dec 2018,Africa,Nigeria,Benue,Benue,False,state,Rabies virus (Inf. with),Rabies,,Domestic,Dogs,Animal,-,-,2018|Jul-Dec 2018|Benue|Rabies|,animal_row,True,,,2.0,0.0,0.0,2.0,0.0
491,2018,Jul-Dec 2018,Africa,Nigeria,Federal Capital Territory,Federal Capital Territory,False,state,Rabies virus (Inf. with),Rabies,,Both animal categories,,-,-,-,2018|Jul-Dec 2018|Federal Capital Territory|Rabies|,outbreak_row,True,1.0,,,,,,
492,2018,Jul-Dec 2018,Africa,Nigeria,Federal Capital Territory,Federal Capital Territory,False,state,Rabies virus (Inf. with),Rabies,,Domestic,Dogs,Animal,-,-,2018|Jul-Dec 2018|Federal Capital Territory|Rabies|,animal_row,True,,,1.0,0.0,0.0,1.0,0.0
493,2018,Jul-Dec 2018,Africa,Nigeria,Kaduna,Kaduna,False,state,Rabies virus (Inf. with),Rabies,,Both animal categories,,-,-,-,2018|Jul-Dec 2018|Kaduna|Rabies|,outbreak_row,True,6.0,,,,,,
494,2018,Jul-Dec 2018,Africa,Nigeria,Kaduna,Kaduna,False,state,Rabies virus (Inf. with),Rabies,,Domestic,Dogs,Animal,-,-,2018|Jul-Dec 2018|Kaduna|Rabies|,animal_row,True,,,6.0,0.0,0.0,6.0,0.0
495,2018,Jul-Dec 2018,Africa,Nigeria,Kano,Kano,False,state,Rabies virus (Inf. with),Rabies,,Both animal categories,,-,-,-,2018|Jul-Dec 2018|Kano|Rabies|,outbreak_row,True,4.0,,,,,,
496,2018,Jul-Dec 2018,Africa,Nigeria,Kano,Kano,False,state,Rabies virus (Inf. with),Rabies,,Domestic,Dogs,Animal,-,-,2018|Jul-Dec 2018|Kano|Rabies|,animal_row,True,,,4.0,1.0,0.0,3.0,0.0
497,2018,Jul-Dec 2018,Africa,Nigeria,Kebbi,Kebbi,False,state,Rabies virus (Inf. with),Rabies,,Both animal categories,,-,-,-,2018|Jul-Dec 2018|Kebbi|Rabies|,outbreak_row,True,8.0,,,,,,
498,2018,Jul-Dec 2018,Africa,Nigeria,Kebbi,Kebbi,False,state,Rabies virus (Inf. with),Rabies,,Domestic,Dogs,Animal,-,-,2018|Jul-Dec 2018|Kebbi|Rabies|,animal_row,True,,500.0,9.0,2.0,0.0,7.0,80.0
499,2018,Jul-Dec 2018,Africa,Nigeria,Kwara,Kwara,False,state,Trypanosomosis (tsetse-transmitted) (-2021),Trypanosomosis,,Both animal categories,,-,-,-,2018|Jul-Dec 2018|Kwara|Trypanosomosis|,outbreak_row,True,6.0,,,,,,
500,2018,Jul-Dec 2018,Africa,Nigeria,Kwara,Kwara,False,state,Trypanosomosis (tsetse-transmitted) (-2021),Trypanosomosis,,Domestic,Cattle,Animal,-,-,2018|Jul-Dec 2018|Kwara|Trypanosomosis|,animal_row,True,,45.0,3.0,0.0,0.0,0.0,0.0
501,2018,Jul-Dec 2018,Africa,Nigeria,Plateau,Plateau,False,state,Rabies virus (Inf. with),Rabies,,Both animal categories,,-,-,-,2018|Jul-Dec 2018|Plateau|Rabies|,outbreak_row,True,34.0,,,,,,
502,2018,Jul-Dec 2018,Africa,Nigeria,Plateau,Plateau,False,state,Rabies virus (Inf. with),Rabies,,Domestic,Dogs,Animal,-,-,2018|Jul-Dec 2018|Plateau|Rabies|,animal_row,True,,,40.0,6.0,5.0,29.0,0.0
503,2019,Jan-Jun 2019,Africa,Nigeria,Bauchi,Bauchi,False,state,Rabies virus (Inf. with),Rabies,,Both animal categories,,-,-,-,2019|Jan-Jun 2019|Bauchi|Rabies|,outbreak_row,True,2.0,,,,,,
504,2019,Jan-Jun 2019,Africa,Nigeria,Bauchi,Bauchi,False,state,Rabies virus (Inf. with),Rabies,,Domestic,Dogs,Animal,-,-,2019|Jan-Jun 2019|Bauchi|Rabies|,animal_row,True,,,2.0,0.0,0.0,2.0,0.0
505,2019,Jan-Jun 2019,Africa,Nigeria,Bayelsa,Bayelsa,False,state,Rabies virus (Inf. with),Rabies,,Both animal categories,,-,-,-,2019|Jan-Jun 2019|Bayelsa|Rabies|,outbreak_row,True,1.0,,,,,,
506,2019,Jan-Jun 2019,Africa,Nigeria,Bayelsa,Bayelsa,False,state,Rabies virus (Inf. with),Rabies,,Domestic,Dogs,Animal,-,-,2019|Jan-Jun 2019|Bayelsa|Rabies|,animal_row,True,,50.0,7.0,4.0,0.0,3.0,2.0
507,2019,Jan-Jun 2019,Africa,Nigeria,Edo,Edo,False,state,High pathogenicity avian influenza viruses (Inf. with) (poultry),HPAI,H5N8,Both animal categories,,-,-,-,2019|Jan-Jun 2019|Edo|HPAI|H5N8,outbreak_row,True,2.0,,,,,,
508,2019,Jan-Jun 2019,Africa,Nigeria,Edo,Edo,False,state,High pathogenicity avian influenza viruses (Inf. with) (poultry),HPAI,H5N8,Domestic,Birds,Animal,-,-,2019|Jan-Jun 2019|Edo|HPAI|H5N8,animal_row,True,,1500.0,290.0,1250.0,0.0,250.0,
509,2019,Jan-Jun 2019,Africa,Nigeria,Kaduna,Kaduna,False,state,Rabies virus (Inf. with),Rabies,,Both animal categories,,-,-,-,2019|Jan-Jun 2019|Kaduna|Rabies|,outbreak_row,True,2.0,,,,,,
510,2019,Jan-Jun 2019,Africa,Nigeria,Kaduna,Kaduna,False,state,Rabies virus (Inf. with),Rabies,,Domestic,Dogs,Animal,-,-,2019|Jan-Jun 2019|Kaduna|Rabies|,animal_row,True,,2.0,2.0,0.0,0.0,2.0,205.0
511,2019,Jan-Jun 2019,Africa,Nigeria,Kano,Kano,False,state,Rabies virus (Inf. with),Rabies,,Both animal categories,,-,-,-,2019|Jan-Jun 2019|Kano|Rabies|,outbreak_row,True,1.0,,,,,,
512,2019,Jan-Jun 2019,Africa,Nigeria,Kano,Kano,False,state,Rabies virus (Inf. with),Rabies,,Domestic,Dogs,Animal,-,-,2019|Jan-Jun 2019|Kano|Rabies|,animal_row,True,,,1.0,0.0,0.0,1.0,0.0
513,2019,Jan-Jun 2019,Africa,Nigeria,Kwara,Kwara,False,state,Trypanosomosis (tsetse-transmitted) (-2021),Trypanosomosis,,Both animal categories,,-,-,-,2019|Jan-Jun 2019|Kwara|Trypanosomosis|,outbreak_row,True,2.0,,,,,,
514,2019,Jan-Jun 2019,Africa,Nigeria,Kwara,Kwara,False,state,Trypanosomosis (tsetse-transmitted) (-2021),Trypanosomosis,,Domestic,Cattle,Animal,-,-,2019|Jan-Jun 2019|Kwara|Trypanosomosis|,animal_row,True,,133.0,8.0,0.0,0.0,2.0,
515,2019,Jan-Jun 2019,Africa,Nigeria,Ondo,Ondo,False,state,Trypanosomosis (tsetse-transmitted) (-2021),Trypanosomosis,,Both animal categories,,-,-,-,2019|Jan-Jun 2019|Ondo|Trypanosomosis|,outbreak_row,True,1.0,,,,,,
516,2019,Jan-Jun 2019,Africa,Nigeria,Ondo,Ondo,False,state,Trypanosomosis (tsetse-transmitted) (-2021),Trypanosomosis,,Domestic,Cattle,Animal,-,-,2019|Jan-Jun 2019|Ondo|Trypanosomosis|,animal_row,True,,900.0,3.0,0.0,0.0,0.0,
517,2019,Jan-Jun 2019,Africa,Nigeria,Plateau,Plateau,False,state,Rabies virus (Inf. with),Rabies,,Both animal categories,,-,-,-,2019|Jan-Jun 2019|Plateau|Rabies|,outbreak_row,True,31.0,,,,,,
518,2019,Jan-Jun 2019,Africa,Nigeria,Plateau,Plateau,False,state,Rabies virus (Inf. with),Rabies,,Domestic,Dogs,Animal,-,-,2019|Jan-Jun 2019|Plateau|Rabies|,animal_row,True,,16.0,34.0,0.0,0.0,34.0,0.0
519,2019,Jan-Jun 2019,Africa,Nigeria,Zamfara,Zamfara,False,state,Trypanosomosis (tsetse-transmitted) (-2021),Trypanosomosis,,Both animal categories,,-,-,-,2019|Jan-Jun 2019|Zamfara|Trypanosomosis|,outbreak_row,True,1.0,,,,,,
520,2019,Jan-Jun 2019,Africa,Nigeria,Zamfara,Zamfara,False,state,Trypanosomosis (tsetse-transmitted) (-2021),Trypanosomosis,,Domestic,Cattle,Animal,-,-,2019|Jan-Jun 2019|Zamfara|Trypanosomosis|,animal_row,True,,16.0,9.0,0.0,0.0,1.0,0.0
521,2019,Jul-Dec 2019,Africa,Nigeria,Anambra,Anambra,False,state,Trypanosomosis (tsetse-transmitted) (-2021),Trypanosomosis,,Both animal categories,,-,-,-,2019|Jul-Dec 2019|Anambra|Trypanosomosis|,outbreak_row,True,2.0,,,,,,
522,2019,Jul-Dec 2019,Africa,Nigeria,Anambra,Anambra,False,state,Trypanosomosis (tsetse-transmitted) (-2021),Trypanosomosis,,Domestic,Dogs,Animal,-,-,2019|Jul-Dec 2019|Anambra|Trypanosomosis|,animal_row,True,,22.0,3.0,0.0,0.0,0.0,
523,2019,Jul-Dec 2019,Africa,Nigeria,Bauchi,Bauchi,False,state,Rabies virus (Inf. with),Rabies,,Both animal categories,,-,-,-,2019|Jul-Dec 2019|Bauchi|Rabies|,outbreak_row,True,4.0,,,,,,
524,2019,Jul-Dec 2019,Africa,Nigeria,Bauchi,Bauchi,False,state,Rabies virus (Inf. with),Rabies,,Domestic,Dogs,Animal,-,-,2019|Jul-Dec 2019|Bauchi|Rabies|,animal_row,True,,4.0,4.0,0.0,0.0,4.0,0.0
525,2019,Jul-Dec 2019,Africa,Nigeria,Bayelsa,Bayelsa,False,state,Rabies virus (Inf. with),Rabies,,Both animal categories,,-,-,-,2019|Jul-Dec 2019|Bayelsa|Rabies|,outbreak_row,True,2.0,,,,,,
526,2019,Jul-Dec 2019,Africa,Nigeria,Bayelsa,Bayelsa,False,state,Rabies virus (Inf. with),Rabies,,Domestic,Dogs,Animal,-,-,2019|Jul-Dec 2019|Bayelsa|Rabies|,animal_row,True,,2.0,2.0,1.0,0.0,1.0,0.0
527,2019,Jul-Dec 2019,Africa,Nigeria,Edo,Edo,False,state,Rabies virus (Inf. with),Rabies,,Both animal categories,,-,-,-,2019|Jul-Dec 2019|Edo|Rabies|,outbreak_row,True,1.0,,,,,,
528,2019,Jul-Dec 2019,Africa,Nigeria,Edo,Edo,False,state,Rabies virus (Inf. with),Rabies,,Domestic,Dogs,Animal,-,-,2019|Jul-Dec 2019|Edo|Rabies|,animal_row,True,,3.0,3.0,0.0,0.0,1.0,0.0
529,2019,Jul-Dec 2019,Africa,Nigeria,Federal Capital Territory,Federal Capital Territory,False,state,Rabies virus (Inf. with),Rabies,,Both animal categories,,-,-,-,2019|Jul-Dec 2019|Federal Capital Territory|Rabies|,outbreak_row,True,1.0,,,,,,
530,2019,Jul-Dec 2019,Africa,Nigeria,Federal Capital Territory,Federal Capital Territory,False,state,Rabies virus (Inf. with),Rabies,,Domestic,Dogs,Animal,-,-,2019|Jul-Dec 2019|Federal Capital Territory|Rabies|,animal_row,True,,10.0,1.0,0.0,0.0,1.0,0.0
531,2019,Jul-Dec 2019,Africa,Nigeria,Kaduna,Kaduna,False,state,Rabies virus (Inf. with),Rabies,,Both animal categories,,-,-,-,2019|Jul-Dec 2019|Kaduna|Rabies|,outbreak_row,True,5.0,,,,,,
532,2019,Jul-Dec 2019,Africa,Nigeria,Kaduna,Kaduna,False,state,Rabies virus (Inf. with),Rabies,,Domestic,Dogs,Animal,-,-,2019|Jul-Dec 2019|Kaduna|Rabies|,animal_row,True,,7.0,7.0,1.0,1.0,5.0,0.0
533,2019,Jul-Dec 2019,Africa,Nigeria,Kano,Kano,False,state,Rabies virus (Inf. with),Rabies,,Both animal categories,,-,-,-,2019|Jul-Dec 2019|Kano|Rabies|,outbreak_row,True,2.0,,,,,,
534,2019,Jul-Dec 2019,Africa,Nigeria,Kano,Kano,False,state,Rabies virus (Inf. with),Rabies,,Domestic,Dogs,Animal,-,-,2019|Jul-Dec 2019|Kano|Rabies|,animal_row,True,,2.0,2.0,2.0,0.0,0.0,0.0
535,2019,Jul-Dec 2019,Africa,Nigeria,Katsina,Katsina,False,state,Rabies virus (Inf. with),Rabies,,Both animal categories,,-,-,-,2019|Jul-Dec 2019|Katsina|Rabies|,outbreak_row,True,1.0,,,,,,
536,2019,Jul-Dec 2019,Africa,Nigeria,Katsina,Katsina,False,state,Rabies virus (Inf. with),Rabies,,Domestic,Dogs,Animal,-,-,2019|Jul-Dec 2019|Katsina|Rabies|,animal_row,True,,1.0,1.0,0.0,0.0,1.0,0.0
537,2019,Jul-Dec 2019,Africa,Nigeria,Kebbi,Kebbi,False,state,Rabies virus (Inf. with),Rabies,,Both animal categories,,-,-,-,2019|Jul-Dec 2019|Kebbi|Rabies|,outbreak_row,True,1.0,,,,,,
538,2019,Jul-Dec 2019,Africa,Nigeria,Kebbi,Kebbi,False,state,Rabies virus (Inf. with),Rabies,,Domestic,Dogs,Animal,-,-,2019|Jul-Dec 2019|Kebbi|Rabies|,animal_row,True,,250.0,1.0,0.0,0.0,1.0,1.0
539,2019,Jul-Dec 2019,Africa,Nigeria,Kebbi,Kebbi,False,state,Rabies virus (Inf. with),Rabies,,Domestic,Cats,Animal,-,-,2019|Jul-Dec 2019|Kebbi|Rabies|,animal_row,True,,70.0,1.0,0.0,0.0,1.0,0.0
540,2019,Jul-Dec 2019,Africa,Nigeria,Kebbi,Kebbi,False,state,Rabies virus (Inf. with),Rabies,,Wild,Crab-eating macaque,Animal,-,-,2019|Jul-Dec 2019|Kebbi|Rabies|,animal_row,True,,1.0,1.0,1.0,0.0,0.0,
541,2019,Jul-Dec 2019,Africa,Nigeria,Kwara,Kwara,False,state,Rabies virus (Inf. with),Rabies,,Both animal categories,,-,-,-,2019|Jul-Dec 2019|Kwara|Rabies|,outbreak_row,True,1.0,,,,,,
542,2019,Jul-Dec 2019,Africa,Nigeria,Kwara,Kwara,False,state,Rabies virus (Inf. with),Rabies,,Domestic,Dogs,Animal,-,-,2019|Jul-Dec 2019|Kwara|Rabies|,animal_row,True,,,1.0,1.0,0.0,0.0,0.0
543,2019,Jul-Dec 2019,Africa,Nigeria,Niger,Niger,False,state,Trypanosomosis (tsetse-transmitted) (-2021),Trypanosomosis,,Both animal categories,,-,-,-,2019|Jul-Dec 2019|Niger|Trypanosomosis|,outbreak_row,True,7.0,,,,,,
544,2019,Jul-Dec 2019,Africa,Nigeria,Niger,Niger,False,state,Trypanosomosis (tsetse-transmitted) (-2021),Trypanosomosis,,Domestic,Cattle,Animal,-,-,2019|Jul-Dec 2019|Niger|Trypanosomosis|,animal_row,True,,177.0,19.0,0.0,0.0,0.0,0.0
545,2019,Jul-Dec 2019,Africa,Nigeria,Ondo,Ondo,False,state,Trypanosomosis (tsetse-transmitted) (-2021),Trypanosomosis,,Both animal categories,,-,-,-,2019|Jul-Dec 2019|Ondo|Trypanosomosis|,outbreak_row,True,1.0,,,,,,
546,2019,Jul-Dec 2019,Africa,Nigeria,Ondo,Ondo,False,state,Trypanosomosis (tsetse-transmitted) (-2021),Trypanosomosis,,Domestic,Cattle,Animal,-,-,2019|Jul-Dec 2019|Ondo|Trypanosomosis|,animal_row,True,,1350.0,2.0,0.0,0.0,0.0,
547,2019,Jul-Dec 2019,Africa,Nigeria,Osun,Osun,False,state,Rabies virus (Inf. with),Rabies,,Both animal categories,,-,-,-,2019|Jul-Dec 2019|Osun|Rabies|,outbreak_row,True,1.0,,,,,,
548,2019,Jul-Dec 2019,Africa,Nigeria,Osun,Osun,False,state,Rabies virus (Inf. with),Rabies,,Domestic,Dogs,Animal,-,-,2019|Jul-Dec 2019|Osun|Rabies|,animal_row,True,,2.0,2.0,0.0,0.0,2.0,0.0
549,2019,Jul-Dec 2019,Africa,Nigeria,Plateau,Plateau,False,state,Rabies virus (Inf. with),Rabies,,Both animal categories,,-,-,-,2019|Jul-Dec 2019|Plateau|Rabies|,outbreak_row,True,14.0,,,,,,
550,2019,Jul-Dec 2019,Africa,Nigeria,Plateau,Plateau,False,state,Rabies virus (Inf. with),Rabies,,Domestic,Dogs,Animal,-,-,2019|Jul-Dec 2019|Plateau|Rabies|,animal_row,True,,14.0,14.0,0.0,2.0,12.0,0.0
551,2019,Jul-Dec 2019,Africa,Nigeria,Sokoto,Sokoto,False,state,High pathogenicity avian influenza viruses (Inf. with) (poultry),HPAI,H5N6,Domestic,Birds,Animal,-,-,2019|Jul-Dec 2019|Sokoto|HPAI|H5N6,animal_row,True,,,,,,,
552,2019,Jul-Dec 2019,Africa,Nigeria,Yobe,Yobe,False,state,Rabies virus (Inf. with),Rabies,,Both animal categories,,-,-,-,2019|Jul-Dec 2019|Yobe|Rabies|,outbreak_row,True,1.0,,,,,,
553,2019,Jul-Dec 2019,Africa,Nigeria,Yobe,Yobe,False,state,Rabies virus (Inf. with),Rabies,,Domestic,Dogs,Animal,-,-,2019|Jul-Dec 2019|Yobe|Rabies|,animal_row,True,,,2.0,0.0,0.0,2.0,0.0
554,2020,Jan-Jun 2020,Africa,Nigeria,Anambra,Anambra,False,state,Trypanosomosis (tsetse-transmitted) (-2021),Trypanosomosis,,Both animal categories,,-,-,-,2020|Jan-Jun 2020|Anambra|Trypanosomosis|,outbreak_row,True,1.0,,,,,,
555,2020,Jan-Jun 2020,Africa,Nigeria,Anambra,Anambra,False,state,Trypanosomosis (tsetse-transmitted) (-2021),Trypanosomosis,,Domestic,Cattle,Animal,-,-,2020|Jan-Jun 2020|Anambra|Trypanosomosis|,animal_row,True,,30.0,2.0,0.0,0.0,0.0,0.0
556,2020,Jan-Jun 2020,Africa,Nigeria,Bauchi,Bauchi,False,state,Rabies virus (Inf. with),Rabies,RABV,Domestic,,-,-,-,2020|Jan-Jun 2020|Bauchi|Rabies|RABV,outbreak_row,True,4.0,,,,,,
557,2020,Jan-Jun 2020,Africa,Nigeria,Bauchi,Bauchi,False,state,Rabies virus (Inf. with),Rabies,RABV,Domestic,Dogs,Animal,-,-,2020|Jan-Jun 2020|Bauchi|Rabies|RABV,animal_row,True,,122.0,4.0,2.0,0.0,2.0,0.0
558,2020,Jan-Jun 2020,Africa,Nigeria,Bayelsa,Bayelsa,False,state,Rabies virus (Inf. with),Rabies,RABV,Domestic,,-,-,-,2020|Jan-Jun 2020|Bayelsa|Rabies|RABV,outbreak_row,True,1.0,,,,,,
559,2020,Jan-Jun 2020,Africa,Nigeria,Bayelsa,Bayelsa,False,state,Rabies virus (Inf. with),Rabies,RABV,Domestic,Dogs,Animal,-,-,2020|Jan-Jun 2020|Bayelsa|Rabies|RABV,animal_row,True,,3.0,2.0,0.0,0.0,1.0,0.0
560,2020,Jan-Jun 2020,Africa,Nigeria,Ebonyi,Ebonyi,False,state,Rabies virus (Inf. with),Rabies,RABV,Domestic,,-,-,-,2020|Jan-Jun 2020|Ebonyi|Rabies|RABV,outbreak_row,True,1.0,,,,,,
561,2020,Jan-Jun 2020,Africa,Nigeria,Ebonyi,Ebonyi,False,state,Rabies virus (Inf. with),Rabies,RABV,Domestic,Dogs,Animal,-,-,2020|Jan-Jun 2020|Ebonyi|Rabies|RABV,animal_row,True,,47.0,1.0,0.0,0.0,1.0,0.0
562,2020,Jan-Jun 2020,Africa,Nigeria,Gombe,Gombe,False,state,Rabies virus (Inf. with),Rabies,RABV,Domestic,,-,-,-,2020|Jan-Jun 2020|Gombe|Rabies|RABV,outbreak_row,True,1.0,,,,,,
563,2020,Jan-Jun 2020,Africa,Nigeria,Gombe,Gombe,False,state,Rabies virus (Inf. with),Rabies,RABV,Domestic,Dogs,Animal,-,-,2020|Jan-Jun 2020|Gombe|Rabies|RABV,animal_row,True,,40.0,1.0,0.0,0.0,1.0,0.0
564,2020,Jan-Jun 2020,Africa,Nigeria,Kaduna,Kaduna,False,state,Rabies virus (Inf. with),Rabies,RABV,Domestic,,-,-,-,2020|Jan-Jun 2020|Kaduna|Rabies|RABV,outbreak_row,True,3.0,,,,,,
565,2020,Jan-Jun 2020,Africa,Nigeria,Kaduna,Kaduna,False,state,Rabies virus (Inf. with),Rabies,RABV,Domestic,Dogs,Animal,-,-,2020|Jan-Jun 2020|Kaduna|Rabies|RABV,animal_row,True,,93.0,3.0,2.0,0.0,1.0,0.0
566,2020,Jan-Jun 2020,Africa,Nigeria,Kano,Kano,False,state,Rabies virus (Inf. with),Rabies,RABV,Domestic,,-,-,-,2020|Jan-Jun 2020|Kano|Rabies|RABV,outbreak_row,True,5.0,,,,,,
567,2020,Jan-Jun 2020,Africa,Nigeria,Kano,Kano,False,state,Rabies virus (Inf. with),Rabies,RABV,Domestic,Dogs,Animal,-,-,2020|Jan-Jun 2020|Kano|Rabies|RABV,animal_row,True,,213.0,5.0,1.0,0.0,4.0,0.0
568,2020,Jan-Jun 2020,Africa,Nigeria,Katsina,Katsina,False,state,Rabies virus (Inf. with),Rabies,RABV,Domestic,,-,-,-,2020|Jan-Jun 2020|Katsina|Rabies|RABV,outbreak_row,True,3.0,,,,,,
569,2020,Jan-Jun 2020,Africa,Nigeria,Katsina,Katsina,False,state,Rabies virus (Inf. with),Rabies,RABV,Domestic,Dogs,Animal,-,-,2020|Jan-Jun 2020|Katsina|Rabies|RABV,animal_row,True,,93.0,3.0,2.0,0.0,1.0,0.0
570,2020,Jan-Jun 2020,Africa,Nigeria,Kebbi,Kebbi,False,state,Rabies virus (Inf. with),Rabies,RABV,Domestic,,-,-,-,2020|Jan-Jun 2020|Kebbi|Rabies|RABV,outbreak_row,True,3.0,,,,,,
571,2020,Jan-Jun 2020,Africa,Nigeria,Kebbi,Kebbi,False,state,Rabies virus (Inf. with),Rabies,RABV,Domestic,Cattle,Animal,-,-,2020|Jan-Jun 2020|Kebbi|Rabies|RABV,animal_row,True,,300.0,2.0,0.0,0.0,2.0,0.0
572,2020,Jan-Jun 2020,Africa,Nigeria,Kebbi,Kebbi,False,state,Rabies virus (Inf. with),Rabies,RABV,Domestic,Dogs,Animal,-,-,2020|Jan-Jun 2020|Kebbi|Rabies|RABV,animal_row,True,,20.0,1.0,0.0,0.0,1.0,0.0
573,2020,Jan-Jun 2020,Africa,Nigeria,Niger,Niger,False,state,Trypanosomosis (tsetse-transmitted) (-2021),Trypanosomosis,,Both animal categories,,-,-,-,2020|Jan-Jun 2020|Niger|Trypanosomosis|,outbreak_row,True,4.0,,,,,,
574,2020,Jan-Jun 2020,Africa,Nigeria,Niger,Niger,False,state,Trypanosomosis (tsetse-transmitted) (-2021),Trypanosomosis,,Domestic,Cattle,Animal,-,-,2020|Jan-Jun 2020|Niger|Trypanosomosis|,animal_row,True,,30.0,12.0,0.0,0.0,0.0,0.0
575,2020,Jan-Jun 2020,Africa,Nigeria,Ogun,Ogun,False,state,Rabies virus (Inf. with),Rabies,RABV,Domestic,,-,-,-,2020|Jan-Jun 2020|Ogun|Rabies|RABV,outbreak_row,True,1.0,,,,,,
576,2020,Jan-Jun 2020,Africa,Nigeria,Ogun,Ogun,False,state,Rabies virus (Inf. with),Rabies,RABV,Domestic,Dogs,Animal,-,-,2020|Jan-Jun 2020|Ogun|Rabies|RABV,animal_row,True,,21.0,1.0,0.0,0.0,1.0,0.0
577,2020,Jan-Jun 2020,Africa,Nigeria,Ondo,Ondo,False,state,Trypanosomosis (tsetse-transmitted) (-2021),Trypanosomosis,,Both animal categories,,-,-,-,2020|Jan-Jun 2020|Ondo|Trypanosomosis|,outbreak_row,True,1.0,,,,,,
578,2020,Jan-Jun 2020,Africa,Nigeria,Ondo,Ondo,False,state,Trypanosomosis (tsetse-transmitted) (-2021),Trypanosomosis,,Domestic,Cattle,Animal,-,-,2020|Jan-Jun 2020|Ondo|Trypanosomosis|,animal_row,True,,1100.0,2.0,0.0,0.0,0.0,0.0
579,2020,Jan-Jun 2020,Africa,Nigeria,Plateau,Plateau,False,state,Rabies virus (Inf. with),Rabies,RABV,Domestic,,-,-,-,2020|Jan-Jun 2020|Plateau|Rabies|RABV,outbreak_row,True,24.0,,,,,,
580,2020,Jan-Jun 2020,Africa,Nigeria,Plateau,Plateau,False,state,Rabies virus (Inf. with),Rabies,RABV,Domestic,Dogs,Animal,-,-,2020|Jan-Jun 2020|Plateau|Rabies|RABV,animal_row,True,,762.0,23.0,7.0,0.0,15.0,0.0
581,2020,Jan-Jun 2020,Africa,Nigeria,Zamfara,Zamfara,False,state,Trypanosomosis (tsetse-transmitted) (-2021),Trypanosomosis,,Both animal categories,,-,-,-,2020|Jan-Jun 2020|Zamfara|Trypanosomosis|,outbreak_row,True,1.0,,,,,,
582,2020,Jan-Jun 2020,Africa,Nigeria,Zamfara,Zamfara,False,state,Trypanosomosis (tsetse-transmitted) (-2021),Trypanosomosis,,Domestic,Cattle,Animal,-,-,2020|Jan-Jun 2020|Zamfara|Trypanosomosis|,animal_row,True,,30.0,7.0,0.0,0.0,0.0,0.0
583,2020,Jul-Dec 2020,Africa,Nigeria,Akwa Ibom,Akwa Ibom,False,state,Rabies virus (Inf. with),Rabies,RABV,Both animal categories,,-,-,-,2020|Jul-Dec 2020|Akwa Ibom|Rabies|RABV,outbreak_row,True,6.0,,,,,,
584,2020,Jul-Dec 2020,Africa,Nigeria,Akwa Ibom,Akwa Ibom,False,state,Rabies virus (Inf. with),Rabies,RABV,Domestic,Swine,Animal,-,-,2020|Jul-Dec 2020|Akwa Ibom|Rabies|RABV,animal_row,True,,35.0,3.0,2.0,0.0,1.0,0.0
585,2020,Jul-Dec 2020,Africa,Nigeria,Akwa Ibom,Akwa Ibom,False,state,Rabies virus (Inf. with),Rabies,RABV,Domestic,Dogs,Animal,-,-,2020|Jul-Dec 2020|Akwa Ibom|Rabies|RABV,animal_row,True,,24.0,3.0,0.0,0.0,3.0,0.0
586,2020,Jul-Dec 2020,Africa,Nigeria,Bauchi,Bauchi,False,state,Rabies virus (Inf. with),Rabies,RABV,Both animal categories,,-,-,-,2020|Jul-Dec 2020|Bauchi|Rabies|RABV,outbreak_row,True,7.0,,,,,,
587,2020,Jul-Dec 2020,Africa,Nigeria,Bauchi,Bauchi,False,state,Rabies virus (Inf. with),Rabies,RABV,Domestic,Dogs,Animal,-,-,2020|Jul-Dec 2020|Bauchi|Rabies|RABV,animal_row,True,,125.0,7.0,0.0,0.0,5.0,0.0
588,2020,Jul-Dec 2020,Africa,Nigeria,Bauchi,Bauchi,False,state,Rabies virus (Inf. with),Rabies,RABV,Domestic,Cats,Animal,-,-,2020|Jul-Dec 2020|Bauchi|Rabies|RABV,animal_row,True,,4.0,1.0,0.0,0.0,0.0,0.0
589,2020,Jul-Dec 2020,Africa,Nigeria,Benue,Benue,False,state,Rabies virus (Inf. with),Rabies,RABV,Both animal categories,,-,-,-,2020|Jul-Dec 2020|Benue|Rabies|RABV,outbreak_row,True,1.0,,,,,,
590,2020,Jul-Dec 2020,Africa,Nigeria,Benue,Benue,False,state,Rabies virus (Inf. with),Rabies,RABV,Domestic,Dogs,Animal,-,-,2020|Jul-Dec 2020|Benue|Rabies|RABV,animal_row,True,,13.0,1.0,1.0,0.0,0.0,0.0
591,2020,Jul-Dec 2020,Africa,Nigeria,Borno,Borno,False,state,Rabies virus (Inf. with),Rabies,RABV,Both animal categories,,-,-,-,2020|Jul-Dec 2020|Borno|Rabies|RABV,outbreak_row,True,1.0,,,,,,
592,2020,Jul-Dec 2020,Africa,Nigeria,Borno,Borno,False,state,Rabies virus (Inf. with),Rabies,RABV,Domestic,Dogs,Animal,-,-,2020|Jul-Dec 2020|Borno|Rabies|RABV,animal_row,True,,5.0,1.0,0.0,0.0,1.0,0.0
593,2020,Jul-Dec 2020,Africa,Nigeria,Gombe,Gombe,False,state,Rabies virus (Inf. with),Rabies,RABV,Both animal categories,,-,-,-,2020|Jul-Dec 2020|Gombe|Rabies|RABV,outbreak_row,True,3.0,,,,,,
594,2020,Jul-Dec 2020,Africa,Nigeria,Gombe,Gombe,False,state,Rabies virus (Inf. with),Rabies,RABV,Domestic,Dogs,Animal,-,-,2020|Jul-Dec 2020|Gombe|Rabies|RABV,animal_row,True,,30.0,2.0,1.0,0.0,1.0,0.0
595,2020,Jul-Dec 2020,Africa,Nigeria,Gombe,Gombe,False,state,Rabies virus (Inf. with),Rabies,RABV,Domestic,Cats,Animal,-,-,2020|Jul-Dec 2020|Gombe|Rabies|RABV,animal_row,True,,3.0,1.0,1.0,0.0,0.0,0.0
596,2020,Jul-Dec 2020,Africa,Nigeria,Kaduna,Kaduna,False,state,Rabies virus (Inf. with),Rabies,RABV,Both animal categories,,-,-,-,2020|Jul-Dec 2020|Kaduna|Rabies|RABV,outbreak_row,True,6.0,,,,,,
597,2020,Jul-Dec 2020,Africa,Nigeria,Kaduna,Kaduna,False,state,Rabies virus (Inf. with),Rabies,RABV,Domestic,Dogs,Animal,-,-,2020|Jul-Dec 2020|Kaduna|Rabies|RABV,animal_row,True,,389.0,10.0,3.0,0.0,6.0,0.0
598,2020,Jul-Dec 2020,Africa,Nigeria,Kano,Kano,False,state,High pathogenicity avian influenza viruses (Inf. with) (poultry),HPAI,H5N1,Domestic,,-,-,-,2020|Jul-Dec 2020|Kano|HPAI|H5N1,outbreak_row,True,1.0,,,,,,
599,2020,Jul-Dec 2020,Africa,Nigeria,Kano,Kano,False,state,High pathogenicity avian influenza viruses (Inf. with) (poultry),HPAI,H5N1,Domestic,Birds,Animal,-,-,2020|Jul-Dec 2020|Kano|HPAI|H5N1,animal_row,True,,63.0,,2.0,0.0,61.0,
600,2020,Jul-Dec 2020,Africa,Nigeria,Kano,Kano,False,state,Rabies virus (Inf. with),Rabies,RABV,Both animal categories,,-,-,-,2020|Jul-Dec 2020|Kano|Rabies|RABV,outbreak_row,True,3.0,,,,,,
601,2020,Jul-Dec 2020,Africa,Nigeria,Kano,Kano,False,state,Rabies virus (Inf. with),Rabies,RABV,Domestic,Dogs,Animal,-,-,2020|Jul-Dec 2020|Kano|Rabies|RABV,animal_row,True,,105.0,3.0,1.0,0.0,2.0,0.0
602,2020,Jul-Dec 2020,Africa,Nigeria,Katsina,Katsina,False,state,Rabies virus (Inf. with),Rabies,RABV,Both animal categories,,-,-,-,2020|Jul-Dec 2020|Katsina|Rabies|RABV,outbreak_row,True,1.0,,,,,,
603,2020,Jul-Dec 2020,Africa,Nigeria,Katsina,Katsina,False,state,Rabies virus (Inf. with),Rabies,RABV,Domestic,Dogs,Animal,-,-,2020|Jul-Dec 2020|Katsina|Rabies|RABV,animal_row,True,,24.0,1.0,1.0,0.0,0.0,0.0
604,2020,Jul-Dec 2020,Africa,Nigeria,Kwara,Kwara,False,state,Rabies virus (Inf. with),Rabies,RABV,Both animal categories,,-,-,-,2020|Jul-Dec 2020|Kwara|Rabies|RABV,outbreak_row,True,1.0,,,,,,
605,2020,Jul-Dec 2020,Africa,Nigeria,Kwara,Kwara,False,state,Rabies virus (Inf. with),Rabies,RABV,Domestic,Dogs,Animal,-,-,2020|Jul-Dec 2020|Kwara|Rabies|RABV,animal_row,True,,15.0,1.0,0.0,0.0,1.0,0.0
606,2020,Jul-Dec 2020,Africa,Nigeria,Niger,Niger,False,state,Trypanosomosis (tsetse-transmitted) (-2021),Trypanosomosis,,Both animal categories,,-,-,-,2020|Jul-Dec 2020|Niger|Trypanosomosis|,outbreak_row,True,7.0,,,,,,
607,2020,Jul-Dec 2020,Africa,Nigeria,Niger,Niger,False,state,Trypanosomosis (tsetse-transmitted) (-2021),Trypanosomosis,,Domestic,Cattle,Animal,-,-,2020|Jul-Dec 2020|Niger|Trypanosomosis|,animal_row,True,,197.0,64.0,0.0,0.0,0.0,0.0
608,2020,Jul-Dec 2020,Africa,Nigeria,Niger,Niger,False,state,Trypanosomosis (tsetse-transmitted) (-2021),Trypanosomosis,,Domestic,Sheep,Animal,-,-,2020|Jul-Dec 2020|Niger|Trypanosomosis|,animal_row,True,,9.0,2.0,0.0,0.0,0.0,0.0
609,2020,Jul-Dec 2020,Africa,Nigeria,Oyo,Oyo,False,state,Rabies virus (Inf. with),Rabies,RABV,Both animal categories,,-,-,-,2020|Jul-Dec 2020|Oyo|Rabies|RABV,outbreak_row,True,5.0,,,,,,
610,2020,Jul-Dec 2020,Africa,Nigeria,Oyo,Oyo,False,state,Rabies virus (Inf. with),Rabies,RABV,Domestic,Dogs,Animal,-,-,2020|Jul-Dec 2020|Oyo|Rabies|RABV,animal_row,True,,180.0,5.0,1.0,0.0,4.0,0.0
611,2020,Jul-Dec 2020,Africa,Nigeria,Plateau,Plateau,False,state,Rabies virus (Inf. with),Rabies,RABV,Both animal categories,,-,-,-,2020|Jul-Dec 2020|Plateau|Rabies|RABV,outbreak_row,True,27.0,,,,,,
612,2020,Jul-Dec 2020,Africa,Nigeria,Plateau,Plateau,False,state,Rabies virus (Inf. with),Rabies,RABV,Domestic,Dogs,Animal,-,-,2020|Jul-Dec 2020|Plateau|Rabies|RABV,animal_row,True,,1195.0,28.0,9.0,0.0,20.0,0.0
613,2020,Jul-Dec 2020,Africa,Nigeria,Plateau,Plateau,False,state,Rabies virus (Inf. with),Rabies,RABV,Domestic,Rabbits,Animal,-,-,2020|Jul-Dec 2020|Plateau|Rabies|RABV,animal_row,True,,20.0,1.0,0.0,0.0,1.0,0.0
614,2021,Jan-Jun 2021,Africa,Nigeria,Bauchi,Bauchi,False,state,High pathogenicity avian influenza viruses (Inf. with) (poultry),HPAI,H5N1,Domestic,,-,-,-,2021|Jan-Jun 2021|Bauchi|HPAI|H5N1,outbreak_row,True,8.0,,,,,,
615,2021,Jan-Jun 2021,Africa,Nigeria,Bauchi,Bauchi,False,state,High pathogenicity avian influenza viruses (Inf. with) (poultry),HPAI,H5N1,Domestic,Birds,Animal,-,-,2021|Jan-Jun 2021|Bauchi|HPAI|H5N1,animal_row,True,,46896.0,44850.0,43872.0,0.0,3024.0,0.0
616,2021,Jan-Jun 2021,Africa,Nigeria,Bauchi,Bauchi,False,state,Rabies virus (Inf. with),Rabies,RABV,Both animal categories,,-,-,-,2021|Jan-Jun 2021|Bauchi|Rabies|RABV,outbreak_row,True,4.0,,,,,,
617,2021,Jan-Jun 2021,Africa,Nigeria,Bauchi,Bauchi,False,state,Rabies virus (Inf. with),Rabies,RABV,Domestic,Dogs,Animal,-,-,2021|Jan-Jun 2021|Bauchi|Rabies|RABV,animal_row,True,,41.0,3.0,1.0,0.0,2.0,0.0
618,2021,Jan-Jun 2021,Africa,Nigeria,Bauchi,Bauchi,False,state,Rabies virus (Inf. with),Rabies,RABV,Domestic,Sheep,Animal,-,-,2021|Jan-Jun 2021|Bauchi|Rabies|RABV,animal_row,True,,5.0,1.0,1.0,0.0,,
619,2021,Jan-Jun 2021,Africa,Nigeria,Bayelsa,Bayelsa,False,state,High pathogenicity avian influenza viruses (Inf. with) (poultry),HPAI,H5N1,Domestic,,-,-,-,2021|Jan-Jun 2021|Bayelsa|HPAI|H5N1,outbreak_row,True,1.0,,,,,,
620,2021,Jan-Jun 2021,Africa,Nigeria,Bayelsa,Bayelsa,False,state,High pathogenicity avian influenza viruses (Inf. with) (poultry),HPAI,H5N1,Domestic,Birds,Animal,-,-,2021|Jan-Jun 2021|Bayelsa|HPAI|H5N1,animal_row,True,,2200.0,2200.0,0.0,0.0,850.0,0.0
621,2021,Jan-Jun 2021,Africa,Nigeria,Bayelsa,Bayelsa,False,state,Rabies virus (Inf. with),Rabies,RABV,Both animal categories,,-,-,-,2021|Jan-Jun 2021|Bayelsa|Rabies|RABV,outbreak_row,True,1.0,,,,,,
622,2021,Jan-Jun 2021,Africa,Nigeria,Bayelsa,Bayelsa,False,state,Rabies virus (Inf. with),Rabies,RABV,Domestic,Dogs,Animal,-,-,2021|Jan-Jun 2021|Bayelsa|Rabies|RABV,animal_row,True,,5.0,3.0,0.0,0.0,3.0,0.0
623,2021,Jan-Jun 2021,Africa,Nigeria,Benue,Benue,False,state,Rabies virus (Inf. with),Rabies,RABV,Both animal categories,,-,-,-,2021|Jan-Jun 2021|Benue|Rabies|RABV,outbreak_row,True,2.0,,,,,,
624,2021,Jan-Jun 2021,Africa,Nigeria,Benue,Benue,False,state,Rabies virus (Inf. with),Rabies,RABV,Domestic,Dogs,Animal,-,-,2021|Jan-Jun 2021|Benue|Rabies|RABV,animal_row,True,,24.0,2.0,2.0,0.0,0.0,0.0
625,2021,Jan-Jun 2021,Africa,Nigeria,Delta,Delta,False,state,High pathogenicity avian influenza viruses (Inf. with) (poultry),HPAI,H5N1,Domestic,,-,-,-,2021|Jan-Jun 2021|Delta|HPAI|H5N1,outbreak_row,True,3.0,,,,,,
626,2021,Jan-Jun 2021,Africa,Nigeria,Delta,Delta,False,state,High pathogenicity avian influenza viruses (Inf. with) (poultry),HPAI,H5N1,Domestic,Birds,Animal,-,-,2021|Jan-Jun 2021|Delta|HPAI|H5N1,animal_row,True,,82020.0,82020.0,0.0,0.0,34070.0,0.0
627,2021,Jan-Jun 2021,Africa,Nigeria,Delta,Delta,False,state,Rabies virus (Inf. with),Rabies,RABV,Both animal categories,,-,-,-,2021|Jan-Jun 2021|Delta|Rabies|RABV,outbreak_row,True,1.0,,,,,,
628,2021,Jan-Jun 2021,Africa,Nigeria,Delta,Delta,False,state,Rabies virus (Inf. with),Rabies,RABV,Domestic,Dogs,Animal,-,-,2021|Jan-Jun 2021|Delta|Rabies|RABV,animal_row,True,,16.0,1.0,1.0,0.0,0.0,0.0
629,2021,Jan-Jun 2021,Africa,Nigeria,Edo,Edo,False,state,High pathogenicity avian influenza viruses (Inf. with) (poultry),HPAI,H5N1,Domestic,,-,-,-,2021|Jan-Jun 2021|Edo|HPAI|H5N1,outbreak_row,True,2.0,,,,,,
630,2021,Jan-Jun 2021,Africa,Nigeria,Edo,Edo,False,state,High pathogenicity avian influenza viruses (Inf. with) (poultry),HPAI,H5N1,Domestic,Birds,Animal,-,-,2021|Jan-Jun 2021|Edo|HPAI|H5N1,animal_row,True,,2800.0,2800.0,1500.0,0.0,1300.0,0.0
631,2021,Jan-Jun 2021,Africa,Nigeria,Federal Capital Territory,Federal Capital Territory,False,state,Rabies virus (Inf. with),Rabies,RABV,Both animal categories,,-,-,-,2021|Jan-Jun 2021|Federal Capital Territory|Rabies|RABV,outbreak_row,True,1.0,,,,,,
632,2021,Jan-Jun 2021,Africa,Nigeria,Federal Capital Territory,Federal Capital Territory,False,state,Rabies virus (Inf. with),Rabies,RABV,Domestic,Dogs,Animal,-,-,2021|Jan-Jun 2021|Federal Capital Territory|Rabies|RABV,animal_row,True,,2.0,1.0,1.0,0.0,1.0,1.0
633,2021,Jan-Jun 2021,Africa,Nigeria,Gombe,Gombe,False,state,High pathogenicity avian influenza viruses (Inf. with) (poultry),HPAI,H5N1,Domestic,,-,-,-,2021|Jan-Jun 2021|Gombe|HPAI|H5N1,outbreak_row,True,2.0,,,,,,
634,2021,Jan-Jun 2021,Africa,Nigeria,Gombe,Gombe,False,state,High pathogenicity avian influenza viruses (Inf. with) (poultry),HPAI,H5N1,Domestic,Birds,Animal,-,-,2021|Jan-Jun 2021|Gombe|HPAI|H5N1,animal_row,True,,2780.0,2780.0,596.0,0.0,2184.0,0.0
635,2021,Jan-Jun 2021,Africa,Nigeria,Gombe,Gombe,False,state,Rabies virus (Inf. with),Rabies,RABV,Both animal categories,,-,-,-,2021|Jan-Jun 2021|Gombe|Rabies|RABV,outbreak_row,True,1.0,,,,,,
636,2021,Jan-Jun 2021,Africa,Nigeria,Gombe,Gombe,False,state,Rabies virus (Inf. with),Rabies,RABV,Domestic,Dogs,Animal,-,-,2021|Jan-Jun 2021|Gombe|Rabies|RABV,animal_row,True,,20.0,1.0,1.0,0.0,0.0,0.0
637,2021,Jan-Jun 2021,Africa,Nigeria,Jigawa,Jigawa,False,state,Trypanosomosis (tsetse-transmitted) (-2021),Trypanosomosis,,Domestic,,-,-,-,2021|Jan-Jun 2021|Jigawa|Trypanosomosis|,outbreak_row,True,1.0,,,,,,
638,2021,Jan-Jun 2021,Africa,Nigeria,Jigawa,Jigawa,False,state,Trypanosomosis (tsetse-transmitted) (-2021),Trypanosomosis,,Domestic,Cattle,Animal,-,-,2021|Jan-Jun 2021|Jigawa|Trypanosomosis|,animal_row,True,,279.0,57.0,0.0,0.0,0.0,0.0
639,2021,Jan-Jun 2021,Africa,Nigeria,Kaduna,Kaduna,False,state,High pathogenicity avian influenza viruses (Inf. with) (poultry),HPAI,H5N1,Domestic,,-,-,-,2021|Jan-Jun 2021|Kaduna|HPAI|H5N1,outbreak_row,True,3.0,,,,,,
640,2021,Jan-Jun 2021,Africa,Nigeria,Kaduna,Kaduna,False,state,High pathogenicity avian influenza viruses (Inf. with) (poultry),HPAI,H5N1,Domestic,Birds,Animal,-,-,2021|Jan-Jun 2021|Kaduna|HPAI|H5N1,animal_row,True,,10505.0,3600.0,8469.0,0.0,2036.0,0.0
641,2021,Jan-Jun 2021,Africa,Nigeria,Kaduna,Kaduna,False,state,Rabies virus (Inf. with),Rabies,RABV,Both animal categories,,-,-,-,2021|Jan-Jun 2021|Kaduna|Rabies|RABV,outbreak_row,True,11.0,,,,,,
642,2021,Jan-Jun 2021,Africa,Nigeria,Kaduna,Kaduna,False,state,Rabies virus (Inf. with),Rabies,RABV,Domestic,Dogs,Animal,-,-,2021|Jan-Jun 2021|Kaduna|Rabies|RABV,animal_row,True,,23.0,11.0,1.0,0.0,10.0,0.0
643,2021,Jan-Jun 2021,Africa,Nigeria,Kano,Kano,False,state,High pathogenicity avian influenza viruses (Inf. with) (poultry),HPAI,H5N1,Domestic,,-,-,-,2021|Jan-Jun 2021|Kano|HPAI|H5N1,outbreak_row,True,20.0,,,,,,
644,2021,Jan-Jun 2021,Africa,Nigeria,Kano,Kano,False,state,High pathogenicity avian influenza viruses (Inf. with) (poultry),HPAI,H5N1,Domestic,Birds,Animal,-,-,2021|Jan-Jun 2021|Kano|HPAI|H5N1,animal_row,True,,226567.0,223160.0,212557.0,0.0,14010.0,0.0
645,2021,Jan-Jun 2021,Africa,Nigeria,Kano,Kano,False,state,Rabies virus (Inf. with),Rabies,RABV,Both animal categories,,-,-,-,2021|Jan-Jun 2021|Kano|Rabies|RABV,outbreak_row,True,3.0,,,,,,
646,2021,Jan-Jun 2021,Africa,Nigeria,Kano,Kano,False,state,Rabies virus (Inf. with),Rabies,RABV,Domestic,Dogs,Animal,-,-,2021|Jan-Jun 2021|Kano|Rabies|RABV,animal_row,True,,119.0,3.0,1.0,0.0,2.0,0.0
647,2021,Jan-Jun 2021,Africa,Nigeria,Kano,Kano,False,state,Rabies virus (Inf. with),Rabies,RABV,Domestic,Cattle,Animal,-,-,2021|Jan-Jun 2021|Kano|Rabies|RABV,animal_row,True,,1.0,1.0,,0.0,1.0,0.0
648,2021,Jan-Jun 2021,Africa,Nigeria,Kogi,Kogi,False,state,Trypanosomosis (tsetse-transmitted) (-2021),Trypanosomosis,,Domestic,,-,-,-,2021|Jan-Jun 2021|Kogi|Trypanosomosis|,outbreak_row,True,1.0,,,,,,
649,2021,Jan-Jun 2021,Africa,Nigeria,Kogi,Kogi,False,state,Trypanosomosis (tsetse-transmitted) (-2021),Trypanosomosis,,Domestic,Cattle,Animal,-,-,2021|Jan-Jun 2021|Kogi|Trypanosomosis|,animal_row,True,,5.0,2.0,0.0,0.0,0.0,0.0
650,2021,Jan-Jun 2021,Africa,Nigeria,Kwara,Kwara,False,state,Trypanosomosis (tsetse-transmitted) (-2021),Trypanosomosis,,Domestic,,-,-,-,2021|Jan-Jun 2021|Kwara|Trypanosomosis|,outbreak_row,True,1.0,,,,,,
651,2021,Jan-Jun 2021,Africa,Nigeria,Kwara,Kwara,False,state,Trypanosomosis (tsetse-transmitted) (-2021),Trypanosomosis,,Domestic,Cattle,Animal,-,-,2021|Jan-Jun 2021|Kwara|Trypanosomosis|,animal_row,True,,50.0,50.0,0.0,0.0,0.0,0.0
652,2021,Jan-Jun 2021,Africa,Nigeria,Lagos,Lagos,False,state,High pathogenicity avian influenza viruses (Inf. with) (poultry),HPAI,H5N1,Domestic,,-,-,-,2021|Jan-Jun 2021|Lagos|HPAI|H5N1,outbreak_row,True,1.0,,,,,,
653,2021,Jan-Jun 2021,Africa,Nigeria,Lagos,Lagos,False,state,High pathogenicity avian influenza viruses (Inf. with) (poultry),HPAI,H5N1,Domestic,Birds,Animal,-,-,2021|Jan-Jun 2021|Lagos|HPAI|H5N1,animal_row,True,,12.0,12.0,8.0,0.0,4.0,0.0
654,2021,Jan-Jun 2021,Africa,Nigeria,Lagos,Lagos,False,state,Rabies virus (Inf. with),Rabies,RABV,Both animal categories,,-,-,-,2021|Jan-Jun 2021|Lagos|Rabies|RABV,outbreak_row,True,3.0,,,,,,
655,2021,Jan-Jun 2021,Africa,Nigeria,Lagos,Lagos,False,state,Rabies virus (Inf. with),Rabies,RABV,Domestic,Dogs,Animal,-,-,2021|Jan-Jun 2021|Lagos|Rabies|RABV,animal_row,True,,5.0,3.0,2.0,0.0,1.0,0.0
656,2021,Jan-Jun 2021,Africa,Nigeria,Lagos,Lagos,False,state,Trypanosomosis (tsetse-transmitted) (-2021),Trypanosomosis,,Domestic,,-,-,-,2021|Jan-Jun 2021|Lagos|Trypanosomosis|,outbreak_row,True,2.0,,,,,,
657,2021,Jan-Jun 2021,Africa,Nigeria,Lagos,Lagos,False,state,Trypanosomosis (tsetse-transmitted) (-2021),Trypanosomosis,,Domestic,Cattle,Animal,-,-,2021|Jan-Jun 2021|Lagos|Trypanosomosis|,animal_row,True,,7.0,2.0,0.0,0.0,0.0,0.0
658,2021,Jan-Jun 2021,Africa,Nigeria,Nassarawa,Nasarawa,True,state,High pathogenicity avian influenza viruses (Inf. with) (poultry),HPAI,H5N1,Domestic,,-,-,-,2021|Jan-Jun 2021|Nassarawa|HPAI|H5N1,outbreak_row,True,3.0,,,,,,
659,2021,Jan-Jun 2021,Africa,Nigeria,Nassarawa,Nasarawa,True,state,High pathogenicity avian influenza viruses (Inf. with) (poultry),HPAI,H5N1,Domestic,Birds,Animal,-,-,2021|Jan-Jun 2021|Nassarawa|HPAI|H5N1,animal_row,True,,7000.0,7000.0,4450.0,0.0,2550.0,0.0
660,2021,Jan-Jun 2021,Africa,Nigeria,Niger,Niger,False,state,High pathogenicity avian influenza viruses (Inf. with) (poultry),HPAI,H5N1,Domestic,,-,-,-,2021|Jan-Jun 2021|Niger|HPAI|H5N1,outbreak_row,True,1.0,,,,,,
661,2021,Jan-Jun 2021,Africa,Nigeria,Niger,Niger,False,state,High pathogenicity avian influenza viruses (Inf. with) (poultry),HPAI,H5N1,Domestic,Birds,Animal,-,-,2021|Jan-Jun 2021|Niger|HPAI|H5N1,animal_row,True,,1500.0,1500.0,698.0,0.0,802.0,0.0
662,2021,Jan-Jun 2021,Africa,Nigeria,Niger,Niger,False,state,Rabies virus (Inf. with),Rabies,RABV,Both animal categories,,-,-,-,2021|Jan-Jun 2021|Niger|Rabies|RABV,outbreak_row,True,1.0,,,,,,
663,2021,Jan-Jun 2021,Africa,Nigeria,Niger,Niger,False,state,Rabies virus (Inf. with),Rabies,RABV,Domestic,Dogs,Animal,-,-,2021|Jan-Jun 2021|Niger|Rabies|RABV,animal_row,True,,12.0,1.0,1.0,,0.0,0.0
664,2021,Jan-Jun 2021,Africa,Nigeria,Niger,Niger,False,state,Trypanosomosis (tsetse-transmitted) (-2021),Trypanosomosis,,Domestic,,-,-,-,2021|Jan-Jun 2021|Niger|Trypanosomosis|,outbreak_row,True,7.0,,,,,,
665,2021,Jan-Jun 2021,Africa,Nigeria,Niger,Niger,False,state,Trypanosomosis (tsetse-transmitted) (-2021),Trypanosomosis,,Domestic,Cattle,Animal,-,-,2021|Jan-Jun 2021|Niger|Trypanosomosis|,animal_row,True,,47.0,23.0,0.0,0.0,1.0,0.0
666,2021,Jan-Jun 2021,Africa,Nigeria,Plateau,Plateau,False,state,High pathogenicity avian influenza viruses (Inf. with) (poultry),HPAI,H5N1,Domestic,,-,-,-,2021|Jan-Jun 2021|Plateau|HPAI|H5N1,outbreak_row,True,44.0,,,,,,
667,2021,Jan-Jun 2021,Africa,Nigeria,Plateau,Plateau,False,state,High pathogenicity avian influenza viruses (Inf. with) (poultry),HPAI,H5N1,Domestic,Birds,Animal,-,-,2021|Jan-Jun 2021|Plateau|HPAI|H5N1,animal_row,True,,104510.0,104510.0,87105.0,0.0,17405.0,0.0
668,2021,Jan-Jun 2021,Africa,Nigeria,Plateau,Plateau,False,state,Rabies virus (Inf. with),Rabies,RABV,Both animal categories,,-,-,-,2021|Jan-Jun 2021|Plateau|Rabies|RABV,outbreak_row,True,37.0,,,,,,
669,2021,Jan-Jun 2021,Africa,Nigeria,Plateau,Plateau,False,state,Rabies virus (Inf. with),Rabies,RABV,Domestic,Dogs,Animal,-,-,2021|Jan-Jun 2021|Plateau|Rabies|RABV,animal_row,True,,1496.0,40.0,17.0,0.0,22.0,9.0
670,2021,Jan-Jun 2021,Africa,Nigeria,Plateau,Plateau,False,state,Rabies virus (Inf. with),Rabies,RABV,Domestic,Cats,Animal,-,-,2021|Jan-Jun 2021|Plateau|Rabies|RABV,animal_row,True,,1.0,1.0,1.0,0.0,0.0,0.0
671,2021,Jul-Dec 2021,Africa,Nigeria,Abia,Abia,False,state,High pathogenicity avian influenza viruses (Inf. with) (poultry),HPAI,H5N1,Domestic,,-,-,-,2021|Jul-Dec 2021|Abia|HPAI|H5N1,outbreak_row,True,2.0,,,,,,
672,2021,Jul-Dec 2021,Africa,Nigeria,Abia,Abia,False,state,High pathogenicity avian influenza viruses (Inf. with) (poultry),HPAI,H5N1,Domestic,Birds,Animal,-,-,2021|Jul-Dec 2021|Abia|HPAI|H5N1,animal_row,True,,7500.0,7500.0,3200.0,0.0,4300.0,0.0
673,2021,Jul-Dec 2021,Africa,Nigeria,Akwa Ibom,Akwa Ibom,False,state,High pathogenicity avian influenza viruses (Inf. with) (poultry),HPAI,H5N1,Domestic,,-,-,-,2021|Jul-Dec 2021|Akwa Ibom|HPAI|H5N1,outbreak_row,True,1.0,,,,,,
674,2021,Jul-Dec 2021,Africa,Nigeria,Akwa Ibom,Akwa Ibom,False,state,High pathogenicity avian influenza viruses (Inf. with) (poultry),HPAI,H5N1,Domestic,Birds,Animal,-,-,2021|Jul-Dec 2021|Akwa Ibom|HPAI|H5N1,animal_row,True,,4964.0,4964.0,1000.0,0.0,3964.0,0.0
675,2021,Jul-Dec 2021,Africa,Nigeria,Anambra,Anambra,False,state,High pathogenicity avian influenza viruses (Inf. with) (poultry),HPAI,H5N1,Domestic,,-,-,-,2021|Jul-Dec 2021|Anambra|HPAI|H5N1,outbreak_row,True,2.0,,,,,,
676,2021,Jul-Dec 2021,Africa,Nigeria,Anambra,Anambra,False,state,High pathogenicity avian influenza viruses (Inf. with) (poultry),HPAI,H5N1,Domestic,Birds,Animal,-,-,2021|Jul-Dec 2021|Anambra|HPAI|H5N1,animal_row,True,,11500.0,11500.0,7700.0,0.0,3800.0,0.0
677,2021,Jul-Dec 2021,Africa,Nigeria,Anambra,Anambra,False,state,Trypanosomosis (tsetse-transmitted) (-2021),Trypanosomosis,,Domestic,,-,-,-,2021|Jul-Dec 2021|Anambra|Trypanosomosis|,outbreak_row,True,1.0,,,,,,
678,2021,Jul-Dec 2021,Africa,Nigeria,Anambra,Anambra,False,state,Trypanosomosis (tsetse-transmitted) (-2021),Trypanosomosis,,Domestic,Goats,Animal,-,-,2021|Jul-Dec 2021|Anambra|Trypanosomosis|,animal_row,True,,10.0,10.0,0.0,0.0,6.0,0.0
679,2021,Jul-Dec 2021,Africa,Nigeria,Bauchi,Bauchi,False,state,High pathogenicity avian influenza viruses (Inf. with) (poultry),HPAI,H5N1,Domestic,,-,-,-,2021|Jul-Dec 2021|Bauchi|HPAI|H5N1,outbreak_row,True,6.0,,,,,,
680,2021,Jul-Dec 2021,Africa,Nigeria,Bauchi,Bauchi,False,state,High pathogenicity avian influenza viruses (Inf. with) (poultry),HPAI,H5N1,Domestic,Birds,Animal,-,-,2021|Jul-Dec 2021|Bauchi|HPAI|H5N1,animal_row,True,,32517.0,32517.0,29813.0,0.0,2704.0,0.0
681,2021,Jul-Dec 2021,Africa,Nigeria,Bauchi,Bauchi,False,state,Rabies virus (Inf. with),Rabies,RABV,Both animal categories,,-,-,-,2021|Jul-Dec 2021|Bauchi|Rabies|RABV,outbreak_row,True,10.0,,,,,,
682,2021,Jul-Dec 2021,Africa,Nigeria,Bauchi,Bauchi,False,state,Rabies virus (Inf. with),Rabies,RABV,Domestic,Dogs,Animal,-,-,2021|Jul-Dec 2021|Bauchi|Rabies|RABV,animal_row,True,,451.0,10.0,5.0,0.0,5.0,0.0
683,2021,Jul-Dec 2021,Africa,Nigeria,Bauchi,Bauchi,False,state,Trypanosomosis (tsetse-transmitted) (-2021),Trypanosomosis,,Domestic,,-,-,-,2021|Jul-Dec 2021|Bauchi|Trypanosomosis|,outbreak_row,True,4.0,,,,,,
684,2021,Jul-Dec 2021,Africa,Nigeria,Bauchi,Bauchi,False,state,Trypanosomosis (tsetse-transmitted) (-2021),Trypanosomosis,,Domestic,Cattle,Animal,-,-,2021|Jul-Dec 2021|Bauchi|Trypanosomosis|,animal_row,True,,331.0,167.0,0.0,9.0,15.0,0.0
685,2021,Jul-Dec 2021,Africa,Nigeria,Bayelsa,Bayelsa,False,state,High pathogenicity avian influenza viruses (Inf. with) (poultry),HPAI,H5N1,Domestic,,-,-,-,2021|Jul-Dec 2021|Bayelsa|HPAI|H5N1,outbreak_row,True,5.0,,,,,,
686,2021,Jul-Dec 2021,Africa,Nigeria,Bayelsa,Bayelsa,False,state,High pathogenicity avian influenza viruses (Inf. with) (poultry),HPAI,H5N1,Domestic,Birds,Animal,-,-,2021|Jul-Dec 2021|Bayelsa|HPAI|H5N1,animal_row,True,,11300.0,11300.0,7060.0,0.0,4240.0,0.0
687,2021,Jul-Dec 2021,Africa,Nigeria,Benue,Benue,False,state,Rabies virus (Inf. with),Rabies,RABV,Both animal categories,,-,-,-,2021|Jul-Dec 2021|Benue|Rabies|RABV,outbreak_row,True,3.0,,,,,,
688,2021,Jul-Dec 2021,Africa,Nigeria,Benue,Benue,False,state,Rabies virus (Inf. with),Rabies,RABV,Domestic,Dogs,Animal,-,-,2021|Jul-Dec 2021|Benue|Rabies|RABV,animal_row,True,,109.0,3.0,3.0,0.0,0.0,0.0
689,2021,Jul-Dec 2021,Africa,Nigeria,Delta,Delta,False,state,High pathogenicity avian influenza viruses (Inf. with) (poultry),HPAI,H5N1,Domestic,,-,-,-,2021|Jul-Dec 2021|Delta|HPAI|H5N1,outbreak_row,True,17.0,,,,,,
690,2021,Jul-Dec 2021,Africa,Nigeria,Delta,Delta,False,state,High pathogenicity avian influenza viruses (Inf. with) (poultry),HPAI,H5N1,Domestic,Birds,Animal,-,-,2021|Jul-Dec 2021|Delta|HPAI|H5N1,animal_row,True,,286299.0,286299.0,187031.0,0.0,99268.0,0.0
691,2021,Jul-Dec 2021,Africa,Nigeria,Delta,Delta,False,state,Rabies virus (Inf. with),Rabies,RABV,Both animal categories,,-,-,-,2021|Jul-Dec 2021|Delta|Rabies|RABV,outbreak_row,True,1.0,,,,,,
692,2021,Jul-Dec 2021,Africa,Nigeria,Delta,Delta,False,state,Rabies virus (Inf. with),Rabies,RABV,Domestic,Dogs,Animal,-,-,2021|Jul-Dec 2021|Delta|Rabies|RABV,animal_row,True,,34.0,1.0,1.0,0.0,0.0,0.0
693,2021,Jul-Dec 2021,Africa,Nigeria,Ebonyi,Ebonyi,False,state,Rabies virus (Inf. with),Rabies,RABV,Both animal categories,,-,-,-,2021|Jul-Dec 2021|Ebonyi|Rabies|RABV,outbreak_row,True,1.0,,,,,,
694,2021,Jul-Dec 2021,Africa,Nigeria,Ebonyi,Ebonyi,False,state,Rabies virus (Inf. with),Rabies,RABV,Domestic,Dogs,Animal,-,-,2021|Jul-Dec 2021|Ebonyi|Rabies|RABV,animal_row,True,,27.0,1.0,1.0,0.0,0.0,0.0
695,2021,Jul-Dec 2021,Africa,Nigeria,Edo,Edo,False,state,High pathogenicity avian influenza viruses (Inf. with) (poultry),HPAI,H5N1,Domestic,,-,-,-,2021|Jul-Dec 2021|Edo|HPAI|H5N1,outbreak_row,True,3.0,,,,,,
696,2021,Jul-Dec 2021,Africa,Nigeria,Edo,Edo,False,state,High pathogenicity avian influenza viruses (Inf. with) (poultry),HPAI,H5N1,Domestic,Birds,Animal,-,-,2021|Jul-Dec 2021|Edo|HPAI|H5N1,animal_row,True,,8919.0,8919.0,7751.0,0.0,1168.0,0.0
697,2021,Jul-Dec 2021,Africa,Nigeria,Enugu,Enugu,False,state,High pathogenicity avian influenza viruses (Inf. with) (poultry),HPAI,H5N1,Domestic,,-,-,-,2021|Jul-Dec 2021|Enugu|HPAI|H5N1,outbreak_row,True,2.0,,,,,,
698,2021,Jul-Dec 2021,Africa,Nigeria,Enugu,Enugu,False,state,High pathogenicity avian influenza viruses (Inf. with) (poultry),HPAI,H5N1,Domestic,Birds,Animal,-,-,2021|Jul-Dec 2021|Enugu|HPAI|H5N1,animal_row,True,,3820.0,3820.0,2815.0,0.0,1005.0,0.0
699,2021,Jul-Dec 2021,Africa,Nigeria,Enugu,Enugu,False,state,Trypanosomosis (tsetse-transmitted) (-2021),Trypanosomosis,,Domestic,,-,-,-,2021|Jul-Dec 2021|Enugu|Trypanosomosis|,outbreak_row,True,2.0,,,,,,
700,2021,Jul-Dec 2021,Africa,Nigeria,Enugu,Enugu,False,state,Trypanosomosis (tsetse-transmitted) (-2021),Trypanosomosis,,Domestic,Goats,Animal,-,-,2021|Jul-Dec 2021|Enugu|Trypanosomosis|,animal_row,True,,23.0,23.0,0.0,0.0,3.0,0.0
701,2021,Jul-Dec 2021,Africa,Nigeria,Federal Capital Territory,Federal Capital Territory,False,state,Rabies virus (Inf. with),Rabies,RABV,Both animal categories,,-,-,-,2021|Jul-Dec 2021|Federal Capital Territory|Rabies|RABV,outbreak_row,True,1.0,,,,,,
702,2021,Jul-Dec 2021,Africa,Nigeria,Federal Capital Territory,Federal Capital Territory,False,state,Rabies virus (Inf. with),Rabies,RABV,Domestic,Dogs,Animal,-,-,2021|Jul-Dec 2021|Federal Capital Territory|Rabies|RABV,animal_row,True,,27.0,1.0,1.0,0.0,0.0,0.0
703,2021,Jul-Dec 2021,Africa,Nigeria,Gombe,Gombe,False,state,High pathogenicity avian influenza viruses (Inf. with) (poultry),HPAI,H5N1,Domestic,,-,-,-,2021|Jul-Dec 2021|Gombe|HPAI|H5N1,outbreak_row,True,5.0,,,,,,
704,2021,Jul-Dec 2021,Africa,Nigeria,Gombe,Gombe,False,state,High pathogenicity avian influenza viruses (Inf. with) (poultry),HPAI,H5N1,Domestic,Birds,Animal,-,-,2021|Jul-Dec 2021|Gombe|HPAI|H5N1,animal_row,True,,8112.0,8112.0,5297.0,0.0,2815.0,0.0
705,2021,Jul-Dec 2021,Africa,Nigeria,Imo,Imo,False,state,Rabies virus (Inf. with),Rabies,RABV,Both animal categories,,-,-,-,2021|Jul-Dec 2021|Imo|Rabies|RABV,outbreak_row,True,1.0,,,,,,
706,2021,Jul-Dec 2021,Africa,Nigeria,Imo,Imo,False,state,Rabies virus (Inf. with),Rabies,RABV,Domestic,Dogs,Animal,-,-,2021|Jul-Dec 2021|Imo|Rabies|RABV,animal_row,True,,19.0,1.0,1.0,0.0,0.0,0.0
707,2021,Jul-Dec 2021,Africa,Nigeria,Jigawa,Jigawa,False,state,Trypanosomosis (tsetse-transmitted) (-2021),Trypanosomosis,,Domestic,,-,-,-,2021|Jul-Dec 2021|Jigawa|Trypanosomosis|,outbreak_row,True,3.0,,,,,,
708,2021,Jul-Dec 2021,Africa,Nigeria,Jigawa,Jigawa,False,state,Trypanosomosis (tsetse-transmitted) (-2021),Trypanosomosis,,Domestic,Cattle,Animal,-,-,2021|Jul-Dec 2021|Jigawa|Trypanosomosis|,animal_row,True,,363.0,38.0,0.0,0.0,0.0,0.0
709,2021,Jul-Dec 2021,Africa,Nigeria,Kaduna,Kaduna,False,state,Rabies virus (Inf. with),Rabies,RABV,Both animal categories,,-,-,-,2021|Jul-Dec 2021|Kaduna|Rabies|RABV,outbreak_row,True,7.0,,,,,,
710,2021,Jul-Dec 2021,Africa,Nigeria,Kaduna,Kaduna,False,state,Rabies virus (Inf. with),Rabies,RABV,Domestic,Dogs,Animal,-,-,2021|Jul-Dec 2021|Kaduna|Rabies|RABV,animal_row,True,,147.0,7.0,5.0,0.0,2.0,0.0
711,2021,Jul-Dec 2021,Africa,Nigeria,Kano,Kano,False,state,High pathogenicity avian influenza viruses (Inf. with) (poultry),HPAI,H5N1,Domestic,,-,-,-,2021|Jul-Dec 2021|Kano|HPAI|H5N1,outbreak_row,True,8.0,,,,,,
712,2021,Jul-Dec 2021,Africa,Nigeria,Kano,Kano,False,state,High pathogenicity avian influenza viruses (Inf. with) (poultry),HPAI,H5N1,Domestic,Birds,Animal,-,-,2021|Jul-Dec 2021|Kano|HPAI|H5N1,animal_row,True,,32950.0,32950.0,28477.0,0.0,4473.0,0.0
713,2021,Jul-Dec 2021,Africa,Nigeria,Kano,Kano,False,state,Rabies virus (Inf. with),Rabies,RABV,Both animal categories,,-,-,-,2021|Jul-Dec 2021|Kano|Rabies|RABV,outbreak_row,True,10.0,,,,,,
714,2021,Jul-Dec 2021,Africa,Nigeria,Kano,Kano,False,state,Rabies virus (Inf. with),Rabies,RABV,Domestic,Dogs,Animal,-,-,2021|Jul-Dec 2021|Kano|Rabies|RABV,animal_row,True,,1090.0,9.0,6.0,0.0,3.0,0.0
715,2021,Jul-Dec 2021,Africa,Nigeria,Kano,Kano,False,state,Rabies virus (Inf. with),Rabies,RABV,Domestic,Cats,Animal,-,-,2021|Jul-Dec 2021|Kano|Rabies|RABV,animal_row,True,,16.0,1.0,1.0,0.0,0.0,0.0
716,2021,Jul-Dec 2021,Africa,Nigeria,Katsina,Katsina,False,state,Rabies virus (Inf. with),Rabies,RABV,Both animal categories,,-,-,-,2021|Jul-Dec 2021|Katsina|Rabies|RABV,outbreak_row,True,1.0,,,,,,
717,2021,Jul-Dec 2021,Africa,Nigeria,Katsina,Katsina,False,state,Rabies virus (Inf. with),Rabies,RABV,Domestic,Dogs,Animal,-,-,2021|Jul-Dec 2021|Katsina|Rabies|RABV,animal_row,True,,32.0,1.0,1.0,0.0,0.0,0.0
718,2021,Jul-Dec 2021,Africa,Nigeria,Kebbi,Kebbi,False,state,Rabies virus (Inf. with),Rabies,RABV,Both animal categories,,-,-,-,2021|Jul-Dec 2021|Kebbi|Rabies|RABV,outbreak_row,True,8.0,,,,,,
719,2021,Jul-Dec 2021,Africa,Nigeria,Kebbi,Kebbi,False,state,Rabies virus (Inf. with),Rabies,RABV,Domestic,Dogs,Animal,-,-,2021|Jul-Dec 2021|Kebbi|Rabies|RABV,animal_row,True,,213.0,7.0,3.0,0.0,4.0,0.0
720,2021,Jul-Dec 2021,Africa,Nigeria,Kebbi,Kebbi,False,state,Rabies virus (Inf. with),Rabies,RABV,Wild,Cercopithecidae (unidentified),Animal,-,-,2021|Jul-Dec 2021|Kebbi|Rabies|RABV,animal_row,True,,1.0,1.0,0.0,0.0,1.0,0.0
721,2021,Jul-Dec 2021,Africa,Nigeria,Kogi,Kogi,False,state,Trypanosomosis (tsetse-transmitted) (-2021),Trypanosomosis,,Domestic,,-,-,-,2021|Jul-Dec 2021|Kogi|Trypanosomosis|,outbreak_row,True,2.0,,,,,,
722,2021,Jul-Dec 2021,Africa,Nigeria,Kogi,Kogi,False,state,Trypanosomosis (tsetse-transmitted) (-2021),Trypanosomosis,,Domestic,Cattle,Animal,-,-,2021|Jul-Dec 2021|Kogi|Trypanosomosis|,animal_row,True,,24.0,11.0,0.0,0.0,0.0,0.0
723,2021,Jul-Dec 2021,Africa,Nigeria,Kwara,Kwara,False,state,Trypanosomosis (tsetse-transmitted) (-2021),Trypanosomosis,,Domestic,,-,-,-,2021|Jul-Dec 2021|Kwara|Trypanosomosis|,outbreak_row,True,4.0,,,,,,
724,2021,Jul-Dec 2021,Africa,Nigeria,Kwara,Kwara,False,state,Trypanosomosis (tsetse-transmitted) (-2021),Trypanosomosis,,Domestic,Cattle,Animal,-,-,2021|Jul-Dec 2021|Kwara|Trypanosomosis|,animal_row,True,,117.0,80.0,0.0,0.0,0.0,0.0
725,2021,Jul-Dec 2021,Africa,Nigeria,Kwara,Kwara,False,state,Trypanosomosis (tsetse-transmitted) (-2021),Trypanosomosis,,Domestic,Sheep,Animal,-,-,2021|Jul-Dec 2021|Kwara|Trypanosomosis|,animal_row,True,,5.0,5.0,0.0,0.0,0.0,0.0
726,2021,Jul-Dec 2021,Africa,Nigeria,Lagos,Lagos,False,state,High pathogenicity avian influenza viruses (Inf. with) (poultry),HPAI,H5N1,Domestic,,-,-,-,2021|Jul-Dec 2021|Lagos|HPAI|H5N1,outbreak_row,True,80.0,,,,,,
727,2021,Jul-Dec 2021,Africa,Nigeria,Lagos,Lagos,False,state,High pathogenicity avian influenza viruses (Inf. with) (poultry),HPAI,H5N1,Domestic,Birds,Animal,-,-,2021|Jul-Dec 2021|Lagos|HPAI|H5N1,animal_row,True,,119775.0,119775.0,105464.0,0.0,14311.0,0.0
728,2021,Jul-Dec 2021,Africa,Nigeria,Lagos,Lagos,False,state,Trypanosomosis (tsetse-transmitted) (-2021),Trypanosomosis,,Domestic,,-,-,-,2021|Jul-Dec 2021|Lagos|Trypanosomosis|,outbreak_row,True,1.0,,,,,,
729,2021,Jul-Dec 2021,Africa,Nigeria,Lagos,Lagos,False,state,Trypanosomosis (tsetse-transmitted) (-2021),Trypanosomosis,,Domestic,Cattle,Animal,-,-,2021|Jul-Dec 2021|Lagos|Trypanosomosis|,animal_row,True,,128.0,10.0,0.0,5.0,5.0,0.0
730,2021,Jul-Dec 2021,Africa,Nigeria,Niger,Niger,False,state,High pathogenicity avian influenza viruses (Inf. with) (poultry),HPAI,H5N1,Domestic,,-,-,-,2021|Jul-Dec 2021|Niger|HPAI|H5N1,outbreak_row,True,6.0,,,,,,
731,2021,Jul-Dec 2021,Africa,Nigeria,Niger,Niger,False,state,High pathogenicity avian influenza viruses (Inf. with) (poultry),HPAI,H5N1,Domestic,Birds,Animal,-,-,2021|Jul-Dec 2021|Niger|HPAI|H5N1,animal_row,True,,14115.0,14115.0,10295.0,0.0,3820.0,0.0
732,2021,Jul-Dec 2021,Africa,Nigeria,Niger,Niger,False,state,Trypanosomosis (tsetse-transmitted) (-2021),Trypanosomosis,,Domestic,,-,-,-,2021|Jul-Dec 2021|Niger|Trypanosomosis|,outbreak_row,True,8.0,,,,,,
733,2021,Jul-Dec 2021,Africa,Nigeria,Niger,Niger,False,state,Trypanosomosis (tsetse-transmitted) (-2021),Trypanosomosis,,Domestic,Cattle,Animal,-,-,2021|Jul-Dec 2021|Niger|Trypanosomosis|,animal_row,True,,64.0,13.0,0.0,1.0,6.0,0.0
734,2021,Jul-Dec 2021,Africa,Nigeria,Ogun,Ogun,False,state,High pathogenicity avian influenza viruses (Inf. with) (poultry),HPAI,H5N1,Domestic,,-,-,-,2021|Jul-Dec 2021|Ogun|HPAI|H5N1,outbreak_row,True,10.0,,,,,,
735,2021,Jul-Dec 2021,Africa,Nigeria,Ogun,Ogun,False,state,High pathogenicity avian influenza viruses (Inf. with) (poultry),HPAI,H5N1,Domestic,Birds,Animal,-,-,2021|Jul-Dec 2021|Ogun|HPAI|H5N1,animal_row,True,,133064.0,133064.0,101710.0,0.0,31354.0,0.0
736,2021,Jul-Dec 2021,Africa,Nigeria,Ondo,Ondo,False,state,Trypanosomosis (tsetse-transmitted) (-2021),Trypanosomosis,,Domestic,,-,-,-,2021|Jul-Dec 2021|Ondo|Trypanosomosis|,outbreak_row,True,1.0,,,,,,
737,2021,Jul-Dec 2021,Africa,Nigeria,Ondo,Ondo,False,state,Trypanosomosis (tsetse-transmitted) (-2021),Trypanosomosis,,Domestic,Sheep,Animal,-,-,2021|Jul-Dec 2021|Ondo|Trypanosomosis|,animal_row,True,,150.0,80.0,0.0,0.0,0.0,0.0
738,2021,Jul-Dec 2021,Africa,Nigeria,Oyo,Oyo,False,state,High pathogenicity avian influenza viruses (Inf. with) (poultry),HPAI,H5N1,Domestic,,-,-,-,2021|Jul-Dec 2021|Oyo|HPAI|H5N1,outbreak_row,True,6.0,,,,,,
739,2021,Jul-Dec 2021,Africa,Nigeria,Oyo,Oyo,False,state,High pathogenicity avian influenza viruses (Inf. with) (poultry),HPAI,H5N1,Domestic,Birds,Animal,-,-,2021|Jul-Dec 2021|Oyo|HPAI|H5N1,animal_row,True,,17843.0,17643.0,14077.0,0.0,3766.0,0.0
740,2021,Jul-Dec 2021,Africa,Nigeria,Oyo,Oyo,False,state,Trypanosomosis (tsetse-transmitted) (-2021),Trypanosomosis,,Domestic,,-,-,-,2021|Jul-Dec 2021|Oyo|Trypanosomosis|,outbreak_row,True,1.0,,,,,,
741,2021,Jul-Dec 2021,Africa,Nigeria,Oyo,Oyo,False,state,Trypanosomosis (tsetse-transmitted) (-2021),Trypanosomosis,,Domestic,Cattle,Animal,-,-,2021|Jul-Dec 2021|Oyo|Trypanosomosis|,animal_row,True,,80.0,80.0,0.0,0.0,6.0,0.0
742,2021,Jul-Dec 2021,Africa,Nigeria,Plateau,Plateau,False,state,High pathogenicity avian influenza viruses (Inf. with) (poultry),HPAI,H5N1,Domestic,,-,-,-,2021|Jul-Dec 2021|Plateau|HPAI|H5N1,outbreak_row,True,4.0,,,,,,
743,2021,Jul-Dec 2021,Africa,Nigeria,Plateau,Plateau,False,state,High pathogenicity avian influenza viruses (Inf. with) (poultry),HPAI,H5N1,Domestic,Birds,Animal,-,-,2021|Jul-Dec 2021|Plateau|HPAI|H5N1,animal_row,True,,13155.0,13065.0,11140.0,0.0,2015.0,0.0
744,2021,Jul-Dec 2021,Africa,Nigeria,Plateau,Plateau,False,state,Rabies virus (Inf. with),Rabies,RABV,Both animal categories,,-,-,-,2021|Jul-Dec 2021|Plateau|Rabies|RABV,outbreak_row,True,39.0,,,,,,
745,2021,Jul-Dec 2021,Africa,Nigeria,Plateau,Plateau,False,state,Rabies virus (Inf. with),Rabies,RABV,Domestic,Dogs,Animal,-,-,2021|Jul-Dec 2021|Plateau|Rabies|RABV,animal_row,True,,2899.0,38.0,20.0,0.0,18.0,0.0
746,2021,Jul-Dec 2021,Africa,Nigeria,Plateau,Plateau,False,state,Rabies virus (Inf. with),Rabies,RABV,Domestic,Swine,Animal,-,-,2021|Jul-Dec 2021|Plateau|Rabies|RABV,animal_row,True,,18.0,1.0,1.0,0.0,0.0,0.0
747,2021,Jul-Dec 2021,Africa,Nigeria,Plateau,Plateau,False,state,Trypanosomosis (tsetse-transmitted) (-2021),Trypanosomosis,,Domestic,,-,-,-,2021|Jul-Dec 2021|Plateau|Trypanosomosis|,outbreak_row,True,1.0,,,,,,
748,2021,Jul-Dec 2021,Africa,Nigeria,Plateau,Plateau,False,state,Trypanosomosis (tsetse-transmitted) (-2021),Trypanosomosis,,Domestic,Cattle,Animal,-,-,2021|Jul-Dec 2021|Plateau|Trypanosomosis|,animal_row,True,,77.0,15.0,0.0,0.0,0.0,0.0
749,2021,Jul-Dec 2021,Africa,Nigeria,Rivers,Rivers,False,state,High pathogenicity avian influenza viruses (Inf. with) (poultry),HPAI,H5N1,Domestic,,-,-,-,2021|Jul-Dec 2021|Rivers|HPAI|H5N1,outbreak_row,True,11.0,,,,,,
750,2021,Jul-Dec 2021,Africa,Nigeria,Rivers,Rivers,False,state,High pathogenicity avian influenza viruses (Inf. with) (poultry),HPAI,H5N1,Domestic,Birds,Animal,-,-,2021|Jul-Dec 2021|Rivers|HPAI|H5N1,animal_row,True,,45301.0,45301.0,23342.0,0.0,21959.0,0.0
751,2021,Jul-Dec 2021,Africa,Nigeria,Taraba,Taraba,False,state,High pathogenicity avian influenza viruses (Inf. with) (poultry),HPAI,H5N1,Domestic,,-,-,-,2021|Jul-Dec 2021|Taraba|HPAI|H5N1,outbreak_row,True,1.0,,,,,,
752,2021,Jul-Dec 2021,Africa,Nigeria,Taraba,Taraba,False,state,High pathogenicity avian influenza viruses (Inf. with) (poultry),HPAI,H5N1,Domestic,Birds,Animal,-,-,2021|Jul-Dec 2021|Taraba|HPAI|H5N1,animal_row,True,,2000.0,2000.0,1313.0,0.0,687.0,0.0
753,2022,Jan-Jun 2022,Africa,Nigeria,Abia,Abia,False,state,High pathogenicity avian influenza viruses (Inf. with) (poultry),HPAI,H5N1,Domestic,,-,-,-,2022|Jan-Jun 2022|Abia|HPAI|H5N1,outbreak_row,True,1.0,,,,,,
754,2022,Jan-Jun 2022,Africa,Nigeria,Abia,Abia,False,state,High pathogenicity avian influenza viruses (Inf. with) (poultry),HPAI,H5N1,Domestic,Birds,Animal,-,-,2022|Jan-Jun 2022|Abia|HPAI|H5N1,animal_row,True,,3000.0,3000.0,2200.0,0.0,800.0,0.0
755,2022,Jan-Jun 2022,Africa,Nigeria,Adamawa,Adamawa,False,state,High pathogenicity avian influenza viruses (Inf. with) (poultry),HPAI,H5N1,Domestic,,-,-,-,2022|Jan-Jun 2022|Adamawa|HPAI|H5N1,outbreak_row,True,1.0,,,,,,
756,2022,Jan-Jun 2022,Africa,Nigeria,Adamawa,Adamawa,False,state,High pathogenicity avian influenza viruses (Inf. with) (poultry),HPAI,H5N1,Domestic,Birds,Animal,-,-,2022|Jan-Jun 2022|Adamawa|HPAI|H5N1,animal_row,True,,17000.0,17000.0,13800.0,0.0,3200.0,0.0
757,2022,Jan-Jun 2022,Africa,Nigeria,Adamawa,Adamawa,False,state,Rabies virus (Inf. with),Rabies,RABV,Both animal categories,,-,-,-,2022|Jan-Jun 2022|Adamawa|Rabies|RABV,outbreak_row,True,1.0,,,,,,
758,2022,Jan-Jun 2022,Africa,Nigeria,Adamawa,Adamawa,False,state,Rabies virus (Inf. with),Rabies,RABV,Domestic,Cats,Animal,-,-,2022|Jan-Jun 2022|Adamawa|Rabies|RABV,animal_row,True,,9.0,1.0,1.0,0.0,0.0,0.0
759,2022,Jan-Jun 2022,Africa,Nigeria,Anambra,Anambra,False,state,High pathogenicity avian influenza viruses (Inf. with) (poultry),HPAI,H5N1,Domestic,,-,-,-,2022|Jan-Jun 2022|Anambra|HPAI|H5N1,outbreak_row,True,1.0,,,,,,
760,2022,Jan-Jun 2022,Africa,Nigeria,Anambra,Anambra,False,state,High pathogenicity avian influenza viruses (Inf. with) (poultry),HPAI,H5N1,Domestic,Birds,Animal,-,-,2022|Jan-Jun 2022|Anambra|HPAI|H5N1,animal_row,True,,3000.0,3000.0,2850.0,0.0,150.0,0.0
761,2022,Jan-Jun 2022,Africa,Nigeria,Bauchi,Bauchi,False,state,High pathogenicity avian influenza viruses (Inf. with) (poultry),HPAI,H5N1,Domestic,,-,-,-,2022|Jan-Jun 2022|Bauchi|HPAI|H5N1,outbreak_row,True,3.0,,,,,,
762,2022,Jan-Jun 2022,Africa,Nigeria,Bauchi,Bauchi,False,state,High pathogenicity avian influenza viruses (Inf. with) (poultry),HPAI,H5N1,Domestic,Birds,Animal,-,-,2022|Jan-Jun 2022|Bauchi|HPAI|H5N1,animal_row,True,,8090.0,8090.0,5585.0,0.0,2505.0,0.0
763,2022,Jan-Jun 2022,Africa,Nigeria,Bauchi,Bauchi,False,state,Rabies virus (Inf. with),Rabies,RABV,Both animal categories,,-,-,-,2022|Jan-Jun 2022|Bauchi|Rabies|RABV,outbreak_row,True,5.0,,,,,,
764,2022,Jan-Jun 2022,Africa,Nigeria,Bauchi,Bauchi,False,state,Rabies virus (Inf. with),Rabies,RABV,Domestic,Dogs,Animal,-,-,2022|Jan-Jun 2022|Bauchi|Rabies|RABV,animal_row,True,,249.0,12.0,12.0,0.0,0.0,0.0
765,2022,Jan-Jun 2022,Africa,Nigeria,Bauchi,Bauchi,False,state,Rabies virus (Inf. with),Rabies,RABV,Domestic,Cats,Animal,-,-,2022|Jan-Jun 2022|Bauchi|Rabies|RABV,animal_row,True,,14.0,1.0,1.0,0.0,0.0,0.0
766,2022,Jan-Jun 2022,Africa,Nigeria,Borno,Borno,False,state,High pathogenicity avian influenza viruses (Inf. with) (poultry),HPAI,H5N1,Domestic,,-,-,-,2022|Jan-Jun 2022|Borno|HPAI|H5N1,outbreak_row,True,1.0,,,,,,
767,2022,Jan-Jun 2022,Africa,Nigeria,Borno,Borno,False,state,High pathogenicity avian influenza viruses (Inf. with) (poultry),HPAI,H5N1,Domestic,Birds,Animal,-,-,2022|Jan-Jun 2022|Borno|HPAI|H5N1,animal_row,True,,37.0,37.0,17.0,0.0,20.0,0.0
768,2022,Jan-Jun 2022,Africa,Nigeria,Borno,Borno,False,state,Rabies virus (Inf. with),Rabies,RABV,Both animal categories,,-,-,-,2022|Jan-Jun 2022|Borno|Rabies|RABV,outbreak_row,True,1.0,,,,,,
769,2022,Jan-Jun 2022,Africa,Nigeria,Borno,Borno,False,state,Rabies virus (Inf. with),Rabies,RABV,Domestic,Dogs,Animal,-,-,2022|Jan-Jun 2022|Borno|Rabies|RABV,animal_row,True,,6.0,1.0,1.0,0.0,0.0,0.0
770,2022,Jan-Jun 2022,Africa,Nigeria,Delta,Delta,False,state,Rabies virus (Inf. with),Rabies,RABV,Both animal categories,,-,-,-,2022|Jan-Jun 2022|Delta|Rabies|RABV,outbreak_row,True,1.0,,,,,,
771,2022,Jan-Jun 2022,Africa,Nigeria,Delta,Delta,False,state,Rabies virus (Inf. with),Rabies,RABV,Domestic,Goats,Animal,-,-,2022|Jan-Jun 2022|Delta|Rabies|RABV,animal_row,True,,27.0,1.0,1.0,0.0,0.0,0.0
772,2022,Jan-Jun 2022,Africa,Nigeria,Ebonyi,Ebonyi,False,state,High pathogenicity avian influenza viruses (Inf. with) (poultry),HPAI,H5N1,Domestic,,-,-,-,2022|Jan-Jun 2022|Ebonyi|HPAI|H5N1,outbreak_row,True,1.0,,,,,,
773,2022,Jan-Jun 2022,Africa,Nigeria,Ebonyi,Ebonyi,False,state,High pathogenicity avian influenza viruses (Inf. with) (poultry),HPAI,H5N1,Domestic,Birds,Animal,-,-,2022|Jan-Jun 2022|Ebonyi|HPAI|H5N1,animal_row,True,,500.0,500.0,400.0,0.0,100.0,0.0
774,2022,Jan-Jun 2022,Africa,Nigeria,Ebonyi,Ebonyi,False,state,Rabies virus (Inf. with),Rabies,RABV,Both animal categories,,-,-,-,2022|Jan-Jun 2022|Ebonyi|Rabies|RABV,outbreak_row,True,1.0,,,,,,
775,2022,Jan-Jun 2022,Africa,Nigeria,Ebonyi,Ebonyi,False,state,Rabies virus (Inf. with),Rabies,RABV,Domestic,Dogs,Animal,-,-,2022|Jan-Jun 2022|Ebonyi|Rabies|RABV,animal_row,True,,79.0,3.0,3.0,0.0,0.0,0.0
776,2022,Jan-Jun 2022,Africa,Nigeria,Edo,Edo,False,state,High pathogenicity avian influenza viruses (Inf. with) (poultry),HPAI,H5N1,Domestic,,-,-,-,2022|Jan-Jun 2022|Edo|HPAI|H5N1,outbreak_row,True,2.0,,,,,,
777,2022,Jan-Jun 2022,Africa,Nigeria,Edo,Edo,False,state,High pathogenicity avian influenza viruses (Inf. with) (poultry),HPAI,H5N1,Domestic,Birds,Animal,-,-,2022|Jan-Jun 2022|Edo|HPAI|H5N1,animal_row,True,,13000.0,13000.0,12374.0,0.0,626.0,0.0
778,2022,Jan-Jun 2022,Africa,Nigeria,Ekiti,Ekiti,False,state,Rabies virus (Inf. with),Rabies,RABV,Both animal categories,,-,-,-,2022|Jan-Jun 2022|Ekiti|Rabies|RABV,outbreak_row,True,2.0,,,,,,
779,2022,Jan-Jun 2022,Africa,Nigeria,Ekiti,Ekiti,False,state,Rabies virus (Inf. with),Rabies,RABV,Domestic,Dogs,Animal,-,-,2022|Jan-Jun 2022|Ekiti|Rabies|RABV,animal_row,True,,44.0,2.0,2.0,0.0,0.0,0.0
780,2022,Jan-Jun 2022,Africa,Nigeria,Federal Capital Territory,Federal Capital Territory,False,state,High pathogenicity avian influenza viruses (Inf. with) (poultry),HPAI,H5N1,Domestic,,-,-,-,2022|Jan-Jun 2022|Federal Capital Territory|HPAI|H5N1,outbreak_row,True,6.0,,,,,,
781,2022,Jan-Jun 2022,Africa,Nigeria,Federal Capital Territory,Federal Capital Territory,False,state,High pathogenicity avian influenza viruses (Inf. with) (poultry),HPAI,H5N1,Domestic,Birds,Animal,-,-,2022|Jan-Jun 2022|Federal Capital Territory|HPAI|H5N1,animal_row,True,,41809.0,41809.0,33888.0,0.0,7921.0,0.0
782,2022,Jan-Jun 2022,Africa,Nigeria,Gombe,Gombe,False,state,High pathogenicity avian influenza viruses (Inf. with) (poultry),HPAI,H5N1,Domestic,,-,-,-,2022|Jan-Jun 2022|Gombe|HPAI|H5N1,outbreak_row,True,6.0,,,,,,
783,2022,Jan-Jun 2022,Africa,Nigeria,Gombe,Gombe,False,state,High pathogenicity avian influenza viruses (Inf. with) (poultry),HPAI,H5N1,Domestic,Birds,Animal,-,-,2022|Jan-Jun 2022|Gombe|HPAI|H5N1,animal_row,True,,17584.0,17584.0,13057.0,0.0,4527.0,0.0
784,2022,Jan-Jun 2022,Africa,Nigeria,Gombe,Gombe,False,state,Rabies virus (Inf. with),Rabies,RABV,Both animal categories,,-,-,-,2022|Jan-Jun 2022|Gombe|Rabies|RABV,outbreak_row,True,1.0,,,,,,
785,2022,Jan-Jun 2022,Africa,Nigeria,Gombe,Gombe,False,state,Rabies virus (Inf. with),Rabies,RABV,Domestic,Dogs,Animal,-,-,2022|Jan-Jun 2022|Gombe|Rabies|RABV,animal_row,True,,12.0,1.0,1.0,0.0,0.0,0.0
786,2022,Jan-Jun 2022,Africa,Nigeria,Jigawa,Jigawa,False,state,High pathogenicity avian influenza viruses (Inf. with) (poultry),HPAI,H5N1,Domestic,,-,-,-,2022|Jan-Jun 2022|Jigawa|HPAI|H5N1,outbreak_row,True,1.0,,,,,,
787,2022,Jan-Jun 2022,Africa,Nigeria,Jigawa,Jigawa,False,state,High pathogenicity avian influenza viruses (Inf. with) (poultry),HPAI,H5N1,Domestic,Birds,Animal,-,-,2022|Jan-Jun 2022|Jigawa|HPAI|H5N1,animal_row,True,,600.0,600.0,111.0,0.0,489.0,0.0
788,2022,Jan-Jun 2022,Africa,Nigeria,Kaduna,Kaduna,False,state,High pathogenicity avian influenza viruses (Inf. with) (poultry),HPAI,H5N1,Domestic,,-,-,-,2022|Jan-Jun 2022|Kaduna|HPAI|H5N1,outbreak_row,True,7.0,,,,,,
789,2022,Jan-Jun 2022,Africa,Nigeria,Kaduna,Kaduna,False,state,High pathogenicity avian influenza viruses (Inf. with) (poultry),HPAI,H5N1,Domestic,Birds,Animal,-,-,2022|Jan-Jun 2022|Kaduna|HPAI|H5N1,animal_row,True,,114700.0,114700.0,93537.0,0.0,21163.0,0.0
790,2022,Jan-Jun 2022,Africa,Nigeria,Kaduna,Kaduna,False,state,Rabies virus (Inf. with),Rabies,RABV,Both animal categories,,-,-,-,2022|Jan-Jun 2022|Kaduna|Rabies|RABV,outbreak_row,True,2.0,,,,,,
791,2022,Jan-Jun 2022,Africa,Nigeria,Kaduna,Kaduna,False,state,Rabies virus (Inf. with),Rabies,RABV,Domestic,Goats,Animal,-,-,2022|Jan-Jun 2022|Kaduna|Rabies|RABV,animal_row,True,,20.0,1.0,1.0,0.0,0.0,0.0
792,2022,Jan-Jun 2022,Africa,Nigeria,Kaduna,Kaduna,False,state,Rabies virus (Inf. with),Rabies,RABV,Domestic,Dogs,Animal,-,-,2022|Jan-Jun 2022|Kaduna|Rabies|RABV,animal_row,True,,18.0,1.0,1.0,0.0,0.0,0.0
793,2022,Jan-Jun 2022,Africa,Nigeria,Kano,Kano,False,state,High pathogenicity avian influenza viruses (Inf. with) (poultry),HPAI,H5N1,Domestic,,-,-,-,2022|Jan-Jun 2022|Kano|HPAI|H5N1,outbreak_row,True,37.0,,,,,,
794,2022,Jan-Jun 2022,Africa,Nigeria,Kano,Kano,False,state,High pathogenicity avian influenza viruses (Inf. with) (poultry),HPAI,H5N1,Domestic,Birds,Animal,-,-,2022|Jan-Jun 2022|Kano|HPAI|H5N1,animal_row,True,,187359.0,187359.0,134299.0,0.0,53060.0,1500.0
795,2022,Jan-Jun 2022,Africa,Nigeria,Kano,Kano,False,state,Rabies virus (Inf. with),Rabies,RABV,Both animal categories,,-,-,-,2022|Jan-Jun 2022|Kano|Rabies|RABV,outbreak_row,True,11.0,,,,,,
796,2022,Jan-Jun 2022,Africa,Nigeria,Kano,Kano,False,state,Rabies virus (Inf. with),Rabies,RABV,Domestic,Dogs,Animal,-,-,2022|Jan-Jun 2022|Kano|Rabies|RABV,animal_row,True,,238.0,10.0,7.0,0.0,3.0,0.0
797,2022,Jan-Jun 2022,Africa,Nigeria,Kano,Kano,False,state,Rabies virus (Inf. with),Rabies,RABV,Domestic,Sheep,Animal,-,-,2022|Jan-Jun 2022|Kano|Rabies|RABV,animal_row,True,,25.0,1.0,1.0,0.0,0.0,0.0
798,2022,Jan-Jun 2022,Africa,Nigeria,Katsina,Katsina,False,state,High pathogenicity avian influenza viruses (Inf. with) (poultry),HPAI,H5N1,Domestic,,-,-,-,2022|Jan-Jun 2022|Katsina|HPAI|H5N1,outbreak_row,True,8.0,,,,,,
799,2022,Jan-Jun 2022,Africa,Nigeria,Katsina,Katsina,False,state,High pathogenicity avian influenza viruses (Inf. with) (poultry),HPAI,H5N1,Domestic,Birds,Animal,-,-,2022|Jan-Jun 2022|Katsina|HPAI|H5N1,animal_row,True,,114539.0,114539.0,112347.0,0.0,2192.0,0.0
800,2022,Jan-Jun 2022,Africa,Nigeria,Kebbi,Kebbi,False,state,High pathogenicity avian influenza viruses (Inf. with) (poultry),HPAI,H5N1,Domestic,,-,-,-,2022|Jan-Jun 2022|Kebbi|HPAI|H5N1,outbreak_row,True,2.0,,,,,,
801,2022,Jan-Jun 2022,Africa,Nigeria,Kebbi,Kebbi,False,state,High pathogenicity avian influenza viruses (Inf. with) (poultry),HPAI,H5N1,Domestic,Birds,Animal,-,-,2022|Jan-Jun 2022|Kebbi|HPAI|H5N1,animal_row,True,,175.0,175.0,60.0,0.0,115.0,0.0
802,2022,Jan-Jun 2022,Africa,Nigeria,Kogi,Kogi,False,state,High pathogenicity avian influenza viruses (Inf. with) (poultry),HPAI,H5N1,Domestic,,-,-,-,2022|Jan-Jun 2022|Kogi|HPAI|H5N1,outbreak_row,True,1.0,,,,,,
803,2022,Jan-Jun 2022,Africa,Nigeria,Kogi,Kogi,False,state,High pathogenicity avian influenza viruses (Inf. with) (poultry),HPAI,H5N1,Domestic,Birds,Animal,-,-,2022|Jan-Jun 2022|Kogi|HPAI|H5N1,animal_row,True,,2000.0,2000.0,1950.0,0.0,50.0,0.0
804,2022,Jan-Jun 2022,Africa,Nigeria,Nassarawa,Nasarawa,True,state,High pathogenicity avian influenza viruses (Inf. with) (poultry),HPAI,H5N1,Domestic,,-,-,-,2022|Jan-Jun 2022|Nassarawa|HPAI|H5N1,outbreak_row,True,7.0,,,,,,
805,2022,Jan-Jun 2022,Africa,Nigeria,Nassarawa,Nasarawa,True,state,High pathogenicity avian influenza viruses (Inf. with) (poultry),HPAI,H5N1,Domestic,Birds,Animal,-,-,2022|Jan-Jun 2022|Nassarawa|HPAI|H5N1,animal_row,True,,30418.0,30418.0,20638.0,0.0,9780.0,0.0
806,2022,Jan-Jun 2022,Africa,Nigeria,Nassarawa,Nasarawa,True,state,Rabies virus (Inf. with),Rabies,RABV,Both animal categories,,-,-,-,2022|Jan-Jun 2022|Nassarawa|Rabies|RABV,outbreak_row,True,2.0,,,,,,
807,2022,Jan-Jun 2022,Africa,Nigeria,Nassarawa,Nasarawa,True,state,Rabies virus (Inf. with),Rabies,RABV,Domestic,Dogs,Animal,-,-,2022|Jan-Jun 2022|Nassarawa|Rabies|RABV,animal_row,True,,40.0,2.0,2.0,0.0,0.0,0.0
808,2022,Jan-Jun 2022,Africa,Nigeria,Niger,Niger,False,state,High pathogenicity avian influenza viruses (Inf. with) (poultry),HPAI,H5N1,Domestic,,-,-,-,2022|Jan-Jun 2022|Niger|HPAI|H5N1,outbreak_row,True,3.0,,,,,,
809,2022,Jan-Jun 2022,Africa,Nigeria,Niger,Niger,False,state,High pathogenicity avian influenza viruses (Inf. with) (poultry),HPAI,H5N1,Domestic,Birds,Animal,-,-,2022|Jan-Jun 2022|Niger|HPAI|H5N1,animal_row,True,,5600.0,5600.0,4110.0,0.0,1490.0,0.0
810,2022,Jan-Jun 2022,Africa,Nigeria,Niger,Niger,False,state,Rabies virus (Inf. with),Rabies,RABV,Both animal categories,,-,-,-,2022|Jan-Jun 2022|Niger|Rabies|RABV,outbreak_row,True,2.0,,,,,,
811,2022,Jan-Jun 2022,Africa,Nigeria,Niger,Niger,False,state,Rabies virus (Inf. with),Rabies,RABV,Domestic,Dogs,Animal,-,-,2022|Jan-Jun 2022|Niger|Rabies|RABV,animal_row,True,,37.0,2.0,1.0,0.0,1.0,0.0
812,2022,Jan-Jun 2022,Africa,Nigeria,Ogun,Ogun,False,state,High pathogenicity avian influenza viruses (Inf. with) (poultry),HPAI,H5N1,Domestic,,-,-,-,2022|Jan-Jun 2022|Ogun|HPAI|H5N1,outbreak_row,True,1.0,,,,,,
813,2022,Jan-Jun 2022,Africa,Nigeria,Ogun,Ogun,False,state,High pathogenicity avian influenza viruses (Inf. with) (poultry),HPAI,H5N1,Domestic,Birds,Animal,-,-,2022|Jan-Jun 2022|Ogun|HPAI|H5N1,animal_row,True,,90000.0,90000.0,83264.0,0.0,6736.0,0.0
814,2022,Jan-Jun 2022,Africa,Nigeria,Osun,Osun,False,state,Rabies virus (Inf. with),Rabies,RABV,Both animal categories,,-,-,-,2022|Jan-Jun 2022|Osun|Rabies|RABV,outbreak_row,True,1.0,,,,,,
815,2022,Jan-Jun 2022,Africa,Nigeria,Osun,Osun,False,state,Rabies virus (Inf. with),Rabies,RABV,Domestic,Dogs,Animal,-,-,2022|Jan-Jun 2022|Osun|Rabies|RABV,animal_row,True,,7.0,1.0,1.0,0.0,0.0,0.0
816,2022,Jan-Jun 2022,Africa,Nigeria,Oyo,Oyo,False,state,High pathogenicity avian influenza viruses (Inf. with) (poultry),HPAI,H5N1,Domestic,,-,-,-,2022|Jan-Jun 2022|Oyo|HPAI|H5N1,outbreak_row,True,1.0,,,,,,
817,2022,Jan-Jun 2022,Africa,Nigeria,Oyo,Oyo,False,state,High pathogenicity avian influenza viruses (Inf. with) (poultry),HPAI,H5N1,Domestic,Birds,Animal,-,-,2022|Jan-Jun 2022|Oyo|HPAI|H5N1,animal_row,True,,5.0,5.0,1.0,0.0,4.0,0.0
818,2022,Jan-Jun 2022,Africa,Nigeria,Plateau,Plateau,False,state,High pathogenicity avian influenza viruses (Inf. with) (poultry),HPAI,H5N1,Domestic,,-,-,-,2022|Jan-Jun 2022|Plateau|HPAI|H5N1,outbreak_row,True,17.0,,,,,,
819,2022,Jan-Jun 2022,Africa,Nigeria,Plateau,Plateau,False,state,High pathogenicity avian influenza viruses (Inf. with) (poultry),HPAI,H5N1,Domestic,Birds,Animal,-,-,2022|Jan-Jun 2022|Plateau|HPAI|H5N1,animal_row,True,,16493.0,15993.0,13774.0,0.0,2719.0,0.0
820,2022,Jan-Jun 2022,Africa,Nigeria,Plateau,Plateau,False,state,Rabies virus (Inf. with),Rabies,RABV,Both animal categories,,-,-,-,2022|Jan-Jun 2022|Plateau|Rabies|RABV,outbreak_row,True,37.0,,,,,,
821,2022,Jan-Jun 2022,Africa,Nigeria,Plateau,Plateau,False,state,Rabies virus (Inf. with),Rabies,RABV,Domestic,Dogs,Animal,-,-,2022|Jan-Jun 2022|Plateau|Rabies|RABV,animal_row,True,,655.0,35.0,21.0,0.0,14.0,0.0
822,2022,Jan-Jun 2022,Africa,Nigeria,Plateau,Plateau,False,state,Rabies virus (Inf. with),Rabies,RABV,Domestic,Cats,Animal,-,-,2022|Jan-Jun 2022|Plateau|Rabies|RABV,animal_row,True,,4.0,1.0,1.0,0.0,0.0,0.0
823,2022,Jan-Jun 2022,Africa,Nigeria,Plateau,Plateau,False,state,Rabies virus (Inf. with),Rabies,RABV,Wild,Lion,Animal,-,-,2022|Jan-Jun 2022|Plateau|Rabies|RABV,animal_row,True,,6.0,1.0,1.0,0.0,0.0,0.0
824,2022,Jan-Jun 2022,Africa,Nigeria,Zamfara,Zamfara,False,state,High pathogenicity avian influenza viruses (Inf. with) (poultry),HPAI,H5N1,Domestic,,-,-,-,2022|Jan-Jun 2022|Zamfara|HPAI|H5N1,outbreak_row,True,2.0,,,,,,
825,2022,Jan-Jun 2022,Africa,Nigeria,Zamfara,Zamfara,False,state,High pathogenicity avian influenza viruses (Inf. with) (poultry),HPAI,H5N1,Domestic,Birds,Animal,-,-,2022|Jan-Jun 2022|Zamfara|HPAI|H5N1,animal_row,True,,188000.0,188000.0,157500.0,0.0,30500.0,0.0
826,2022,Jul-Dec 2022,Africa,Nigeria,Akwa Ibom,Akwa Ibom,False,state,Rabies virus (Inf. with),Rabies,RABV,Both animal categories,,-,-,-,2022|Jul-Dec 2022|Akwa Ibom|Rabies|RABV,outbreak_row,True,8.0,,,,,,
827,2022,Jul-Dec 2022,Africa,Nigeria,Akwa Ibom,Akwa Ibom,False,state,Rabies virus (Inf. with),Rabies,RABV,Domestic,Dogs,Animal,-,-,2022|Jul-Dec 2022|Akwa Ibom|Rabies|RABV,animal_row,True,,74.0,8.0,5.0,0.0,4.0,0.0
828,2022,Jul-Dec 2022,Africa,Nigeria,Bauchi,Bauchi,False,state,Rabies virus (Inf. with),Rabies,RABV,Both animal categories,,-,-,-,2022|Jul-Dec 2022|Bauchi|Rabies|RABV,outbreak_row,True,8.0,,,,,,
829,2022,Jul-Dec 2022,Africa,Nigeria,Bauchi,Bauchi,False,state,Rabies virus (Inf. with),Rabies,RABV,Domestic,Dogs,Animal,-,-,2022|Jul-Dec 2022|Bauchi|Rabies|RABV,animal_row,True,,114.0,7.0,4.0,0.0,3.0,0.0
830,2022,Jul-Dec 2022,Africa,Nigeria,Bauchi,Bauchi,False,state,Rabies virus (Inf. with),Rabies,RABV,Domestic,Cats,Animal,-,-,2022|Jul-Dec 2022|Bauchi|Rabies|RABV,animal_row,True,,6.0,1.0,1.0,0.0,0.0,0.0
831,2022,Jul-Dec 2022,Africa,Nigeria,Bayelsa,Bayelsa,False,state,High pathogenicity avian influenza viruses (Inf. with) (poultry),HPAI,H5N1,Domestic,,-,-,-,2022|Jul-Dec 2022|Bayelsa|HPAI|H5N1,outbreak_row,True,2.0,,,,,,
832,2022,Jul-Dec 2022,Africa,Nigeria,Bayelsa,Bayelsa,False,state,High pathogenicity avian influenza viruses (Inf. with) (poultry),HPAI,H5N1,Domestic,Birds,Animal,-,-,2022|Jul-Dec 2022|Bayelsa|HPAI|H5N1,animal_row,True,,4000.0,4000.0,3259.0,0.0,741.0,0.0
833,2022,Jul-Dec 2022,Africa,Nigeria,Benue,Benue,False,state,Rabies virus (Inf. with),Rabies,RABV,Both animal categories,,-,-,-,2022|Jul-Dec 2022|Benue|Rabies|RABV,outbreak_row,True,1.0,,,,,,
834,2022,Jul-Dec 2022,Africa,Nigeria,Benue,Benue,False,state,Rabies virus (Inf. with),Rabies,RABV,Domestic,Dogs,Animal,-,-,2022|Jul-Dec 2022|Benue|Rabies|RABV,animal_row,True,,19.0,1.0,1.0,0.0,0.0,0.0
835,2022,Jul-Dec 2022,Africa,Nigeria,Cross River,Cross River,False,state,Rabies virus (Inf. with),Rabies,RABV,Both animal categories,,-,-,-,2022|Jul-Dec 2022|Cross River|Rabies|RABV,outbreak_row,True,2.0,,,,,,
836,2022,Jul-Dec 2022,Africa,Nigeria,Cross River,Cross River,False,state,Rabies virus (Inf. with),Rabies,RABV,Domestic,Dogs,Animal,-,-,2022|Jul-Dec 2022|Cross River|Rabies|RABV,animal_row,True,,22.0,2.0,2.0,0.0,0.0,0.0
837,2022,Jul-Dec 2022,Africa,Nigeria,Delta,Delta,False,state,High pathogenicity avian influenza viruses (Inf. with) (poultry),HPAI,H5N1,Domestic,,-,-,-,2022|Jul-Dec 2022|Delta|HPAI|H5N1,outbreak_row,True,13.0,,,,,,
838,2022,Jul-Dec 2022,Africa,Nigeria,Delta,Delta,False,state,High pathogenicity avian influenza viruses (Inf. with) (poultry),HPAI,H5N1,Domestic,Birds,Animal,-,-,2022|Jul-Dec 2022|Delta|HPAI|H5N1,animal_row,True,,38320.0,38320.0,5788.0,0.0,32532.0,0.0
839,2022,Jul-Dec 2022,Africa,Nigeria,Delta,Delta,False,state,Rabies virus (Inf. with),Rabies,RABV,Both animal categories,,-,-,-,2022|Jul-Dec 2022|Delta|Rabies|RABV,outbreak_row,True,2.0,,,,,,
840,2022,Jul-Dec 2022,Africa,Nigeria,Delta,Delta,False,state,Rabies virus (Inf. with),Rabies,RABV,Domestic,Dogs,Animal,-,-,2022|Jul-Dec 2022|Delta|Rabies|RABV,animal_row,True,,22.0,2.0,2.0,0.0,1.0,0.0
841,2022,Jul-Dec 2022,Africa,Nigeria,Ebonyi,Ebonyi,False,state,Rabies virus (Inf. with),Rabies,RABV,Both animal categories,,-,-,-,2022|Jul-Dec 2022|Ebonyi|Rabies|RABV,outbreak_row,True,5.0,,,,,,
842,2022,Jul-Dec 2022,Africa,Nigeria,Ebonyi,Ebonyi,False,state,Rabies virus (Inf. with),Rabies,RABV,Domestic,Dogs,Animal,-,-,2022|Jul-Dec 2022|Ebonyi|Rabies|RABV,animal_row,True,,104.0,5.0,5.0,0.0,0.0,0.0
843,2022,Jul-Dec 2022,Africa,Nigeria,Ekiti,Ekiti,False,state,Rabies virus (Inf. with),Rabies,RABV,Both animal categories,,-,-,-,2022|Jul-Dec 2022|Ekiti|Rabies|RABV,outbreak_row,True,1.0,,,,,,
844,2022,Jul-Dec 2022,Africa,Nigeria,Ekiti,Ekiti,False,state,Rabies virus (Inf. with),Rabies,RABV,Domestic,Dogs,Animal,-,-,2022|Jul-Dec 2022|Ekiti|Rabies|RABV,animal_row,True,,8.0,1.0,1.0,0.0,0.0,0.0
845,2022,Jul-Dec 2022,Africa,Nigeria,Enugu,Enugu,False,state,Rabies virus (Inf. with),Rabies,RABV,Both animal categories,,-,-,-,2022|Jul-Dec 2022|Enugu|Rabies|RABV,outbreak_row,True,1.0,,,,,,
846,2022,Jul-Dec 2022,Africa,Nigeria,Enugu,Enugu,False,state,Rabies virus (Inf. with),Rabies,RABV,Domestic,Dogs,Animal,-,-,2022|Jul-Dec 2022|Enugu|Rabies|RABV,animal_row,True,,17.0,1.0,1.0,0.0,0.0,0.0
847,2022,Jul-Dec 2022,Africa,Nigeria,Gombe,Gombe,False,state,Rabies virus (Inf. with),Rabies,RABV,Both animal categories,,-,-,-,2022|Jul-Dec 2022|Gombe|Rabies|RABV,outbreak_row,True,3.0,,,,,,
848,2022,Jul-Dec 2022,Africa,Nigeria,Gombe,Gombe,False,state,Rabies virus (Inf. with),Rabies,RABV,Domestic,Dogs,Animal,-,-,2022|Jul-Dec 2022|Gombe|Rabies|RABV,animal_row,True,,59.0,3.0,3.0,0.0,0.0,0.0
849,2022,Jul-Dec 2022,Africa,Nigeria,Kaduna,Kaduna,False,state,Rabies virus (Inf. with),Rabies,RABV,Both animal categories,,-,-,-,2022|Jul-Dec 2022|Kaduna|Rabies|RABV,outbreak_row,True,2.0,,,,,,
850,2022,Jul-Dec 2022,Africa,Nigeria,Kaduna,Kaduna,False,state,Rabies virus (Inf. with),Rabies,RABV,Domestic,Dogs,Animal,-,-,2022|Jul-Dec 2022|Kaduna|Rabies|RABV,animal_row,True,,26.0,2.0,2.0,0.0,0.0,0.0
851,2022,Jul-Dec 2022,Africa,Nigeria,Kano,Kano,False,state,Rabies virus (Inf. with),Rabies,RABV,Both animal categories,,-,-,-,2022|Jul-Dec 2022|Kano|Rabies|RABV,outbreak_row,True,2.0,,,,,,
852,2022,Jul-Dec 2022,Africa,Nigeria,Kano,Kano,False,state,Rabies virus (Inf. with),Rabies,RABV,Domestic,Cattle,Animal,-,-,2022|Jul-Dec 2022|Kano|Rabies|RABV,animal_row,True,,27.0,1.0,1.0,0.0,0.0,0.0
853,2022,Jul-Dec 2022,Africa,Nigeria,Kano,Kano,False,state,Rabies virus (Inf. with),Rabies,RABV,Domestic,Dogs,Animal,-,-,2022|Jul-Dec 2022|Kano|Rabies|RABV,animal_row,True,,21.0,1.0,1.0,0.0,0.0,0.0
854,2022,Jul-Dec 2022,Africa,Nigeria,Lagos,Lagos,False,state,High pathogenicity avian influenza viruses (Inf. with) (poultry),HPAI,H5N1,Domestic,,-,-,-,2022|Jul-Dec 2022|Lagos|HPAI|H5N1,outbreak_row,True,8.0,,,,,,
855,2022,Jul-Dec 2022,Africa,Nigeria,Lagos,Lagos,False,state,High pathogenicity avian influenza viruses (Inf. with) (poultry),HPAI,H5N1,Domestic,Birds,Animal,-,-,2022|Jul-Dec 2022|Lagos|HPAI|H5N1,animal_row,True,,21435.0,21435.0,20750.0,0.0,685.0,0.0
856,2022,Jul-Dec 2022,Africa,Nigeria,Niger,Niger,False,state,High pathogenicity avian influenza viruses (Inf. with) (poultry),HPAI,H5N1,Domestic,,-,-,-,2022|Jul-Dec 2022|Niger|HPAI|H5N1,outbreak_row,True,1.0,,,,,,
857,2022,Jul-Dec 2022,Africa,Nigeria,Niger,Niger,False,state,High pathogenicity avian influenza viruses (Inf. with) (poultry),HPAI,H5N1,Domestic,Birds,Animal,-,-,2022|Jul-Dec 2022|Niger|HPAI|H5N1,animal_row,True,,300.0,300.0,0.0,0.0,300.0,0.0
858,2022,Jul-Dec 2022,Africa,Nigeria,Ogun,Ogun,False,state,High pathogenicity avian influenza viruses (Inf. with) (poultry),HPAI,H5N1,Domestic,,-,-,-,2022|Jul-Dec 2022|Ogun|HPAI|H5N1,outbreak_row,True,2.0,,,,,,
859,2022,Jul-Dec 2022,Africa,Nigeria,Ogun,Ogun,False,state,High pathogenicity avian influenza viruses (Inf. with) (poultry),HPAI,H5N1,Domestic,Birds,Animal,-,-,2022|Jul-Dec 2022|Ogun|HPAI|H5N1,animal_row,True,,3250.0,3250.0,1080.0,0.0,2170.0,0.0
860,2022,Jul-Dec 2022,Africa,Nigeria,Ogun,Ogun,False,state,Rabies virus (Inf. with),Rabies,RABV,Both animal categories,,-,-,-,2022|Jul-Dec 2022|Ogun|Rabies|RABV,outbreak_row,True,1.0,,,,,,
861,2022,Jul-Dec 2022,Africa,Nigeria,Ogun,Ogun,False,state,Rabies virus (Inf. with),Rabies,RABV,Domestic,Dogs,Animal,-,-,2022|Jul-Dec 2022|Ogun|Rabies|RABV,animal_row,True,,13.0,1.0,1.0,0.0,0.0,0.0
862,2022,Jul-Dec 2022,Africa,Nigeria,Osun,Osun,False,state,High pathogenicity avian influenza viruses (Inf. with) (poultry),HPAI,H5N1,Domestic,,-,-,-,2022|Jul-Dec 2022|Osun|HPAI|H5N1,outbreak_row,True,1.0,,,,,,
863,2022,Jul-Dec 2022,Africa,Nigeria,Osun,Osun,False,state,High pathogenicity avian influenza viruses (Inf. with) (poultry),HPAI,H5N1,Domestic,Birds,Animal,-,-,2022|Jul-Dec 2022|Osun|HPAI|H5N1,animal_row,True,,350.0,350.0,105.0,0.0,245.0,0.0
864,2022,Jul-Dec 2022,Africa,Nigeria,Oyo,Oyo,False,state,High pathogenicity avian influenza viruses (Inf. with) (poultry),HPAI,H5N1,Domestic,,-,-,-,2022|Jul-Dec 2022|Oyo|HPAI|H5N1,outbreak_row,True,1.0,,,,,,
865,2022,Jul-Dec 2022,Africa,Nigeria,Oyo,Oyo,False,state,High pathogenicity avian influenza viruses (Inf. with) (poultry),HPAI,H5N1,Domestic,Birds,Animal,-,-,2022|Jul-Dec 2022|Oyo|HPAI|H5N1,animal_row,True,,2000.0,2000.0,1500.0,0.0,500.0,0.0
866,2022,Jul-Dec 2022,Africa,Nigeria,Oyo,Oyo,False,state,Rabies virus (Inf. with),Rabies,RABV,Both animal categories,,-,-,-,2022|Jul-Dec 2022|Oyo|Rabies|RABV,outbreak_row,True,1.0,,,,,,
867,2022,Jul-Dec 2022,Africa,Nigeria,Oyo,Oyo,False,state,Rabies virus (Inf. with),Rabies,RABV,Domestic,Dogs,Animal,-,-,2022|Jul-Dec 2022|Oyo|Rabies|RABV,animal_row,True,,16.0,1.0,1.0,0.0,0.0,0.0
868,2022,Jul-Dec 2022,Africa,Nigeria,Plateau,Plateau,False,state,High pathogenicity avian influenza viruses (Inf. with) (poultry),HPAI,H5N1,Domestic,,-,-,-,2022|Jul-Dec 2022|Plateau|HPAI|H5N1,outbreak_row,True,1.0,,,,,,
869,2022,Jul-Dec 2022,Africa,Nigeria,Plateau,Plateau,False,state,High pathogenicity avian influenza viruses (Inf. with) (poultry),HPAI,H5N1,Domestic,Birds,Animal,-,-,2022|Jul-Dec 2022|Plateau|HPAI|H5N1,animal_row,True,,30000.0,30000.0,18000.0,0.0,12000.0,0.0
870,2022,Jul-Dec 2022,Africa,Nigeria,Plateau,Plateau,False,state,Rabies virus (Inf. with),Rabies,RABV,Both animal categories,,-,-,-,2022|Jul-Dec 2022|Plateau|Rabies|RABV,outbreak_row,True,73.0,,,,,,
871,2022,Jul-Dec 2022,Africa,Nigeria,Plateau,Plateau,False,state,Rabies virus (Inf. with),Rabies,RABV,Domestic,Dogs,Animal,-,-,2022|Jul-Dec 2022|Plateau|Rabies|RABV,animal_row,True,,2100.0,71.0,51.0,0.0,20.0,0.0
872,2022,Jul-Dec 2022,Africa,Nigeria,Plateau,Plateau,False,state,Rabies virus (Inf. with),Rabies,RABV,Domestic,Cats,Animal,-,-,2022|Jul-Dec 2022|Plateau|Rabies|RABV,animal_row,True,,17.0,2.0,2.0,0.0,0.0,0.0
873,2022,Jul-Dec 2022,Africa,Nigeria,Rivers,Rivers,False,state,High pathogenicity avian influenza viruses (Inf. with) (poultry),HPAI,H5N1,Domestic,,-,-,-,2022|Jul-Dec 2022|Rivers|HPAI|H5N1,outbreak_row,True,1.0,,,,,,
874,2022,Jul-Dec 2022,Africa,Nigeria,Rivers,Rivers,False,state,High pathogenicity avian influenza viruses (Inf. with) (poultry),HPAI,H5N1,Domestic,Birds,Animal,-,-,2022|Jul-Dec 2022|Rivers|HPAI|H5N1,animal_row,True,,1450.0,1450.0,625.0,0.0,825.0,0.0
875,2022,Jul-Dec 2022,Africa,Nigeria,Sokoto,Sokoto,False,state,High pathogenicity avian influenza viruses (Inf. with) (poultry),HPAI,H5N1,Domestic,,-,-,-,2022|Jul-Dec 2022|Sokoto|HPAI|H5N1,outbreak_row,True,1.0,,,,,,
876,2022,Jul-Dec 2022,Africa,Nigeria,Sokoto,Sokoto,False,state,High pathogenicity avian influenza viruses (Inf. with) (poultry),HPAI,H5N1,Domestic,Birds,Animal,-,-,2022|Jul-Dec 2022|Sokoto|HPAI|H5N1,animal_row,True,,700.0,700.0,200.0,0.0,500.0,0.0
877,2022,Jul-Dec 2022,Africa,Nigeria,Yobe,Yobe,False,state,Rabies virus (Inf. with),Rabies,RABV,Both animal categories,,-,-,-,2022|Jul-Dec 2022|Yobe|Rabies|RABV,outbreak_row,True,1.0,,,,,,
878,2022,Jul-Dec 2022,Africa,Nigeria,Yobe,Yobe,False,state,Rabies virus (Inf. with),Rabies,RABV,Domestic,Cats,Animal,-,-,2022|Jul-Dec 2022|Yobe|Rabies|RABV,animal_row,True,,5.0,1.0,1.0,0.0,0.0,0.0
879,2023,Jan-Jun 2023,Africa,Nigeria,Bauchi,Bauchi,False,state,High pathogenicity avian influenza viruses (Inf. with) (poultry),HPAI,H5N1,Domestic,,-,-,-,2023|Jan-Jun 2023|Bauchi|HPAI|H5N1,outbreak_row,True,1.0,,,,,,
880,2023,Jan-Jun 2023,Africa,Nigeria,Bauchi,Bauchi,False,state,High pathogenicity avian influenza viruses (Inf. with) (poultry),HPAI,H5N1,Domestic,Birds,Animal,-,-,2023|Jan-Jun 2023|Bauchi|HPAI|H5N1,animal_row,True,,1000.0,1000.0,800.0,0.0,200.0,0.0
881,2023,Jan-Jun 2023,Africa,Nigeria,Bauchi,Bauchi,False,state,Rabies virus (Inf. with),Rabies,RABV,Both animal categories,,-,-,-,2023|Jan-Jun 2023|Bauchi|Rabies|RABV,outbreak_row,True,7.0,,,,,,
882,2023,Jan-Jun 2023,Africa,Nigeria,Bauchi,Bauchi,False,state,Rabies virus (Inf. with),Rabies,RABV,Domestic,Dogs,Animal,-,-,2023|Jan-Jun 2023|Bauchi|Rabies|RABV,animal_row,True,,65.0,5.0,5.0,0.0,0.0,0.0
883,2023,Jan-Jun 2023,Africa,Nigeria,Bauchi,Bauchi,False,state,Rabies virus (Inf. with),Rabies,RABV,Domestic,Cats,Animal,-,-,2023|Jan-Jun 2023|Bauchi|Rabies|RABV,animal_row,True,,13.0,2.0,2.0,0.0,0.0,0.0
884,2023,Jan-Jun 2023,Africa,Nigeria,Ekiti,Ekiti,False,state,High pathogenicity avian influenza viruses (Inf. with) (poultry),HPAI,H5N1,Domestic,,-,-,-,2023|Jan-Jun 2023|Ekiti|HPAI|H5N1,outbreak_row,True,1.0,,,,,,
885,2023,Jan-Jun 2023,Africa,Nigeria,Ekiti,Ekiti,False,state,High pathogenicity avian influenza viruses (Inf. with) (poultry),HPAI,H5N1,Domestic,Birds,Animal,-,-,2023|Jan-Jun 2023|Ekiti|HPAI|H5N1,animal_row,True,,609.0,609.0,304.0,0.0,305.0,0.0
886,2023,Jan-Jun 2023,Africa,Nigeria,Gombe,Gombe,False,state,Rabies virus (Inf. with),Rabies,,Domestic,Dogs,Animal,-,-,2023|Jan-Jun 2023|Gombe|Rabies|,animal_row,True,,29.0,2.0,2.0,0.0,0.0,0.0
887,2023,Jan-Jun 2023,Africa,Nigeria,Gombe,Gombe,False,state,Rabies virus (Inf. with),Rabies,RABV,Both animal categories,,-,-,-,2023|Jan-Jun 2023|Gombe|Rabies|RABV,outbreak_row,True,7.0,,,,,,
888,2023,Jan-Jun 2023,Africa,Nigeria,Gombe,Gombe,False,state,Rabies virus (Inf. with),Rabies,RABV,Domestic,Dogs,Animal,-,-,2023|Jan-Jun 2023|Gombe|Rabies|RABV,animal_row,True,,104.0,7.0,7.0,0.0,0.0,22.0
889,2023,Jan-Jun 2023,Africa,Nigeria,Imo,Imo,False,state,High pathogenicity avian influenza viruses (Inf. with) (poultry),HPAI,H5N1,Domestic,,-,-,-,2023|Jan-Jun 2023|Imo|HPAI|H5N1,outbreak_row,True,1.0,,,,,,
890,2023,Jan-Jun 2023,Africa,Nigeria,Imo,Imo,False,state,High pathogenicity avian influenza viruses (Inf. with) (poultry),HPAI,H5N1,Domestic,Birds,Animal,-,-,2023|Jan-Jun 2023|Imo|HPAI|H5N1,animal_row,True,,1000.0,1000.0,825.0,0.0,175.0,0.0
891,2023,Jan-Jun 2023,Africa,Nigeria,Kaduna,Kaduna,False,state,Rabies virus (Inf. with),Rabies,RABV,Both animal categories,,-,-,-,2023|Jan-Jun 2023|Kaduna|Rabies|RABV,outbreak_row,True,3.0,,,,,,
892,2023,Jan-Jun 2023,Africa,Nigeria,Kaduna,Kaduna,False,state,Rabies virus (Inf. with),Rabies,RABV,Domestic,Dogs,Animal,-,-,2023|Jan-Jun 2023|Kaduna|Rabies|RABV,animal_row,True,,44.0,3.0,3.0,0.0,0.0,0.0
893,2023,Jan-Jun 2023,Africa,Nigeria,Kano,Kano,False,state,High pathogenicity avian influenza viruses (Inf. with) (poultry),HPAI,H5N1,Domestic,,-,-,-,2023|Jan-Jun 2023|Kano|HPAI|H5N1,outbreak_row,True,10.0,,,,,,
894,2023,Jan-Jun 2023,Africa,Nigeria,Kano,Kano,False,state,High pathogenicity avian influenza viruses (Inf. with) (poultry),HPAI,H5N1,Domestic,Birds,Animal,-,-,2023|Jan-Jun 2023|Kano|HPAI|H5N1,animal_row,True,,26541.0,26541.0,20467.0,0.0,6074.0,0.0
895,2023,Jan-Jun 2023,Africa,Nigeria,Kano,Kano,False,state,Rabies virus (Inf. with),Rabies,RABV,Both animal categories,,-,-,-,2023|Jan-Jun 2023|Kano|Rabies|RABV,outbreak_row,True,4.0,,,,,,
896,2023,Jan-Jun 2023,Africa,Nigeria,Kano,Kano,False,state,Rabies virus (Inf. with),Rabies,RABV,Domestic,Dogs,Animal,-,-,2023|Jan-Jun 2023|Kano|Rabies|RABV,animal_row,True,,70.0,4.0,4.0,0.0,0.0,0.0
897,2023,Jan-Jun 2023,Africa,Nigeria,Katsina,Katsina,False,state,High pathogenicity avian influenza viruses (Inf. with) (poultry),HPAI,H5N1,Domestic,,-,-,-,2023|Jan-Jun 2023|Katsina|HPAI|H5N1,outbreak_row,True,2.0,,,,,,
898,2023,Jan-Jun 2023,Africa,Nigeria,Katsina,Katsina,False,state,High pathogenicity avian influenza viruses (Inf. with) (poultry),HPAI,H5N1,Domestic,Birds,Animal,-,-,2023|Jan-Jun 2023|Katsina|HPAI|H5N1,animal_row,True,,41200.0,41200.0,29804.0,0.0,11396.0,0.0
899,2023,Jan-Jun 2023,Africa,Nigeria,Ogun,Ogun,False,state,Rabies virus (Inf. with),Rabies,RABV,Both animal categories,,-,-,-,2023|Jan-Jun 2023|Ogun|Rabies|RABV,outbreak_row,True,1.0,,,,,,
900,2023,Jan-Jun 2023,Africa,Nigeria,Ogun,Ogun,False,state,Rabies virus (Inf. with),Rabies,RABV,Domestic,Dogs,Animal,-,-,2023|Jan-Jun 2023|Ogun|Rabies|RABV,animal_row,True,,17.0,1.0,1.0,0.0,0.0,0.0
901,2023,Jan-Jun 2023,Africa,Nigeria,Plateau,Plateau,False,state,High pathogenicity avian influenza viruses (Inf. with) (poultry),HPAI,H5N1,Domestic,,-,-,-,2023|Jan-Jun 2023|Plateau|HPAI|H5N1,outbreak_row,True,1.0,,,,,,
902,2023,Jan-Jun 2023,Africa,Nigeria,Plateau,Plateau,False,state,High pathogenicity avian influenza viruses (Inf. with) (poultry),HPAI,H5N1,Domestic,Birds,Animal,-,-,2023|Jan-Jun 2023|Plateau|HPAI|H5N1,animal_row,True,,1000.0,1000.0,820.0,0.0,180.0,0.0
903,2023,Jan-Jun 2023,Africa,Nigeria,Plateau,Plateau,False,state,Rabies virus (Inf. with),Rabies,RABV,Both animal categories,,-,-,-,2023|Jan-Jun 2023|Plateau|Rabies|RABV,outbreak_row,True,21.0,,,,,,
904,2023,Jan-Jun 2023,Africa,Nigeria,Plateau,Plateau,False,state,Rabies virus (Inf. with),Rabies,RABV,Domestic,Dogs,Animal,-,-,2023|Jan-Jun 2023|Plateau|Rabies|RABV,animal_row,True,,276.0,21.0,18.0,1.0,3.0,0.0
905,2023,Jan-Jun 2023,Africa,Nigeria,Rivers,Rivers,False,state,High pathogenicity avian influenza viruses (Inf. with) (poultry),HPAI,H5N1,Domestic,,-,-,-,2023|Jan-Jun 2023|Rivers|HPAI|H5N1,outbreak_row,True,1.0,,,,,,
906,2023,Jan-Jun 2023,Africa,Nigeria,Rivers,Rivers,False,state,High pathogenicity avian influenza viruses (Inf. with) (poultry),HPAI,H5N1,Domestic,Birds,Animal,-,-,2023|Jan-Jun 2023|Rivers|HPAI|H5N1,animal_row,True,,1800.0,1800.0,1650.0,0.0,150.0,0.0
907,2023,Jul-Dec 2023,Africa,Nigeria,Bauchi,Bauchi,False,state,Rabies virus (Inf. with),Rabies,RABV,Both animal categories,,-,-,-,2023|Jul-Dec 2023|Bauchi|Rabies|RABV,outbreak_row,True,17.0,,,,,,
908,2023,Jul-Dec 2023,Africa,Nigeria,Bauchi,Bauchi,False,state,Rabies virus (Inf. with),Rabies,RABV,Domestic,Dogs,Animal,-,-,2023|Jul-Dec 2023|Bauchi|Rabies|RABV,animal_row,True,,254.0,9.0,8.0,0.0,0.0,0.0
909,2023,Jul-Dec 2023,Africa,Nigeria,Bauchi,Bauchi,False,state,Rabies virus (Inf. with),Rabies,RABV,Domestic,Cats,Animal,-,-,2023|Jul-Dec 2023|Bauchi|Rabies|RABV,animal_row,True,,93.0,7.0,6.0,0.0,1.0,0.0
910,2023,Jul-Dec 2023,Africa,Nigeria,Bauchi,Bauchi,False,state,Rabies virus (Inf. with),Rabies,RABV,Domestic,Equidae,Animal,-,-,2023|Jul-Dec 2023|Bauchi|Rabies|RABV,animal_row,True,,20.0,1.0,1.0,0.0,0.0,0.0
911,2023,Jul-Dec 2023,Africa,Nigeria,Cross River,Cross River,False,state,Rabies virus (Inf. with),Rabies,RABV,Both animal categories,,-,-,-,2023|Jul-Dec 2023|Cross River|Rabies|RABV,outbreak_row,True,4.0,,,,,,
912,2023,Jul-Dec 2023,Africa,Nigeria,Cross River,Cross River,False,state,Rabies virus (Inf. with),Rabies,RABV,Domestic,Dogs,Animal,-,-,2023|Jul-Dec 2023|Cross River|Rabies|RABV,animal_row,True,,89.0,4.0,4.0,0.0,0.0,0.0
913,2023,Jul-Dec 2023,Africa,Nigeria,Delta,Delta,False,state,Rabies virus (Inf. with),Rabies,RABV,Both animal categories,,-,-,-,2023|Jul-Dec 2023|Delta|Rabies|RABV,outbreak_row,True,5.0,,,,,,
914,2023,Jul-Dec 2023,Africa,Nigeria,Delta,Delta,False,state,Rabies virus (Inf. with),Rabies,RABV,Domestic,Dogs,Animal,-,-,2023|Jul-Dec 2023|Delta|Rabies|RABV,animal_row,True,,116.0,5.0,4.0,0.0,1.0,0.0
915,2023,Jul-Dec 2023,Africa,Nigeria,Ebonyi,Ebonyi,False,state,Rabies virus (Inf. with),Rabies,RABV,Both animal categories,,-,-,-,2023|Jul-Dec 2023|Ebonyi|Rabies|RABV,outbreak_row,True,2.0,,,,,,
916,2023,Jul-Dec 2023,Africa,Nigeria,Ebonyi,Ebonyi,False,state,Rabies virus (Inf. with),Rabies,RABV,Domestic,Dogs,Animal,-,-,2023|Jul-Dec 2023|Ebonyi|Rabies|RABV,animal_row,True,,39.0,1.0,1.0,0.0,0.0,0.0
917,2023,Jul-Dec 2023,Africa,Nigeria,Ebonyi,Ebonyi,False,state,Rabies virus (Inf. with),Rabies,RABV,Domestic,Goats,Animal,-,-,2023|Jul-Dec 2023|Ebonyi|Rabies|RABV,animal_row,True,,36.0,1.0,1.0,0.0,0.0,0.0
918,2023,Jul-Dec 2023,Africa,Nigeria,Ekiti,Ekiti,False,state,Rabies virus (Inf. with),Rabies,RABV,Both animal categories,,-,-,-,2023|Jul-Dec 2023|Ekiti|Rabies|RABV,outbreak_row,True,2.0,,,,,,
919,2023,Jul-Dec 2023,Africa,Nigeria,Ekiti,Ekiti,False,state,Rabies virus (Inf. with),Rabies,RABV,Domestic,Dogs,Animal,-,-,2023|Jul-Dec 2023|Ekiti|Rabies|RABV,animal_row,True,,46.0,2.0,2.0,0.0,0.0,0.0
920,2023,Jul-Dec 2023,Africa,Nigeria,Federal Capital Territory,Federal Capital Territory,False,state,Rabies virus (Inf. with),Rabies,RABV,Both animal categories,,-,-,-,2023|Jul-Dec 2023|Federal Capital Territory|Rabies|RABV,outbreak_row,True,1.0,,,,,,
921,2023,Jul-Dec 2023,Africa,Nigeria,Federal Capital Territory,Federal Capital Territory,False,state,Rabies virus (Inf. with),Rabies,RABV,Domestic,Dogs,Animal,-,-,2023|Jul-Dec 2023|Federal Capital Territory|Rabies|RABV,animal_row,True,,13.0,1.0,1.0,0.0,0.0,0.0
922,2023,Jul-Dec 2023,Africa,Nigeria,Gombe,Gombe,False,state,Rabies virus (Inf. with),Rabies,RABV,Both animal categories,,-,-,-,2023|Jul-Dec 2023|Gombe|Rabies|RABV,outbreak_row,True,9.0,,,,,,
923,2023,Jul-Dec 2023,Africa,Nigeria,Gombe,Gombe,False,state,Rabies virus (Inf. with),Rabies,RABV,Domestic,Dogs,Animal,-,-,2023|Jul-Dec 2023|Gombe|Rabies|RABV,animal_row,True,,202.0,8.0,8.0,0.0,0.0,0.0
924,2023,Jul-Dec 2023,Africa,Nigeria,Gombe,Gombe,False,state,Rabies virus (Inf. with),Rabies,RABV,Domestic,Cats,Animal,-,-,2023|Jul-Dec 2023|Gombe|Rabies|RABV,animal_row,True,,20.0,1.0,1.0,0.0,0.0,0.0
925,2023,Jul-Dec 2023,Africa,Nigeria,Jigawa,Jigawa,False,state,Rabies virus (Inf. with),Rabies,RABV,Both animal categories,,-,-,-,2023|Jul-Dec 2023|Jigawa|Rabies|RABV,outbreak_row,True,1.0,,,,,,
926,2023,Jul-Dec 2023,Africa,Nigeria,Jigawa,Jigawa,False,state,Rabies virus (Inf. with),Rabies,RABV,Domestic,Dogs,Animal,-,-,2023|Jul-Dec 2023|Jigawa|Rabies|RABV,animal_row,True,,47.0,1.0,1.0,0.0,0.0,0.0
927,2023,Jul-Dec 2023,Africa,Nigeria,Kaduna,Kaduna,False,state,Rabies virus (Inf. with),Rabies,RABV,Both animal categories,,-,-,-,2023|Jul-Dec 2023|Kaduna|Rabies|RABV,outbreak_row,True,7.0,,,,,,
928,2023,Jul-Dec 2023,Africa,Nigeria,Kaduna,Kaduna,False,state,Rabies virus (Inf. with),Rabies,RABV,Domestic,Dogs,Animal,-,-,2023|Jul-Dec 2023|Kaduna|Rabies|RABV,animal_row,True,,204.0,7.0,7.0,0.0,0.0,0.0
929,2023,Jul-Dec 2023,Africa,Nigeria,Kano,Kano,False,state,Rabies virus (Inf. with),Rabies,RABV,Both animal categories,,-,-,-,2023|Jul-Dec 2023|Kano|Rabies|RABV,outbreak_row,True,14.0,,,,,,
930,2023,Jul-Dec 2023,Africa,Nigeria,Kano,Kano,False,state,Rabies virus (Inf. with),Rabies,RABV,Domestic,Dogs,Animal,-,-,2023|Jul-Dec 2023|Kano|Rabies|RABV,animal_row,True,,495.0,13.0,12.0,0.0,1.0,0.0
931,2023,Jul-Dec 2023,Africa,Nigeria,Kano,Kano,False,state,Rabies virus (Inf. with),Rabies,RABV,Domestic,Cattle,Animal,-,-,2023|Jul-Dec 2023|Kano|Rabies|RABV,animal_row,True,,57.0,1.0,1.0,0.0,0.0,0.0
932,2023,Jul-Dec 2023,Africa,Nigeria,Kebbi,Kebbi,False,state,Rabies virus (Inf. with),Rabies,RABV,Both animal categories,,-,-,-,2023|Jul-Dec 2023|Kebbi|Rabies|RABV,outbreak_row,True,1.0,,,,,,
933,2023,Jul-Dec 2023,Africa,Nigeria,Kebbi,Kebbi,False,state,Rabies virus (Inf. with),Rabies,RABV,Domestic,Dogs,Animal,-,-,2023|Jul-Dec 2023|Kebbi|Rabies|RABV,animal_row,True,,21.0,1.0,1.0,0.0,0.0,0.0
934,2023,Jul-Dec 2023,Africa,Nigeria,Kogi,Kogi,False,state,Rabies virus (Inf. with),Rabies,RABV,Both animal categories,,-,-,-,2023|Jul-Dec 2023|Kogi|Rabies|RABV,outbreak_row,True,1.0,,,,,,
935,2023,Jul-Dec 2023,Africa,Nigeria,Kogi,Kogi,False,state,Rabies virus (Inf. with),Rabies,RABV,Domestic,Dogs,Animal,-,-,2023|Jul-Dec 2023|Kogi|Rabies|RABV,animal_row,True,,9.0,1.0,1.0,0.0,0.0,0.0
936,2023,Jul-Dec 2023,Africa,Nigeria,Lagos,Lagos,False,state,High pathogenicity avian influenza viruses (Inf. with) (poultry),HPAI,H5N1,Domestic,,-,-,-,2023|Jul-Dec 2023|Lagos|HPAI|H5N1,outbreak_row,True,1.0,,,,,,
937,2023,Jul-Dec 2023,Africa,Nigeria,Lagos,Lagos,False,state,High pathogenicity avian influenza viruses (Inf. with) (poultry),HPAI,H5N1,Domestic,Birds,Animal,-,-,2023|Jul-Dec 2023|Lagos|HPAI|H5N1,animal_row,True,,6500.0,6500.0,5500.0,0.0,1000.0,0.0
938,2023,Jul-Dec 2023,Africa,Nigeria,Niger,Niger,False,state,Rabies virus (Inf. with),Rabies,RABV,Both animal categories,,-,-,-,2023|Jul-Dec 2023|Niger|Rabies|RABV,outbreak_row,True,1.0,,,,,,
939,2023,Jul-Dec 2023,Africa,Nigeria,Niger,Niger,False,state,Rabies virus (Inf. with),Rabies,RABV,Domestic,Dogs,Animal,-,-,2023|Jul-Dec 2023|Niger|Rabies|RABV,animal_row,True,,38.0,1.0,1.0,0.0,0.0,0.0
940,2023,Jul-Dec 2023,Africa,Nigeria,Ogun,Ogun,False,state,High pathogenicity avian influenza viruses (Inf. with) (poultry),HPAI,H5N1,Domestic,,-,-,-,2023|Jul-Dec 2023|Ogun|HPAI|H5N1,outbreak_row,True,1.0,,,,,,
941,2023,Jul-Dec 2023,Africa,Nigeria,Ogun,Ogun,False,state,High pathogenicity avian influenza viruses (Inf. with) (poultry),HPAI,H5N1,Domestic,Birds,Animal,-,-,2023|Jul-Dec 2023|Ogun|HPAI|H5N1,animal_row,True,,5098.0,5098.0,3220.0,0.0,1878.0,0.0
942,2023,Jul-Dec 2023,Africa,Nigeria,Ondo,Ondo,False,state,Rabies virus (Inf. with),Rabies,RABV,Both animal categories,,-,-,-,2023|Jul-Dec 2023|Ondo|Rabies|RABV,outbreak_row,True,1.0,,,,,,
943,2023,Jul-Dec 2023,Africa,Nigeria,Ondo,Ondo,False,state,Rabies virus (Inf. with),Rabies,RABV,Domestic,Dogs,Animal,-,-,2023|Jul-Dec 2023|Ondo|Rabies|RABV,animal_row,True,,39.0,1.0,1.0,0.0,0.0,0.0
944,2023,Jul-Dec 2023,Africa,Nigeria,Plateau,Plateau,False,state,Rabies virus (Inf. with),Rabies,RABV,Both animal categories,,-,-,-,2023|Jul-Dec 2023|Plateau|Rabies|RABV,outbreak_row,True,38.0,,,,,,
945,2023,Jul-Dec 2023,Africa,Nigeria,Plateau,Plateau,False,state,Rabies virus (Inf. with),Rabies,RABV,Domestic,Dogs,Animal,-,-,2023|Jul-Dec 2023|Plateau|Rabies|RABV,animal_row,True,,2283.0,38.0,35.0,0.0,3.0,0.0
946,2023,Jul-Dec 2023,Africa,Nigeria,Yobe,Yobe,False,state,Rabies virus (Inf. with),Rabies,RABV,Both animal categories,,-,-,-,2023|Jul-Dec 2023|Yobe|Rabies|RABV,outbreak_row,True,1.0,,,,,,
947,2023,Jul-Dec 2023,Africa,Nigeria,Yobe,Yobe,False,state,Rabies virus (Inf. with),Rabies,RABV,Domestic,Dogs,Animal,-,-,2023|Jul-Dec 2023|Yobe|Rabies|RABV,animal_row,True,,31.0,11.0,1.0,0.0,0.0,0.0
948,2023,Jul-Dec 2023,Africa,Nigeria,Zamfara,Zamfara,False,state,Rabies virus (Inf. with),Rabies,RABV,Both animal categories,,-,-,-,2023|Jul-Dec 2023|Zamfara|Rabies|RABV,outbreak_row,True,2.0,,,,,,
949,2023,Jul-Dec 2023,Africa,Nigeria,Zamfara,Zamfara,False,state,Rabies virus (Inf. with),Rabies,RABV,Domestic,Dogs,Animal,-,-,2023|Jul-Dec 2023|Zamfara|Rabies|RABV,animal_row,True,,37.0,1.0,1.0,0.0,0.0,0.0
950,2023,Jul-Dec 2023,Africa,Nigeria,Zamfara,Zamfara,False,state,Rabies virus (Inf. with),Rabies,RABV,Domestic,Sheep,Animal,-,-,2023|Jul-Dec 2023|Zamfara|Rabies|RABV,animal_row,True,,23.0,1.0,1.0,0.0,0.0,0.0
951,2024,Jan-Jun 2024,Africa,Nigeria,Akwa Ibom,Akwa Ibom,False,state,Rabies virus (Inf. with),Rabies,RABV,Domestic,,-,-,-,2024|Jan-Jun 2024|Akwa Ibom|Rabies|RABV,outbreak_row,False,1.0,,,,,,
952,2024,Jan-Jun 2024,Africa,Nigeria,Akwa Ibom,Akwa Ibom,False,state,Rabies virus (Inf. with),Rabies,RABV,Domestic,Cats,Animal,-,-,2024|Jan-Jun 2024|Akwa Ibom|Rabies|RABV,animal_row,False,,15.0,1.0,0.0,0.0,1.0,0.0
953,2024,Jan-Jun 2024,Africa,Nigeria,Bauchi,Bauchi,False,state,Rabies virus (Inf. with),Rabies,RABV,Domestic,,-,-,-,2024|Jan-Jun 2024|Bauchi|Rabies|RABV,outbreak_row,False,3.0,,,,,,
954,2024,Jan-Jun 2024,Africa,Nigeria,Bauchi,Bauchi,False,state,Rabies virus (Inf. with),Rabies,RABV,Domestic,Dogs,Animal,-,-,2024|Jan-Jun 2024|Bauchi|Rabies|RABV,animal_row,False,,78.0,3.0,3.0,0.0,1.0,0.0
955,2024,Jan-Jun 2024,Africa,Nigeria,Cross River,Cross River,False,state,Rabies virus (Inf. with),Rabies,RABV,Domestic,,-,-,-,2024|Jan-Jun 2024|Cross River|Rabies|RABV,outbreak_row,False,1.0,,,,,,
956,2024,Jan-Jun 2024,Africa,Nigeria,Cross River,Cross River,False,state,Rabies virus (Inf. with),Rabies,RABV,Domestic,Dogs,Animal,-,-,2024|Jan-Jun 2024|Cross River|Rabies|RABV,animal_row,False,,38.0,1.0,1.0,0.0,0.0,0.0
957,2024,Jan-Jun 2024,Africa,Nigeria,Delta,Delta,False,state,Rabies virus (Inf. with),Rabies,RABV,Domestic,,-,-,-,2024|Jan-Jun 2024|Delta|Rabies|RABV,outbreak_row,False,2.0,,,,,,
958,2024,Jan-Jun 2024,Africa,Nigeria,Delta,Delta,False,state,Rabies virus (Inf. with),Rabies,RABV,Domestic,Dogs,Animal,-,-,2024|Jan-Jun 2024|Delta|Rabies|RABV,animal_row,False,,42.0,2.0,2.0,0.0,0.0,0.0
959,2024,Jan-Jun 2024,Africa,Nigeria,Ebonyi,Ebonyi,False,state,Rabies virus (Inf. with),Rabies,RABV,Domestic,,-,-,-,2024|Jan-Jun 2024|Ebonyi|Rabies|RABV,outbreak_row,False,1.0,,,,,,
960,2024,Jan-Jun 2024,Africa,Nigeria,Ebonyi,Ebonyi,False,state,Rabies virus (Inf. with),Rabies,RABV,Domestic,Dogs,Animal,-,-,2024|Jan-Jun 2024|Ebonyi|Rabies|RABV,animal_row,False,,17.0,1.0,1.0,0.0,0.0,0.0
961,2024,Jan-Jun 2024,Africa,Nigeria,Federal Capital Territory,Federal Capital Territory,False,state,Rabies virus (Inf. with),Rabies,RABV,Domestic,,-,-,-,2024|Jan-Jun 2024|Federal Capital Territory|Rabies|RABV,outbreak_row,False,1.0,,,,,,
962,2024,Jan-Jun 2024,Africa,Nigeria,Federal Capital Territory,Federal Capital Territory,False,state,Rabies virus (Inf. with),Rabies,RABV,Domestic,Dogs,Animal,-,-,2024|Jan-Jun 2024|Federal Capital Territory|Rabies|RABV,animal_row,False,,3.0,1.0,1.0,0.0,0.0,0.0
963,2024,Jan-Jun 2024,Africa,Nigeria,Gombe,Gombe,False,state,Rabies virus (Inf. with),Rabies,RABV,Domestic,,-,-,-,2024|Jan-Jun 2024|Gombe|Rabies|RABV,outbreak_row,False,5.0,,,,,,
964,2024,Jan-Jun 2024,Africa,Nigeria,Gombe,Gombe,False,state,Rabies virus (Inf. with),Rabies,RABV,Domestic,Dogs,Animal,-,-,2024|Jan-Jun 2024|Gombe|Rabies|RABV,animal_row,False,,79.0,5.0,4.0,0.0,1.0,0.0
965,2024,Jan-Jun 2024,Africa,Nigeria,Gombe,Gombe,False,state,Rabies virus (Inf. with),Rabies,RABV,Domestic,Sheep,Animal,-,-,2024|Jan-Jun 2024|Gombe|Rabies|RABV,animal_row,False,,37.0,1.0,1.0,0.0,0.0,0.0
966,2024,Jan-Jun 2024,Africa,Nigeria,Kaduna,Kaduna,False,state,Rabies virus (Inf. with),Rabies,RABV,Domestic,,-,-,-,2024|Jan-Jun 2024|Kaduna|Rabies|RABV,outbreak_row,False,5.0,,,,,,
967,2024,Jan-Jun 2024,Africa,Nigeria,Kaduna,Kaduna,False,state,Rabies virus (Inf. with),Rabies,RABV,Domestic,Dogs,Animal,-,-,2024|Jan-Jun 2024|Kaduna|Rabies|RABV,animal_row,False,,137.0,6.0,5.0,0.0,1.0,0.0
968,2024,Jan-Jun 2024,Africa,Nigeria,Kano,Kano,False,state,Rabies virus (Inf. with),Rabies,RABV,Domestic,,-,-,-,2024|Jan-Jun 2024|Kano|Rabies|RABV,outbreak_row,False,9.0,,,,,,
969,2024,Jan-Jun 2024,Africa,Nigeria,Kano,Kano,False,state,Rabies virus (Inf. with),Rabies,RABV,Domestic,Dogs,Animal,-,-,2024|Jan-Jun 2024|Kano|Rabies|RABV,animal_row,False,,267.0,10.0,8.0,0.0,2.0,0.0
970,2024,Jan-Jun 2024,Africa,Nigeria,Kebbi,Kebbi,False,state,High pathogenicity avian influenza viruses (Inf. with) (poultry),HPAI,H5N1,Domestic,,-,-,-,2024|Jan-Jun 2024|Kebbi|HPAI|H5N1,outbreak_row,False,1.0,,,,,,
971,2024,Jan-Jun 2024,Africa,Nigeria,Kebbi,Kebbi,False,state,High pathogenicity avian influenza viruses (Inf. with) (poultry),HPAI,H5N1,Domestic,Birds,Animal,-,-,2024|Jan-Jun 2024|Kebbi|HPAI|H5N1,animal_row,False,,14.0,14.0,4.0,0.0,10.0,0.0
972,2024,Jan-Jun 2024,Africa,Nigeria,Kebbi,Kebbi,False,state,Rabies virus (Inf. with),Rabies,RABV,Domestic,,-,-,-,2024|Jan-Jun 2024|Kebbi|Rabies|RABV,outbreak_row,False,3.0,,,,,,
973,2024,Jan-Jun 2024,Africa,Nigeria,Kebbi,Kebbi,False,state,Rabies virus (Inf. with),Rabies,RABV,Domestic,Dogs,Animal,-,-,2024|Jan-Jun 2024|Kebbi|Rabies|RABV,animal_row,False,,75.0,3.0,3.0,0.0,0.0,0.0
974,2024,Jan-Jun 2024,Africa,Nigeria,Niger,Niger,False,state,Rabies virus (Inf. with),Rabies,RABV,Domestic,,-,-,-,2024|Jan-Jun 2024|Niger|Rabies|RABV,outbreak_row,False,2.0,,,,,,
975,2024,Jan-Jun 2024,Africa,Nigeria,Niger,Niger,False,state,Rabies virus (Inf. with),Rabies,RABV,Domestic,Dogs,Animal,-,-,2024|Jan-Jun 2024|Niger|Rabies|RABV,animal_row,False,,50.0,2.0,1.0,0.0,1.0,0.0
976,2024,Jan-Jun 2024,Africa,Nigeria,Ogun,Ogun,False,state,Rabies virus (Inf. with),Rabies,RABV,Domestic,,-,-,-,2024|Jan-Jun 2024|Ogun|Rabies|RABV,outbreak_row,False,1.0,,,,,,
977,2024,Jan-Jun 2024,Africa,Nigeria,Ogun,Ogun,False,state,Rabies virus (Inf. with),Rabies,RABV,Domestic,Cattle,Animal,-,-,2024|Jan-Jun 2024|Ogun|Rabies|RABV,animal_row,False,,75.0,1.0,1.0,0.0,0.0,0.0
978,2024,Jan-Jun 2024,Africa,Nigeria,Plateau,Plateau,False,state,High pathogenicity avian influenza viruses (Inf. with) (poultry),HPAI,H5N1,Domestic,,-,-,-,2024|Jan-Jun 2024|Plateau|HPAI|H5N1,outbreak_row,False,2.0,,,,,,
979,2024,Jan-Jun 2024,Africa,Nigeria,Plateau,Plateau,False,state,High pathogenicity avian influenza viruses (Inf. with) (poultry),HPAI,H5N1,Domestic,Birds,Animal,-,-,2024|Jan-Jun 2024|Plateau|HPAI|H5N1,animal_row,False,,2502.0,2502.0,2473.0,0.0,29.0,0.0
980,2024,Jan-Jun 2024,Africa,Nigeria,Plateau,Plateau,False,state,Rabies virus (Inf. with),Rabies,RABV,Domestic,,-,-,-,2024|Jan-Jun 2024|Plateau|Rabies|RABV,outbreak_row,False,45.0,,,,,,
981,2024,Jan-Jun 2024,Africa,Nigeria,Plateau,Plateau,False,state,Rabies virus (Inf. with),Rabies,RABV,Domestic,Dogs,Animal,-,-,2024|Jan-Jun 2024|Plateau|Rabies|RABV,animal_row,False,,823.0,45.0,38.0,0.0,7.0,0.0
982,2024,Jan-Jun 2024,Africa,Nigeria,Taraba,Taraba,False,state,Rabies virus (Inf. with),Rabies,RABV,Domestic,,-,-,-,2024|Jan-Jun 2024|Taraba|Rabies|RABV,outbreak_row,False,1.0,,,,,,
983,2024,Jan-Jun 2024,Africa,Nigeria,Taraba,Taraba,False,state,Rabies virus (Inf. with),Rabies,RABV,Domestic,Dogs,Animal,-,-,2024|Jan-Jun 2024|Taraba|Rabies|RABV,animal_row,False,,26.0,0.0,0.0,0.0,1.0,0.0
984,2024,Jan-Jun 2024,Africa,Nigeria,Yobe,Yobe,False,state,Rabies virus (Inf. with),Rabies,RABV,Domestic,,-,-,-,2024|Jan-Jun 2024|Yobe|Rabies|RABV,outbreak_row,False,2.0,,,,,,
985,2024,Jan-Jun 2024,Africa,Nigeria,Yobe,Yobe,False,state,Rabies virus (Inf. with),Rabies,RABV,Domestic,Dogs,Animal,-,-,2024|Jan-Jun 2024|Yobe|Rabies|RABV,animal_row,False,,47.0,2.0,1.0,0.0,1.0,0.0
986,2024,Jan-Jun 2024,Africa,Nigeria,Zamfara,Zamfara,False,state,Rabies virus (Inf. with),Rabies,RABV,Domestic,,-,-,-,2024|Jan-Jun 2024|Zamfara|Rabies|RABV,outbreak_row,False,1.0,,,,,,
987,2024,Jan-Jun 2024,Africa,Nigeria,Zamfara,Zamfara,False,state,Rabies virus (Inf. with),Rabies,RABV,Domestic,Dogs,Animal,-,-,2024|Jan-Jun 2024|Zamfara|Rabies|RABV,animal_row,False,,21.0,1.0,1.0,0.0,0.0,0.0
988,2024,Jul-Dec 2024,Africa,Nigeria,Adamawa,Adamawa,False,state,Rabies virus (Inf. with),Rabies,RABV,Domestic,,-,-,-,2024|Jul-Dec 2024|Adamawa|Rabies|RABV,outbreak_row,False,1.0,,,,,,
989,2024,Jul-Dec 2024,Africa,Nigeria,Adamawa,Adamawa,False,state,Rabies virus (Inf. with),Rabies,RABV,Domestic,Cats,Animal,-,-,2024|Jul-Dec 2024|Adamawa|Rabies|RABV,animal_row,False,,7.0,1.0,1.0,0.0,0.0,0.0
990,2024,Jul-Dec 2024,Africa,Nigeria,Anambra,Anambra,False,state,Rabies virus (Inf. with),Rabies,RABV,Domestic,,-,-,-,2024|Jul-Dec 2024|Anambra|Rabies|RABV,outbreak_row,False,1.0,,,,,,
991,2024,Jul-Dec 2024,Africa,Nigeria,Anambra,Anambra,False,state,Rabies virus (Inf. with),Rabies,RABV,Domestic,Dogs,Animal,-,-,2024|Jul-Dec 2024|Anambra|Rabies|RABV,animal_row,False,,11.0,1.0,1.0,0.0,0.0,0.0
992,2024,Jul-Dec 2024,Africa,Nigeria,Bauchi,Bauchi,False,state,Rabies virus (Inf. with),Rabies,RABV,Domestic,,-,-,-,2024|Jul-Dec 2024|Bauchi|Rabies|RABV,outbreak_row,False,5.0,,,,,,
993,2024,Jul-Dec 2024,Africa,Nigeria,Bauchi,Bauchi,False,state,Rabies virus (Inf. with),Rabies,RABV,Domestic,Dogs,Animal,-,-,2024|Jul-Dec 2024|Bauchi|Rabies|RABV,animal_row,False,,52.0,5.0,5.0,0.0,0.0,0.0
994,2024,Jul-Dec 2024,Africa,Nigeria,Benue,Benue,False,state,Rabies virus (Inf. with),Rabies,RABV,Domestic,,-,-,-,2024|Jul-Dec 2024|Benue|Rabies|RABV,outbreak_row,False,3.0,,,,,,
995,2024,Jul-Dec 2024,Africa,Nigeria,Benue,Benue,False,state,Rabies virus (Inf. with),Rabies,RABV,Domestic,Dogs,Animal,-,-,2024|Jul-Dec 2024|Benue|Rabies|RABV,animal_row,False,,35.0,3.0,3.0,0.0,0.0,0.0
996,2024,Jul-Dec 2024,Africa,Nigeria,Cross River,Cross River,False,state,Rabies virus (Inf. with),Rabies,RABV,Domestic,,-,-,-,2024|Jul-Dec 2024|Cross River|Rabies|RABV,outbreak_row,False,4.0,,,,,,
997,2024,Jul-Dec 2024,Africa,Nigeria,Cross River,Cross River,False,state,Rabies virus (Inf. with),Rabies,RABV,Domestic,Dogs,Animal,-,-,2024|Jul-Dec 2024|Cross River|Rabies|RABV,animal_row,False,,29.0,4.0,4.0,0.0,0.0,0.0
998,2024,Jul-Dec 2024,Africa,Nigeria,Delta,Delta,False,state,High pathogenicity avian influenza viruses (Inf. with) (poultry),HPAI,H5N1,Domestic,,-,-,-,2024|Jul-Dec 2024|Delta|HPAI|H5N1,outbreak_row,False,1.0,,,,,,
999,2024,Jul-Dec 2024,Africa,Nigeria,Delta,Delta,False,state,High pathogenicity avian influenza viruses (Inf. with) (poultry),HPAI,H5N1,Domestic,Birds,Animal,-,-,2024|Jul-Dec 2024|Delta|HPAI|H5N1,animal_row,False,,1590.0,1590.0,0.0,0.0,1590.0,0.0
1000,2024,Jul-Dec 2024,Africa,Nigeria,Delta,Delta,False,state,Rabies virus (Inf. with),Rabies,RABV,Domestic,Dogs,Animal,-,-,2024|Jul-Dec 2024|Delta|Rabies|RABV,animal_row,False,,11.0,1.0,1.0,0.0,0.0,0.0
1001,2024,Jul-Dec 2024,Africa,Nigeria,Gombe,Gombe,False,state,Rabies virus (Inf. with),Rabies,RABV,Domestic,,-,-,-,2024|Jul-Dec 2024|Gombe|Rabies|RABV,outbreak_row,False,5.0,,,,,,
1002,2024,Jul-Dec 2024,Africa,Nigeria,Gombe,Gombe,False,state,Rabies virus (Inf. with),Rabies,RABV,Domestic,Dogs,Animal,-,-,2024|Jul-Dec 2024|Gombe|Rabies|RABV,animal_row,False,,62.0,5.0,5.0,0.0,0.0,0.0
1003,2024,Jul-Dec 2024,Africa,Nigeria,Jigawa,Jigawa,False,state,Rabies virus (Inf. with),Rabies,RABV,Domestic,,-,-,-,2024|Jul-Dec 2024|Jigawa|Rabies|RABV,outbreak_row,False,4.0,,,,,,
1004,2024,Jul-Dec 2024,Africa,Nigeria,Jigawa,Jigawa,False,state,Rabies virus (Inf. with),Rabies,RABV,Domestic,Dogs,Animal,-,-,2024|Jul-Dec 2024|Jigawa|Rabies|RABV,animal_row,False,,45.0,4.0,4.0,0.0,0.0,0.0
1005,2024,Jul-Dec 2024,Africa,Nigeria,Kaduna,Kaduna,False,state,Rabies virus (Inf. with),Rabies,RABV,Domestic,,-,-,-,2024|Jul-Dec 2024|Kaduna|Rabies|RABV,outbreak_row,False,9.0,,,,,,
1006,2024,Jul-Dec 2024,Africa,Nigeria,Kaduna,Kaduna,False,state,Rabies virus (Inf. with),Rabies,RABV,Domestic,Dogs,Animal,-,-,2024|Jul-Dec 2024|Kaduna|Rabies|RABV,animal_row,False,,84.0,8.0,8.0,0.0,0.0,0.0
1007,2024,Jul-Dec 2024,Africa,Nigeria,Kaduna,Kaduna,False,state,Rabies virus (Inf. with),Rabies,RABV,Domestic,Goats,Animal,-,-,2024|Jul-Dec 2024|Kaduna|Rabies|RABV,animal_row,False,,12.0,1.0,1.0,0.0,0.0,0.0
1008,2024,Jul-Dec 2024,Africa,Nigeria,Kano,Kano,False,state,High pathogenicity avian influenza viruses (Inf. with) (poultry),HPAI,H5N1,Domestic,,-,-,-,2024|Jul-Dec 2024|Kano|HPAI|H5N1,outbreak_row,False,1.0,,,,,,
1009,2024,Jul-Dec 2024,Africa,Nigeria,Kano,Kano,False,state,High pathogenicity avian influenza viruses (Inf. with) (poultry),HPAI,H5N1,Domestic,Birds,Animal,-,-,2024|Jul-Dec 2024|Kano|HPAI|H5N1,animal_row,False,,50.0,50.0,43.0,0.0,7.0,0.0
1010,2024,Jul-Dec 2024,Africa,Nigeria,Kano,Kano,False,state,Rabies virus (Inf. with),Rabies,RABV,Domestic,Dogs,Animal,-,-,2024|Jul-Dec 2024|Kano|Rabies|RABV,animal_row,False,,37.0,3.0,3.0,0.0,0.0,0.0
1011,2024,Jul-Dec 2024,Africa,Nigeria,Kebbi,Kebbi,False,state,Rabies virus (Inf. with),Rabies,RABV,Domestic,,-,-,-,2024|Jul-Dec 2024|Kebbi|Rabies|RABV,outbreak_row,False,2.0,,,,,,
1012,2024,Jul-Dec 2024,Africa,Nigeria,Kebbi,Kebbi,False,state,Rabies virus (Inf. with),Rabies,RABV,Domestic,Dogs,Animal,-,-,2024|Jul-Dec 2024|Kebbi|Rabies|RABV,animal_row,False,,27.0,2.0,2.0,0.0,0.0,0.0
1013,2024,Jul-Dec 2024,Africa,Nigeria,Ogun,Ogun,False,state,Rabies virus (Inf. with),Rabies,RABV,Domestic,,-,-,-,2024|Jul-Dec 2024|Ogun|Rabies|RABV,outbreak_row,False,2.0,,,,,,
1014,2024,Jul-Dec 2024,Africa,Nigeria,Ogun,Ogun,False,state,Rabies virus (Inf. with),Rabies,RABV,Domestic,Dogs,Animal,-,-,2024|Jul-Dec 2024|Ogun|Rabies|RABV,animal_row,False,,14.0,2.0,2.0,0.0,0.0,0.0
1015,2024,Jul-Dec 2024,Africa,Nigeria,Osun,Osun,False,state,Rabies virus (Inf. with),Rabies,RABV,Domestic,,-,-,-,2024|Jul-Dec 2024|Osun|Rabies|RABV,outbreak_row,False,1.0,,,,,,
1016,2024,Jul-Dec 2024,Africa,Nigeria,Osun,Osun,False,state,Rabies virus (Inf. with),Rabies,RABV,Domestic,Dogs,Animal,-,-,2024|Jul-Dec 2024|Osun|Rabies|RABV,animal_row,False,,8.0,1.0,1.0,0.0,0.0,0.0
1017,2024,Jul-Dec 2024,Africa,Nigeria,Plateau,Plateau,False,state,Rabies virus (Inf. with),Rabies,RABV,Domestic,,-,-,-,2024|Jul-Dec 2024|Plateau|Rabies|RABV,outbreak_row,False,60.0,,,,,,
1018,2024,Jul-Dec 2024,Africa,Nigeria,Plateau,Plateau,False,state,Rabies virus (Inf. with),Rabies,RABV,Domestic,Dogs,Animal,-,-,2024|Jul-Dec 2024|Plateau|Rabies|RABV,animal_row,False,,648.0,57.0,52.0,0.0,5.0,1500.0
1019,2024,Jul-Dec 2024,Africa,Nigeria,Plateau,Plateau,False,state,Rabies virus (Inf. with),Rabies,RABV,Domestic,Cats,Animal,-,-,2024|Jul-Dec 2024|Plateau|Rabies|RABV,animal_row,False,,12.0,3.0,3.0,0.0,0.0,0.0
1020,2024,Jul-Dec 2024,Africa,Nigeria,Sokoto,Sokoto,False,state,Rabies virus (Inf. with),Rabies,RABV,Domestic,,-,-,-,2024|Jul-Dec 2024|Sokoto|Rabies|RABV,outbreak_row,False,1.0,,,,,,
1021,2024,Jul-Dec 2024,Africa,Nigeria,Sokoto,Sokoto,False,state,Rabies virus (Inf. with),Rabies,RABV,Domestic,Dogs,Animal,-,-,2024|Jul-Dec 2024|Sokoto|Rabies|RABV,animal_row,False,,12.0,1.0,1.0,0.0,0.0,0.0
1022,2024,Jul-Dec 2024,Africa,Nigeria,Taraba,Taraba,False,state,Rabies virus (Inf. with),Rabies,RABV,Domestic,,-,-,-,2024|Jul-Dec 2024|Taraba|Rabies|RABV,outbreak_row,False,1.0,,,,,,
1023,2024,Jul-Dec 2024,Africa,Nigeria,Taraba,Taraba,False,state,Rabies virus (Inf. with),Rabies,RABV,Domestic,Dogs,Animal,-,-,2024|Jul-Dec 2024|Taraba|Rabies|RABV,animal_row,False,,11.0,1.0,1.0,0.0,0.0,0.0
1024,2024,Jul-Dec 2024,Africa,Nigeria,Zamfara,Zamfara,False,state,Rabies virus (Inf. with),Rabies,RABV,Domestic,,-,-,-,2024|Jul-Dec 2024|Zamfara|Rabies|RABV,outbreak_row,False,2.0,,,,,,
1025,2024,Jul-Dec 2024,Africa,Nigeria,Zamfara,Zamfara,False,state,Rabies virus (Inf. with),Rabies,RABV,Domestic,Dogs,Animal,-,-,2024|Jul-Dec 2024|Zamfara|Rabies|RABV,animal_row,False,,24.0,2.0,2.0,0.0,0.0,0.0
1026,2025,Jan-Jun 2025,Africa,Nigeria,Abia,Abia,False,state,Rabies virus (Inf. with),Rabies,RABV,Domestic,,-,-,-,2025|Jan-Jun 2025|Abia|Rabies|RABV,outbreak_row,False,1.0,,,,,,
1027,2025,Jan-Jun 2025,Africa,Nigeria,Abia,Abia,False,state,Rabies virus (Inf. with),Rabies,RABV,Domestic,Dogs,Animal,-,-,2025|Jan-Jun 2025|Abia|Rabies|RABV,animal_row,False,,8.0,1.0,0.0,0.0,1.0,0.0
1028,2025,Jan-Jun 2025,Africa,Nigeria,Adamawa,Adamawa,False,state,Rabies virus (Inf. with),Rabies,RABV,Domestic,,-,-,-,2025|Jan-Jun 2025|Adamawa|Rabies|RABV,outbreak_row,False,1.0,,,,,,
1029,2025,Jan-Jun 2025,Africa,Nigeria,Adamawa,Adamawa,False,state,Rabies virus (Inf. with),Rabies,RABV,Domestic,Dogs,Animal,-,-,2025|Jan-Jun 2025|Adamawa|Rabies|RABV,animal_row,False,,13.0,1.0,1.0,0.0,0.0,0.0
1030,2025,Jan-Jun 2025,Africa,Nigeria,Bauchi,Bauchi,False,state,Rabies virus (Inf. with),Rabies,RABV,Domestic,,-,-,-,2025|Jan-Jun 2025|Bauchi|Rabies|RABV,outbreak_row,False,8.0,,,,,,
1031,2025,Jan-Jun 2025,Africa,Nigeria,Bauchi,Bauchi,False,state,Rabies virus (Inf. with),Rabies,RABV,Domestic,Dogs,Animal,-,-,2025|Jan-Jun 2025|Bauchi|Rabies|RABV,animal_row,False,,257.0,8.0,6.0,0.0,2.0,0.0
1032,2025,Jan-Jun 2025,Africa,Nigeria,Benue,Benue,False,state,Rabies virus (Inf. with),Rabies,RABV,Domestic,,-,-,-,2025|Jan-Jun 2025|Benue|Rabies|RABV,outbreak_row,False,3.0,,,,,,
1033,2025,Jan-Jun 2025,Africa,Nigeria,Benue,Benue,False,state,Rabies virus (Inf. with),Rabies,RABV,Domestic,Dogs,Animal,-,-,2025|Jan-Jun 2025|Benue|Rabies|RABV,animal_row,False,,18.0,3.0,2.0,0.0,1.0,0.0
1034,2025,Jan-Jun 2025,Africa,Nigeria,Borno,Borno,False,state,Rabies virus (Inf. with),Rabies,RABV,Domestic,,-,-,-,2025|Jan-Jun 2025|Borno|Rabies|RABV,outbreak_row,False,1.0,,,,,,
1035,2025,Jan-Jun 2025,Africa,Nigeria,Borno,Borno,False,state,Rabies virus (Inf. with),Rabies,RABV,Domestic,Dogs,Animal,-,-,2025|Jan-Jun 2025|Borno|Rabies|RABV,animal_row,False,,11.0,1.0,1.0,0.0,0.0,0.0
1036,2025,Jan-Jun 2025,Africa,Nigeria,Cross River,Cross River,False,state,Rabies virus (Inf. with),Rabies,RABV,Domestic,,-,-,-,2025|Jan-Jun 2025|Cross River|Rabies|RABV,outbreak_row,False,2.0,,,,,,
1037,2025,Jan-Jun 2025,Africa,Nigeria,Cross River,Cross River,False,state,Rabies virus (Inf. with),Rabies,RABV,Domestic,Dogs,Animal,-,-,2025|Jan-Jun 2025|Cross River|Rabies|RABV,animal_row,False,,17.0,2.0,2.0,0.0,0.0,0.0
1038,2025,Jan-Jun 2025,Africa,Nigeria,Federal Capital Territory,Federal Capital Territory,False,state,High pathogenicity avian influenza viruses (Inf. with) (poultry),HPAI,H5N1,Domestic,,-,-,-,2025|Jan-Jun 2025|Federal Capital Territory|HPAI|H5N1,outbreak_row,False,2.0,,,,,,
1039,2025,Jan-Jun 2025,Africa,Nigeria,Federal Capital Territory,Federal Capital Territory,False,state,High pathogenicity avian influenza viruses (Inf. with) (poultry),HPAI,H5N1,Domestic,Birds,Animal,-,-,2025|Jan-Jun 2025|Federal Capital Territory|HPAI|H5N1,animal_row,False,,7300.0,7300.0,6900.0,0.0,400.0,0.0
1040,2025,Jan-Jun 2025,Africa,Nigeria,Federal Capital Territory,Federal Capital Territory,False,state,Rabies virus (Inf. with),Rabies,RABV,Domestic,,-,-,-,2025|Jan-Jun 2025|Federal Capital Territory|Rabies|RABV,outbreak_row,False,1.0,,,,,,
1041,2025,Jan-Jun 2025,Africa,Nigeria,Federal Capital Territory,Federal Capital Territory,False,state,Rabies virus (Inf. with),Rabies,RABV,Domestic,Dogs,Animal,-,-,2025|Jan-Jun 2025|Federal Capital Territory|Rabies|RABV,animal_row,False,,15.0,1.0,0.0,0.0,1.0,0.0
1042,2025,Jan-Jun 2025,Africa,Nigeria,Gombe,Gombe,False,state,Rabies virus (Inf. with),Rabies,RABV,Domestic,,-,-,-,2025|Jan-Jun 2025|Gombe|Rabies|RABV,outbreak_row,False,4.0,,,,,,
1043,2025,Jan-Jun 2025,Africa,Nigeria,Gombe,Gombe,False,state,Rabies virus (Inf. with),Rabies,RABV,Domestic,Dogs,Animal,-,-,2025|Jan-Jun 2025|Gombe|Rabies|RABV,animal_row,False,,51.0,3.0,2.0,0.0,1.0,0.0
1044,2025,Jan-Jun 2025,Africa,Nigeria,Gombe,Gombe,False,state,Rabies virus (Inf. with),Rabies,RABV,Domestic,Sheep,Animal,-,-,2025|Jan-Jun 2025|Gombe|Rabies|RABV,animal_row,False,,20.0,1.0,0.0,0.0,1.0,0.0
1045,2025,Jan-Jun 2025,Africa,Nigeria,Imo,Imo,False,state,Rabies virus (Inf. with),Rabies,RABV,Domestic,,-,-,-,2025|Jan-Jun 2025|Imo|Rabies|RABV,outbreak_row,False,1.0,,,,,,
1046,2025,Jan-Jun 2025,Africa,Nigeria,Imo,Imo,False,state,Rabies virus (Inf. with),Rabies,RABV,Domestic,Dogs,Animal,-,-,2025|Jan-Jun 2025|Imo|Rabies|RABV,animal_row,False,,13.0,1.0,1.0,0.0,0.0,0.0
1047,2025,Jan-Jun 2025,Africa,Nigeria,Jigawa,Jigawa,False,state,Rabies virus (Inf. with),Rabies,RABV,Domestic,,-,-,-,2025|Jan-Jun 2025|Jigawa|Rabies|RABV,outbreak_row,False,2.0,,,,,,
1048,2025,Jan-Jun 2025,Africa,Nigeria,Jigawa,Jigawa,False,state,Rabies virus (Inf. with),Rabies,RABV,Domestic,Dogs,Animal,-,-,2025|Jan-Jun 2025|Jigawa|Rabies|RABV,animal_row,False,,26.0,2.0,2.0,0.0,0.0,0.0
1049,2025,Jan-Jun 2025,Africa,Nigeria,Kaduna,Kaduna,False,state,High pathogenicity avian influenza viruses (Inf. with) (poultry),HPAI,H5N1,Domestic,,-,-,-,2025|Jan-Jun 2025|Kaduna|HPAI|H5N1,outbreak_row,False,2.0,,,,,,
1050,2025,Jan-Jun 2025,Africa,Nigeria,Kaduna,Kaduna,False,state,High pathogenicity avian influenza viruses (Inf. with) (poultry),HPAI,H5N1,Domestic,Birds,Animal,-,-,2025|Jan-Jun 2025|Kaduna|HPAI|H5N1,animal_row,False,,66500.0,66500.0,64243.0,0.0,2257.0,0.0
1051,2025,Jan-Jun 2025,Africa,Nigeria,Kaduna,Kaduna,False,state,Rabies virus (Inf. with),Rabies,RABV,Domestic,,-,-,-,2025|Jan-Jun 2025|Kaduna|Rabies|RABV,outbreak_row,False,4.0,,,,,,
1052,2025,Jan-Jun 2025,Africa,Nigeria,Kaduna,Kaduna,False,state,Rabies virus (Inf. with),Rabies,RABV,Domestic,Dogs,Animal,-,-,2025|Jan-Jun 2025|Kaduna|Rabies|RABV,animal_row,False,,99.0,4.0,3.0,0.0,1.0,0.0
1053,2025,Jan-Jun 2025,Africa,Nigeria,Kano,Kano,False,state,High pathogenicity avian influenza viruses (Inf. with) (poultry),HPAI,H5N1,Domestic,,-,-,-,2025|Jan-Jun 2025|Kano|HPAI|H5N1,outbreak_row,False,10.0,,,,,,
1054,2025,Jan-Jun 2025,Africa,Nigeria,Kano,Kano,False,state,High pathogenicity avian influenza viruses (Inf. with) (poultry),HPAI,H5N1,Domestic,Birds,Animal,-,-,2025|Jan-Jun 2025|Kano|HPAI|H5N1,animal_row,False,,9621.0,9621.0,7929.0,0.0,1692.0,0.0
1055,2025,Jan-Jun 2025,Africa,Nigeria,Kano,Kano,False,state,Rabies virus (Inf. with),Rabies,RABV,Domestic,,-,-,-,2025|Jan-Jun 2025|Kano|Rabies|RABV,outbreak_row,False,3.0,,,,,,
1056,2025,Jan-Jun 2025,Africa,Nigeria,Kano,Kano,False,state,Rabies virus (Inf. with),Rabies,RABV,Domestic,Dogs,Animal,-,-,2025|Jan-Jun 2025|Kano|Rabies|RABV,animal_row,False,,51.0,3.0,2.0,0.0,1.0,0.0
1057,2025,Jan-Jun 2025,Africa,Nigeria,Katsina,Katsina,False,state,High pathogenicity avian influenza viruses (Inf. with) (poultry),HPAI,H5N1,Domestic,,-,-,-,2025|Jan-Jun 2025|Katsina|HPAI|H5N1,outbreak_row,False,1.0,,,,,,
1058,2025,Jan-Jun 2025,Africa,Nigeria,Katsina,Katsina,False,state,High pathogenicity avian influenza viruses (Inf. with) (poultry),HPAI,H5N1,Domestic,Birds,Animal,-,-,2025|Jan-Jun 2025|Katsina|HPAI|H5N1,animal_row,False,,325.0,325.0,160.0,,165.0,
1059,2025,Jan-Jun 2025,Africa,Nigeria,Kwara,Kwara,False,state,Rabies virus (Inf. with),Rabies,RABV,Domestic,,-,-,-,2025|Jan-Jun 2025|Kwara|Rabies|RABV,outbreak_row,False,1.0,,,,,,
1060,2025,Jan-Jun 2025,Africa,Nigeria,Kwara,Kwara,False,state,Rabies virus (Inf. with),Rabies,RABV,Domestic,Dogs,Animal,-,-,2025|Jan-Jun 2025|Kwara|Rabies|RABV,animal_row,False,,23.0,1.0,1.0,0.0,0.0,0.0
1061,2025,Jan-Jun 2025,Africa,Nigeria,Osun,Osun,False,state,Rabies virus (Inf. with),Rabies,RABV,Domestic,,-,-,-,2025|Jan-Jun 2025|Osun|Rabies|RABV,outbreak_row,False,2.0,,,,,,
1062,2025,Jan-Jun 2025,Africa,Nigeria,Osun,Osun,False,state,Rabies virus (Inf. with),Rabies,RABV,Domestic,Dogs,Animal,-,-,2025|Jan-Jun 2025|Osun|Rabies|RABV,animal_row,False,,23.0,2.0,2.0,0.0,0.0,0.0
1063,2025,Jan-Jun 2025,Africa,Nigeria,Plateau,Plateau,False,state,High pathogenicity avian influenza viruses (Inf. with) (poultry),HPAI,H5N1,Domestic,,-,-,-,2025|Jan-Jun 2025|Plateau|HPAI|H5N1,outbreak_row,False,2.0,,,,,,
1064,2025,Jan-Jun 2025,Africa,Nigeria,Plateau,Plateau,False,state,High pathogenicity avian influenza viruses (Inf. with) (poultry),HPAI,H5N1,Domestic,Birds,Animal,-,-,2025|Jan-Jun 2025|Plateau|HPAI|H5N1,animal_row,False,,3300.0,3300.0,2500.0,0.0,800.0,0.0
1065,2025,Jan-Jun 2025,Africa,Nigeria,Plateau,Plateau,False,state,Rabies virus (Inf. with),Rabies,RABV,Domestic,,-,-,-,2025|Jan-Jun 2025|Plateau|Rabies|RABV,outbreak_row,False,39.0,,,,,,
1066,2025,Jan-Jun 2025,Africa,Nigeria,Plateau,Plateau,False,state,Rabies virus (Inf. with),Rabies,RABV,Domestic,Dogs,Animal,-,-,2025|Jan-Jun 2025|Plateau|Rabies|RABV,animal_row,False,,814.0,38.0,33.0,0.0,6.0,0.0
1067,2025,Jan-Jun 2025,Africa,Nigeria,Plateau,Plateau,False,state,Rabies virus (Inf. with),Rabies,RABV,Domestic,Cats,Animal,-,-,2025|Jan-Jun 2025|Plateau|Rabies|RABV,animal_row,False,,5.0,1.0,1.0,0.0,0.0,0.0
1068,2025,Jan-Jun 2025,Africa,Nigeria,Zamfara,Zamfara,False,state,High pathogenicity avian influenza viruses (Inf. with) (poultry),HPAI,H5N1,Domestic,,-,-,-,2025|Jan-Jun 2025|Zamfara|HPAI|H5N1,outbreak_row,False,1.0,,,,,,
1069,2025,Jan-Jun 2025,Africa,Nigeria,Zamfara,Zamfara,False,state,High pathogenicity avian influenza viruses (Inf. with) (poultry),HPAI,H5N1,Domestic,Birds,Animal,-,-,2025|Jan-Jun 2025|Zamfara|HPAI|H5N1,animal_row,False,,6500.0,6500.0,2830.0,0.0,3670.0,0.0
1070,2025,Jul-Dec 2025,Africa,Nigeria,Bauchi,Bauchi,False,state,Rabies virus (Inf. with),Rabies,RABV,Domestic,,-,-,-,2025|Jul-Dec 2025|Bauchi|Rabies|RABV,outbreak_row,False,7.0,,,,,,
1071,2025,Jul-Dec 2025,Africa,Nigeria,Bauchi,Bauchi,False,state,Rabies virus (Inf. with),Rabies,RABV,Domestic,Dogs,Animal,-,-,2025|Jul-Dec 2025|Bauchi|Rabies|RABV,animal_row,False,,53.0,6.0,3.0,0.0,3.0,0.0
1072,2025,Jul-Dec 2025,Africa,Nigeria,Bauchi,Bauchi,False,state,Rabies virus (Inf. with),Rabies,RABV,Domestic,Cattle,Animal,-,-,2025|Jul-Dec 2025|Bauchi|Rabies|RABV,animal_row,False,,27.0,1.0,0.0,0.0,1.0,0.0
1073,2025,Jul-Dec 2025,Africa,Nigeria,Benue,Benue,False,state,Rabies virus (Inf. with),Rabies,RABV,Domestic,,-,-,-,2025|Jul-Dec 2025|Benue|Rabies|RABV,outbreak_row,False,4.0,,,,,,
1074,2025,Jul-Dec 2025,Africa,Nigeria,Benue,Benue,False,state,Rabies virus (Inf. with),Rabies,RABV,Domestic,Dogs,Animal,-,-,2025|Jul-Dec 2025|Benue|Rabies|RABV,animal_row,False,,36.0,4.0,0.0,0.0,4.0,0.0
1075,2025,Jul-Dec 2025,Africa,Nigeria,Gombe,Gombe,False,state,Rabies virus (Inf. with),Rabies,RABV,Domestic,,-,-,-,2025|Jul-Dec 2025|Gombe|Rabies|RABV,outbreak_row,False,1.0,,,,,,
1076,2025,Jul-Dec 2025,Africa,Nigeria,Gombe,Gombe,False,state,Rabies virus (Inf. with),Rabies,RABV,Domestic,Dogs,Animal,-,-,2025|Jul-Dec 2025|Gombe|Rabies|RABV,animal_row,False,,8.0,1.0,0.0,0.0,1.0,0.0
1077,2025,Jul-Dec 2025,Africa,Nigeria,Jigawa,Jigawa,False,state,Rabies virus (Inf. with),Rabies,RABV,Domestic,,-,-,-,2025|Jul-Dec 2025|Jigawa|Rabies|RABV,outbreak_row,False,1.0,,,,,,
1078,2025,Jul-Dec 2025,Africa,Nigeria,Jigawa,Jigawa,False,state,Rabies virus (Inf. with),Rabies,RABV,Domestic,Dogs,Animal,-,-,2025|Jul-Dec 2025|Jigawa|Rabies|RABV,animal_row,False,,12.0,1.0,0.0,0.0,1.0,0.0
1079,2025,Jul-Dec 2025,Africa,Nigeria,Kaduna,Kaduna,False,state,Rabies virus (Inf. with),Rabies,RABV,Domestic,,-,-,-,2025|Jul-Dec 2025|Kaduna|Rabies|RABV,outbreak_row,False,7.0,,,,,,
1080,2025,Jul-Dec 2025,Africa,Nigeria,Kaduna,Kaduna,False,state,Rabies virus (Inf. with),Rabies,RABV,Domestic,Dogs,Animal,-,-,2025|Jul-Dec 2025|Kaduna|Rabies|RABV,animal_row,False,,70.0,7.0,3.0,0.0,4.0,0.0
1081,2025,Jul-Dec 2025,Africa,Nigeria,Kano,Kano,False,state,High pathogenicity avian influenza viruses (Inf. with) (poultry),HPAI,H5N1,Domestic,,-,-,-,2025|Jul-Dec 2025|Kano|HPAI|H5N1,outbreak_row,False,1.0,,,,,,
1082,2025,Jul-Dec 2025,Africa,Nigeria,Kano,Kano,False,state,High pathogenicity avian influenza viruses (Inf. with) (poultry),HPAI,H5N1,Domestic,Birds,Animal,-,-,2025|Jul-Dec 2025|Kano|HPAI|H5N1,animal_row,False,,2958.0,2958.0,2274.0,0.0,684.0,0.0
1083,2025,Jul-Dec 2025,Africa,Nigeria,Kano,Kano,False,state,Rabies virus (Inf. with),Rabies,RABV,Domestic,,-,-,-,2025|Jul-Dec 2025|Kano|Rabies|RABV,outbreak_row,False,5.0,,,,,,
1084,2025,Jul-Dec 2025,Africa,Nigeria,Kano,Kano,False,state,Rabies virus (Inf. with),Rabies,RABV,Domestic,Dogs,Animal,-,-,2025|Jul-Dec 2025|Kano|Rabies|RABV,animal_row,False,,67.0,5.0,2.0,0.0,3.0,0.0
1085,2025,Jul-Dec 2025,Africa,Nigeria,Katsina,Katsina,False,state,Rabies virus (Inf. with),Rabies,RABV,Domestic,,-,-,-,2025|Jul-Dec 2025|Katsina|Rabies|RABV,outbreak_row,False,1.0,,,,,,
1086,2025,Jul-Dec 2025,Africa,Nigeria,Katsina,Katsina,False,state,Rabies virus (Inf. with),Rabies,RABV,Domestic,Goats,Animal,-,-,2025|Jul-Dec 2025|Katsina|Rabies|RABV,animal_row,False,,23.0,1.0,0.0,0.0,1.0,0.0
1087,2025,Jul-Dec 2025,Africa,Nigeria,Kebbi,Kebbi,False,state,High pathogenicity avian influenza viruses (Inf. with) (poultry),HPAI,H5N1,Domestic,,-,-,-,2025|Jul-Dec 2025|Kebbi|HPAI|H5N1,outbreak_row,False,1.0,,,,,,
1088,2025,Jul-Dec 2025,Africa,Nigeria,Kebbi,Kebbi,False,state,High pathogenicity avian influenza viruses (Inf. with) (poultry),HPAI,H5N1,Domestic,Birds,Animal,-,-,2025|Jul-Dec 2025|Kebbi|HPAI|H5N1,animal_row,False,,13425.0,13425.0,12739.0,0.0,686.0,0.0
1089,2025,Jul-Dec 2025,Africa,Nigeria,Ogun,Ogun,False,state,High pathogenicity avian influenza viruses (Inf. with) (poultry),HPAI,H5N1,Domestic,,-,-,-,2025|Jul-Dec 2025|Ogun|HPAI|H5N1,outbreak_row,False,1.0,,,,,,
1090,2025,Jul-Dec 2025,Africa,Nigeria,Ogun,Ogun,False,state,High pathogenicity avian influenza viruses (Inf. with) (poultry),HPAI,H5N1,Domestic,Birds,Animal,-,-,2025|Jul-Dec 2025|Ogun|HPAI|H5N1,animal_row,False,,6500.0,6200.0,300.0,0.0,6200.0,0.0
1091,2025,Jul-Dec 2025,Africa,Nigeria,Plateau,Plateau,False,state,High pathogenicity avian influenza viruses (Inf. with) (poultry),HPAI,H5N1,Domestic,,-,-,-,2025|Jul-Dec 2025|Plateau|HPAI|H5N1,outbreak_row,False,1.0,,,,,,
1092,2025,Jul-Dec 2025,Africa,Nigeria,Plateau,Plateau,False,state,High pathogenicity avian influenza viruses (Inf. with) (poultry),HPAI,H5N1,Domestic,Birds,Animal,-,-,2025|Jul-Dec 2025|Plateau|HPAI|H5N1,animal_row,False,,216.0,216.0,166.0,0.0,50.0,0.0
1093,2025,Jul-Dec 2025,Africa,Nigeria,Plateau,Plateau,False,state,Rabies virus (Inf. with),Rabies,RABV,Domestic,,-,-,-,2025|Jul-Dec 2025|Plateau|Rabies|RABV,outbreak_row,False,19.0,,,,,,
1094,2025,Jul-Dec 2025,Africa,Nigeria,Plateau,Plateau,False,state,Rabies virus (Inf. with),Rabies,RABV,Domestic,Dogs,Animal,-,-,2025|Jul-Dec 2025|Plateau|Rabies|RABV,animal_row,False,,144.0,14.0,7.0,0.0,7.0,0.0
1095,2025,Jul-Dec 2025,Africa,Nigeria,Plateau,Plateau,False,state,Rabies virus (Inf. with),Rabies,RABV,Domestic,Cats,Animal,-,-,2025|Jul-Dec 2025|Plateau|Rabies|RABV,animal_row,False,,22.0,4.0,1.0,0.0,3.0,0.0
1096,2025,Jul-Dec 2025,Africa,Nigeria,Plateau,Plateau,False,state,Rabies virus (Inf. with),Rabies,RABV,Domestic,Goats,Animal,-,-,2025|Jul-Dec 2025|Plateau|Rabies|RABV,animal_row,False,,21.0,1.0,1.0,0.0,0.0,0.0
1097,2025,Jul-Dec 2025,Africa,Nigeria,Sokoto,Sokoto,False,state,Rabies virus (Inf. with),Rabies,RABV,Domestic,,-,-,-,2025|Jul-Dec 2025|Sokoto|Rabies|RABV,outbreak_row,False,1.0,,,,,,
1098,2025,Jul-Dec 2025,Africa,Nigeria,Sokoto,Sokoto,False,state,Rabies virus (Inf. with),Rabies,RABV,Domestic,Dogs,Animal,-,-,2025|Jul-Dec 2025|Sokoto|Rabies|RABV,animal_row,False,,11.0,1.0,1.0,0.0,0.0,0.0
1099,2025,Jul-Dec 2025,Africa,Nigeria,Taraba,Taraba,False,state,High pathogenicity avian influenza viruses (Inf. with) (poultry),HPAI,H5N1,Domestic,,-,-,-,2025|Jul-Dec 2025|Taraba|HPAI|H5N1,outbreak_row,False,14.0,,,,,,
1100,2025,Jul-Dec 2025,Africa,Nigeria,Taraba,Taraba,False,state,High pathogenicity avian influenza viruses (Inf. with) (poultry),HPAI,H5N1,Domestic,Birds,Animal,-,-,2025|Jul-Dec 2025|Taraba|HPAI|H5N1,animal_row,False,,687.0,687.0,311.0,0.0,376.0,0.0
1101,2025,Jul-Dec 2025,Africa,Nigeria,Yobe,Yobe,False,state,Rabies virus (Inf. with),Rabies,RABV,Domestic,,-,-,-,2025|Jul-Dec 2025|Yobe|Rabies|RABV,outbreak_row,False,3.0,,,,,,
1102,2025,Jul-Dec 2025,Africa,Nigeria,Yobe,Yobe,False,state,Rabies virus (Inf. with),Rabies,RABV,Domestic,Dogs,Animal,-,-,2025|Jul-Dec 2025|Yobe|Rabies|RABV,animal_row,False,,35.0,3.0,1.0,0.0,2.0,0.0
1103,2025,Jul-Dec 2025,Africa,Nigeria,Zamfara,Zamfara,False,state,Rabies virus (Inf. with),Rabies,RABV,Domestic,,-,-,-,2025|Jul-Dec 2025|Zamfara|Rabies|RABV,outbreak_row,False,3.0,,,,,,
1104,2025,Jul-Dec 2025,Africa,Nigeria,Zamfara,Zamfara,False,state,Rabies virus (Inf. with),Rabies,RABV,Domestic,Goats,Animal,-,-,2025|Jul-Dec 2025|Zamfara|Rabies|RABV,animal_row,False,,17.0,1.0,0.0,0.0,1.0,0.0
1105,2025,Jul-Dec 2025,Africa,Nigeria,Zamfara,Zamfara,False,state,Rabies virus (Inf. with),Rabies,RABV,Domestic,Dogs,Animal,-,-,2025|Jul-Dec 2025|Zamfara|Rabies|RABV,animal_row,False,,16.0,2.0,0.0,0.0,2.0,0.0
1106,2026,Jan-Jun 2026,Africa,Nigeria,Batagarawa,Batagarawa,False,sub_state,High pathogenicity avian influenza viruses (Inf. with) (poultry),HPAI,H5N1,Domestic,Birds,Animal,3533,178211,2026|Jan-Jun 2026|Batagarawa|HPAI|H5N1,animal_row,False,1.0,3000.0,3000.0,2435.0,0.0,565.0,0.0
1107,2026,Jan-Jun 2026,Africa,Nigeria,Bauchi,Bauchi,False,state,High pathogenicity avian influenza viruses (Inf. with) (poultry),HPAI,H5N1,Domestic,Birds,Animal,3533,192114,2026|Jan-Jun 2026|Bauchi|HPAI|H5N1,animal_row,False,1.0,1400.0,1400.0,840.0,0.0,560.0,0.0
1108,2026,Jan-Jun 2026,Africa,Nigeria,Gwale,Gwale,False,sub_state,High pathogenicity avian influenza viruses (Inf. with) (poultry),HPAI,H5N1,Domestic,Birds,Animal,3533,178210,2026|Jan-Jun 2026|Gwale|HPAI|H5N1,animal_row,False,1.0,97.0,97.0,72.0,0.0,25.0,0.0
1109,2026,Jan-Jun 2026,Africa,Nigeria,Jos North,Jos North,False,sub_state,High pathogenicity avian influenza viruses (Inf. with) (poultry),HPAI,H5N1,Domestic,Birds,Animal,3533,-,2026|Jan-Jun 2026|Jos North|HPAI|H5N1,animal_row,False,2.0,950.0,890.0,856.0,0.0,94.0,0.0
1110,2026,Jan-Jun 2026,Africa,Nigeria,Toro,Toro,False,sub_state,High pathogenicity avian influenza viruses (Inf. with) (poultry),HPAI,H5N1,Domestic,Birds,Animal,3533,-,2026|Jan-Jun 2026|Toro|HPAI|H5N1,animal_row,False,3.0,21400.0,21400.0,13676.0,0.0,7724.0,0.0
1111,2026,Jan-Jun 2026,Africa,Nigeria,Ungogo,Ungogo,False,sub_state,High pathogenicity avian influenza viruses (Inf. with) (poultry),HPAI,H5N1,Domestic,Birds,Animal,3533,179492,2026|Jan-Jun 2026|Ungogo|HPAI|H5N1,animal_row,False,1.0,350.0,340.0,310.0,0.0,40.0,0.0
